{"type":"FeatureCollection","features":[{"type":"Feature","geometry":{"type":"MultiPolygon","coordinates":[[[[7.551656550609636,43.89429408336484],[7.562643515193848,43.900658745915216],[7.562939443486641,43.90233261483826],[7.562888551054157,43.90444779173747],[7.56273173527343,43.90992893413552],[7.562514867071512,43.91117768773762],[7.56235072653972,43.91178785847128],[7.562164283464171,43.91228970579604],[7.562072361869666,43.91248662582349],[7.560312026940007,43.915246526485234],[7.564352851884009,43.92144256637762],[7.568626108146452,43.92801885053335],[7.5718502189134105,43.935406004264706],[7.570891981215442,43.93889285961565],[7.567018914125474,43.944105840989465],[7.575605680476013,43.9492731423495],[7.5768770690492895,43.949784174668125],[7.578726088353999,43.94983980565022],[7.579626009936407,43.94941323199269],[7.581771864349085,43.94826494459608],[7.581824476074655,43.94864778755356],[7.581846228965449,43.948806073243645],[7.581927656928922,43.949050176282704],[7.583436247130154,43.95164386792401],[7.58388054985171,43.952351641271264],[7.584372990200263,43.95313203803766],[7.58477623663484,43.95347016000067],[7.587796008489694,43.955416250503475],[7.599530713413876,43.95711829349793],[7.612828175247462,43.95655663649707],[7.627089903108666,43.96277831944083],[7.6330923076274155,43.96621756581872],[7.640509945540209,43.97165409118548],[7.649486963260421,43.97374131037071],[7.65992114396191,43.986455405027954],[7.667290927710124,43.995364919175096],[7.670344898261953,43.99822755251763],[7.66812910449871,44.002496338942954],[7.662474825830854,44.018280647217246],[7.662281574476403,44.02354532637352],[7.662370863851945,44.026787563460516],[7.663332984343879,44.02895061619491],[7.666115496660011,44.0311169233642],[7.666411891201874,44.03125543348892],[7.67801370025516,44.033533070918715],[7.6940444441549385,44.03999698740234],[7.702851814680749,44.045166459071986],[7.702844141173163,44.04534109739772],[7.702835708991368,44.04553905570154],[7.702796798234571,44.04654333710582],[7.702805645606934,44.04728170727521],[7.702912189562133,44.04876283245419],[7.703115775660922,44.04972961798094],[7.703353413709931,44.05078119680534],[7.703535815501542,44.051575556287574],[7.705928720815879,44.055122968298235],[7.70729047400564,44.056799490077715],[7.711655419470589,44.060396089075134],[7.712766925778014,44.06095781898612],[7.713658055800134,44.061318984276696],[7.714329718480684,44.06155888102362],[7.723247706423274,44.06061601503036],[7.728974468287861,44.06426343729442],[7.728981800787943,44.06429614335163],[7.729169391420339,44.065132863503216],[7.729292203719941,44.06568048333582],[7.729722919948607,44.06717981809695],[7.730556781625752,44.06848555116289],[7.734480550696597,44.07355290630415],[7.73452143589135,44.07358940491699],[7.735644785725621,44.0745921654269],[7.736712814708365,44.07545929196088],[7.737701273826902,44.076224735272554],[7.737892293209705,44.076372652763226],[7.738978967114301,44.07688884094579],[7.740081231535876,44.0773241518831],[7.742548728498379,44.07770459639582],[7.7489120011121715,44.079554977319226],[7.754014157929956,44.082534286319095],[7.757150532528413,44.08322820484826],[7.757934061582289,44.08342579531582],[7.758455329140444,44.08358451893219],[7.759088405396502,44.08388400152117],[7.759363736547915,44.084296628964445],[7.759117488461672,44.08441779120961],[7.758809290345935,44.08456875152005],[7.758605054505653,44.08463580369017],[7.758142100938564,44.0847875400556],[7.757863224444847,44.08484566296584],[7.7577809561936215,44.08486280830973],[7.757690475744136,44.08488166494727],[7.757127628113901,44.084965577402535],[7.7560152865549306,44.08500749224787],[7.754890256333174,44.08504924715248],[7.753754835418001,44.08500085358182],[7.747919399109019,44.08458591563381],[7.742484208792271,44.08388147857581],[7.73923860176074,44.083491080208965],[7.733673150780893,44.083312484173334],[7.733355351384654,44.08344781156432],[7.7328920244464,44.08364593447214],[7.732763041704014,44.083722233716095],[7.7324961150879155,44.08388013341535],[7.732050006562413,44.08423142355057],[7.73201723252005,44.08425757629394],[7.7318244368311495,44.08449839743577],[7.724648650259215,44.0948172315496],[7.718015970637964,44.10357513500933],[7.718787952260758,44.1089677060677],[7.7200281220134,44.10994495010094],[7.721962359641497,44.112964672969014],[7.723227075056208,44.11520259772512],[7.723468128715446,44.11619564341346],[7.723123580355362,44.120817194112554],[7.7231656721769575,44.120972958005694],[7.7233412694023835,44.121524112342144],[7.723518421667457,44.122003261382524],[7.724227459837234,44.123901850041335],[7.724447246585896,44.12433131205893],[7.7246352627023676,44.12469868549182],[7.72535510130704,44.12551700278984],[7.725546639414027,44.1256629522808],[7.725615770798338,44.12571562903216],[7.7263024023107425,44.126238816345555],[7.727927540628925,44.12731929873229],[7.728020000501621,44.127357516212015],[7.728845335482495,44.127698650253],[7.730492374328913,44.127788998102325],[7.731291768181018,44.12780687915421],[7.731849469910799,44.12766639847916],[7.731883135406414,44.127657853615325],[7.732184030659006,44.127582706990374],[7.733025133311847,44.127402970298675],[7.734186153755336,44.12749707537198],[7.736679863873989,44.12793525372518],[7.737368939573128,44.128121400370866],[7.738024557883219,44.12853869686168],[7.738296675144775,44.128719658083824],[7.738518512163293,44.12886826396961],[7.744554857846111,44.13357139166498],[7.745251412559988,44.134326304099226],[7.746023890594166,44.135357169011485],[7.749651457568512,44.136002164155485],[7.755539985764288,44.13778803522347],[7.756765764273928,44.13826883832034],[7.757331193872916,44.138551850825124],[7.758054227984949,44.138913780413006],[7.763803655093977,44.14070475202274],[7.768825229656802,44.14024580741175],[7.7764216774191555,44.13859882564462],[7.784088748454375,44.135898720713904],[7.785563991226109,44.135284189937195],[7.788776883530269,44.13394081971387],[7.815310643205673,44.123244223626145],[7.8160015187470755,44.123071323278396],[7.829588185018132,44.12116768523212],[7.83979172402105,44.11974203948515],[7.843396391677468,44.120281228303845],[7.845786476524498,44.12070671315541],[7.8556457194432046,44.11950045235487],[7.861995638577846,44.11865482855935],[7.868471473531502,44.11693632899418],[7.876882777239867,44.11404821440358],[7.8823424324113605,44.108816879836645],[7.883944707240613,44.104658684247326],[7.886434475371523,44.105170026038266],[7.901865232426851,44.10769561308856],[7.916086870417736,44.109146547998314],[7.916926233413692,44.10902846309394],[7.918002965981047,44.10891262052341],[7.9190044116379505,44.10881406646888],[7.92004325409341,44.108724804638264],[7.921167564705712,44.10873548201402],[7.922200922159248,44.108943304889095],[7.923506518883505,44.10929773130492],[7.924189258316559,44.10954725256058],[7.924809529920091,44.109796184500475],[7.925089327763096,44.109918646816475],[7.9252930292520265,44.11000780338929],[7.92596246682398,44.11030220350017],[7.935425190784009,44.10101951128678],[7.942367900000837,44.10011656741009],[7.9427682262622055,44.10086530957349],[7.94306883948695,44.101078159829854],[7.943620273532908,44.10146813970289],[7.9446864132825965,44.10193715454391],[7.946117716385742,44.10224747208903],[7.9470529431600445,44.102364100499685],[7.949586238232698,44.102638789727116],[7.952200021640558,44.10291611745659],[7.952569438002406,44.102815112845306],[7.953093091881849,44.102671935650214],[7.95358803456405,44.102559240223044],[7.954246129980453,44.10261478007233],[7.9562093687179845,44.103006478114814],[7.958000582620725,44.1036917924429],[7.958780340548856,44.10410302055132],[7.960560922393369,44.105164388702526],[7.961461179745546,44.10579370567162],[7.962039799733708,44.10625845563738],[7.962341932083044,44.10662915867595],[7.962675303307703,44.10703818436906],[7.962724172992203,44.10711830724827],[7.9630879175731755,44.10771712586864],[7.9646702023455,44.1109082765774],[7.971531404279554,44.11309520242624],[7.979328247788035,44.11079823430339],[7.985947839741291,44.109216475238085],[7.989724871904993,44.10856583951526],[8.002826086059319,44.10358953946148],[8.003363378420113,44.102765783037874],[8.003447556683449,44.1027129117269],[8.003894820624526,44.10243728157171],[8.0046338394908,44.10232667919516],[8.005619987031801,44.10240718742493],[8.005993703917127,44.10243769548075],[8.006878125593566,44.102589295385286],[8.007734787822711,44.102848839115595],[8.010180932077441,44.10376943651839],[8.01096823185049,44.10423916544199],[8.012134708233809,44.10538905357112],[8.015593535655837,44.110701581737146],[8.013191656665262,44.110904362312084],[8.00595308237409,44.113416678728605],[8.004198730968424,44.114234574521916],[8.003770132515905,44.1146940674455],[8.002754930434827,44.11653650964993],[8.00401985059161,44.11691113604762],[8.009066152852363,44.11770180503301],[8.012352636738196,44.1195391666991],[8.010504652463734,44.122092482734054],[8.007011666969852,44.12478794836739],[8.003314463129033,44.12638113431106],[7.996047636795853,44.12647017655315],[7.994894529931632,44.12665810412104],[7.992789601371499,44.127110289431535],[7.992742328394914,44.12712337121379],[7.992618423807825,44.127158342113525],[7.9917327043726525,44.127409022544654],[7.991240392819612,44.12790639659316],[7.991213208408329,44.128013325072814],[7.991137988107224,44.12833191287312],[7.9910349469183375,44.1287713766623],[7.991025213386848,44.128840091813714],[7.990889077778047,44.12984357395666],[7.990964821571682,44.13018534590385],[7.991042601310249,44.130536291176945],[7.9911997674772,44.130925575574594],[7.99137813403972,44.131367359444305],[7.99083105176063,44.13241485179791],[7.9887685992899415,44.13320619584028],[7.987720721077097,44.13327119728926],[7.983416965151416,44.13352041522052],[7.982028642222301,44.13357083714643],[7.9789315342648806,44.13354202763824],[7.978773987194166,44.13663250479198],[7.978796200076598,44.13670698286363],[7.97897683516274,44.13731203837443],[7.979048561535998,44.13755126547984],[7.979466770105377,44.13819849859388],[7.979633362455454,44.13845631725444],[7.980396656930877,44.13909289787843],[7.9805936475672725,44.139257182518826],[7.984606243321405,44.14220098937812],[7.984957311541558,44.14244803685306],[7.985408504722668,44.142765472165976],[7.989025307394757,44.14469842959838],[7.9939276500114795,44.147620788908156],[8.003089813593359,44.15290621086447],[8.005918787050433,44.154217860624954],[8.009445810703474,44.155606635983695],[8.011840724452199,44.15589884303748],[8.01654144049283,44.15590334037387],[8.01795179092368,44.15574364893403],[8.029126365363433,44.15382950352648],[8.032890704035479,44.15131162573534],[8.034934689645779,44.14984781451491],[8.035241387772805,44.149621237727814],[8.036161402908334,44.14894081925097],[8.039223574293619,44.146661811548014],[8.039255155238548,44.1466376540721],[8.040223777290304,44.145895963380404],[8.040965869159121,44.14530790189287],[8.041288547881603,44.14504960826785],[8.041313369600056,44.145021170068624],[8.042144851780028,44.14405651969984],[8.04293116111411,44.14282598439387],[8.044504574505956,44.142547047179775],[8.045994088775032,44.14244269612836],[8.050241466362666,44.14259698200399],[8.052652573811233,44.14268700546442],[8.054486760003357,44.142901003019915],[8.067310193306644,44.14468992661868],[8.068204852466305,44.14497537292616],[8.069245608865128,44.145614132065376],[8.069292322702282,44.14564390464726],[8.070432869054422,44.146370815320104],[8.071023030486844,44.14680409651591],[8.071056771580503,44.146828974051246],[8.0711886566519,44.146927123874804],[8.071987058795946,44.147725151317104],[8.073007565375704,44.148795901938875],[8.074280210458987,44.15056173241427],[8.074812360867762,44.151718432236244],[8.074923610585339,44.15260164815334],[8.07477299822741,44.153437720774306],[8.074576007640536,44.15435240179954],[8.074496709195243,44.154720592837656],[8.07983323139819,44.16341836824766],[8.085520727887625,44.170432168147435],[8.090731175213826,44.173138686317955],[8.092410838830718,44.17521477212601],[8.093111813016565,44.183700742526405],[8.092294779175289,44.18445455141999],[8.092260470392292,44.18451818429192],[8.092237264865464,44.18456213799675],[8.091718738957864,44.18829116988493],[8.091934746074376,44.190078624942046],[8.093064306443125,44.193481297678034],[8.094810779306009,44.196376360337894],[8.094846588152429,44.197263703422806],[8.093743123595358,44.19858798613225],[8.087962275239557,44.20316369810657],[8.083061262696091,44.203922025640836],[8.075214018262198,44.2057178990414],[8.068180367036382,44.21315593370546],[8.067806226169385,44.21357078238523],[8.067785635740812,44.21359386585217],[8.066152256216585,44.21558130908995],[8.065583022112389,44.2163791411288],[8.06556624154636,44.216402707306315],[8.06546730048589,44.21656317460193],[8.065398676641033,44.21677480977604],[8.065363252890359,44.2169365754126],[8.066080149559179,44.22286195096592],[8.06617667029264,44.22319134773717],[8.067131691496607,44.22495024822161],[8.06793965366781,44.226212765309675],[8.068738502131467,44.22728781307089],[8.069308036364683,44.22724689550601],[8.070820307167281,44.22832971793365],[8.078085759039343,44.234104830573166],[8.080674132567589,44.23869965145053],[8.08104913486767,44.239431549016174],[8.081102908052863,44.240044104023674],[8.081020290196053,44.240557026438886],[8.080902067724319,44.24122066849147],[8.080896782671864,44.241248504051484],[8.080636133941738,44.24168402083729],[8.080619777280523,44.24171043661345],[8.071956999024454,44.24776520525652],[8.063096597996067,44.253074187949935],[8.065431642930147,44.255037966379774],[8.06633619993577,44.25562112010942],[8.066735725681475,44.2558483365083],[8.067702507380707,44.256397972327214],[8.072273124201008,44.25889300769801],[8.073505114226496,44.259416178419414],[8.074514483249942,44.259757466459476],[8.075497999357617,44.26006253846204],[8.075872065365788,44.2601401846377],[8.076671785911705,44.26030610791437],[8.081767732979468,44.26250334609243],[8.085467157116627,44.265432269979364],[8.08584452878269,44.26576367460607],[8.086653237724448,44.26650403898087],[8.087023812029374,44.26693273084997],[8.08719382410554,44.26712940549895],[8.087482702217706,44.26800474172518],[8.087582108802762,44.26880651052667],[8.087491381132535,44.269262750124355],[8.087439100106472,44.26952485516066],[8.08743333612864,44.2695520829574],[8.090698499279044,44.274796395552464],[8.09060039411334,44.2746793420073],[8.08996166412336,44.273917242899984],[8.088599798885483,44.274297958564155],[8.084085917401087,44.277075336024325],[8.082871672214559,44.27783875786301],[8.082398924971658,44.2783402863404],[8.081961377558704,44.27880485916506],[8.081734318586722,44.27941845192221],[8.081536202841153,44.2799538208416],[8.081297027398229,44.28095430341228],[8.081214064784797,44.281345810967856],[8.081016791521854,44.28246146702653],[8.080764110442159,44.28350837244472],[8.079914979757906,44.284381693485805],[8.079891177069584,44.28440612233151],[8.078004803229184,44.28626304039481],[8.077117880322167,44.286850481695744],[8.07604490141509,44.28752602817109],[8.0731594800362,44.28870905005301],[8.07001816438497,44.288582035051505],[8.06528246025667,44.28835226599507],[8.06449772379258,44.28831512413683],[8.063559482615732,44.288270709878326],[8.062694594898586,44.29138756725935],[8.060788082668497,44.29989987917803],[8.071270655888878,44.31175477794801],[8.076021701720597,44.313958461195625],[8.0776909615539,44.31375094443727],[8.077727911624711,44.313739582132364],[8.078713111928623,44.31343071518116],[8.078746297613279,44.31341436964135],[8.080010274551988,44.31278413634584],[8.08004035388915,44.31276400215995],[8.081189889000111,44.311987302455194],[8.08212717369489,44.31116331160072],[8.082245082654273,44.31094686570419],[8.082458880460418,44.31017510418898],[8.083028150685063,44.308316072876295],[8.08387242670271,44.30722449420309],[8.084475253869817,44.30664441934238],[8.084522975956858,44.30659850124082],[8.084560936101115,44.30658267931888],[8.08463768855329,44.306551214063106],[8.08561895760341,44.30614893503332],[8.091802908689775,44.304080022743584],[8.095191668182006,44.30296260790107],[8.09829909854029,44.30194080545155],[8.099892390233716,44.30145956742225],[8.101380561899399,44.301033744427286],[8.101450874135006,44.30102112167664],[8.10195677018786,44.30093101978733],[8.102768538136075,44.30438845882325],[8.10356117877454,44.3071331376264],[8.104856695644758,44.31024033369911],[8.10547204974466,44.31098279740731],[8.106525785449698,44.31164882130273],[8.106924359862598,44.31201374867353],[8.10767571132235,44.31270215357635],[8.108550325475568,44.31373531525886],[8.108998420612847,44.314929240212834],[8.109068595297563,44.31511680477634],[8.108888991271636,44.31586174107455],[8.1088605299666,44.31597957512947],[8.108820801454144,44.31614290966449],[8.108774507055749,44.31632090112064],[8.108258742842843,44.31788114793564],[8.106973959763014,44.32151734700878],[8.105568919393606,44.325116649605356],[8.105556269623907,44.32514564453732],[8.105243287304978,44.32618639575004],[8.105128422620076,44.326568399217074],[8.105039936980463,44.32786839480128],[8.105038199010993,44.327896330883206],[8.10529627746633,44.32902380408218],[8.105907839085583,44.33164748093995],[8.106436352659678,44.332372807713476],[8.106968940667066,44.332818116974636],[8.107093059685166,44.3328545976971],[8.107755650272699,44.33304933728872],[8.1078968716024,44.33306191194133],[8.10919613349941,44.333177582288656],[8.109935303913511,44.33323739576997],[8.1111758761083,44.3332650550007],[8.112900764793974,44.33330150043565],[8.124917979594233,44.33307607008359],[8.134283903003054,44.33209961653517],[8.136033914969735,44.33647626553477],[8.139244074551922,44.34255043611465],[8.144991585869793,44.34664490059652],[8.148360831281787,44.353098111351514],[8.148572651666354,44.35390131019073],[8.148598723401618,44.35400017029851],[8.148637175570213,44.354810721061355],[8.148504538378166,44.35530488324349],[8.14829069795437,44.35595262829208],[8.148281831126258,44.35597855271009],[8.147235844309305,44.35829138861098],[8.14545741731169,44.36207929986865],[8.145396734629857,44.36220637030246],[8.145069353204695,44.362887239523516],[8.14505640461716,44.3629136390705],[8.141482745855646,44.36807199238895],[8.141248103463566,44.36844872760437],[8.140925220368107,44.36916651999906],[8.140832599730057,44.37120947263132],[8.141713060618939,44.371846293321944],[8.142104014585156,44.371999717514846],[8.142786548220034,44.37225964204509],[8.145848346430713,44.37316919440199],[8.150360446878002,44.375323010857684],[8.149519229390407,44.384792023943334],[8.150882585990676,44.385229996113615],[8.152495347916469,44.38568310463374],[8.15421003939206,44.385992915386815],[8.15565344381179,44.38600359489753],[8.159044775637513,44.38587556611137],[8.161230230825357,44.3857926055629],[8.161931700152111,44.385833765382884],[8.16262464409552,44.386215139220454],[8.163240429767788,44.38655458077672],[8.164582234766051,44.387500522035744],[8.166009732853116,44.38863648278367],[8.166319029445336,44.38890871444308],[8.167175166300115,44.38966229589031],[8.169081099211503,44.391620937705255],[8.169845818772997,44.39255363627184],[8.170672952223946,44.39444123140067],[8.17074756280426,44.39484817950278],[8.18002444593533,44.398145875534276],[8.18070207607449,44.39749161379939],[8.18125634210703,44.39714634847857],[8.185157954885467,44.39566139654797],[8.186187319260926,44.39538694868415],[8.186505622456746,44.39530234577971],[8.187326866492576,44.395667377491975],[8.187964362276567,44.3959519249711],[8.189205120737956,44.39668063812758],[8.189733248110707,44.39699080464763],[8.19136431793351,44.39798367312821],[8.192656741671321,44.39896511216424],[8.193647748135907,44.39995342160997],[8.206357260348122,44.40427375004395],[8.208035280525605,44.4157819284385],[8.209863939994491,44.41898157582453],[8.213295130183093,44.42265743814794],[8.219503781692994,44.42628549808722],[8.220101214468718,44.427361472440126],[8.221680326808277,44.43271087087546],[8.210409603107912,44.445120290391465],[8.20764109386464,44.447765918357135],[8.207149203014577,44.44813509845808],[8.210257529912234,44.455516033858466],[8.204414001769923,44.45921250220169],[8.199946810294346,44.46154892388118],[8.198185132791796,44.46254536873051],[8.197196808664886,44.463114598117926],[8.196435043591148,44.46360439550345],[8.19573534885048,44.464265670053734],[8.195813770434695,44.46497743372065],[8.196808582027614,44.466990370149865],[8.197417875395475,44.46763094359339],[8.197940030797035,44.47072014740362],[8.201889488966481,44.47832603767787],[8.208383180240727,44.47900141446088],[8.21825908859343,44.48185079092052],[8.21917478405749,44.4824426978085],[8.221319735323457,44.483852759555674],[8.222859116879967,44.48524920529249],[8.22331549244327,44.48566937990667],[8.216718843033584,44.495226854537755],[8.216692074209815,44.49528147764496],[8.216483053929565,44.49586515428327],[8.21619960959133,44.497303689473895],[8.21648955678159,44.49823227165092],[8.21704667025373,44.49983856182591],[8.218306654754318,44.502467636538086],[8.221842662637487,44.509837930583195],[8.223437112195953,44.512990694929975],[8.22416292305791,44.51417497093149],[8.22577066446786,44.515392224952855],[8.227181983155965,44.51600495945033],[8.23277334973396,44.517510085729285],[8.241534328236307,44.52079798122274],[8.246509041827993,44.52447950418892],[8.252777440115311,44.52874738628847],[8.261574680551426,44.519442793017916],[8.262405870132635,44.51797535610858],[8.269770667408562,44.51050565122749],[8.276257414266713,44.50668472734048],[8.289329390279859,44.503246734988245],[8.302082664117151,44.50321735206007],[8.304795490418002,44.503467962935275],[8.311999657684307,44.49838908985013],[8.31476471849404,44.496330743810816],[8.315979179671425,44.49464088712411],[8.320804038023331,44.488403418540976],[8.321638328745795,44.48802119123372],[8.322910972775919,44.487758564866304],[8.323102858185427,44.48773739260742],[8.323543887107833,44.48768875125422],[8.323992461591919,44.48763952086713],[8.327212024839453,44.48761802200683],[8.328033469985014,44.4878344147545],[8.328563671645327,44.4880768361908],[8.32884516518446,44.48820570460206],[8.336197973263731,44.488017199312594],[8.34327948639589,44.48672872980501],[8.34777533915699,44.485866619746155],[8.349177781463588,44.48555256255014],[8.349228376463369,44.48550970886205],[8.350053082710803,44.48481092077049],[8.35036149683198,44.48405738764231],[8.350453780664514,44.48383190791125],[8.3509851141911,44.48241251089015],[8.351818849410614,44.47969864668076],[8.355582988480423,44.47071091554462],[8.358490854365554,44.46493569213869],[8.359533747310838,44.464995566066726],[8.362419088960012,44.46577287217809],[8.363771068827447,44.46614397614145],[8.36484939677162,44.4665145563334],[8.36545970609726,44.46672779578515],[8.367138493596158,44.46741405655162],[8.372385304047953,44.47018982079447],[8.37492092130215,44.474392943091004],[8.375220812632135,44.474324776649325],[8.375298843422355,44.47431063252091],[8.376680955979186,44.474399213829734],[8.377999079301992,44.47459545662697],[8.38129542036827,44.47558564564569],[8.382417091705031,44.47632908710733],[8.382615065973484,44.476463246814546],[8.385420825972325,44.477351869278934],[8.390294396539325,44.477082858062424],[8.39128870622529,44.476914347418955],[8.391628929539984,44.47685651696305],[8.392431653355233,44.477049849349754],[8.394070263088862,44.47909316161143],[8.394448305313315,44.48022950020666],[8.393896996449625,44.4813556102911],[8.393793498532247,44.48156688462952],[8.392791924851434,44.48245336998531],[8.391374881099917,44.48328307393377],[8.390391631029212,44.48493855362332],[8.390750068190712,44.48773605698942],[8.390791805275736,44.487781119506856],[8.391459103699493,44.48848705526689],[8.392509113333887,44.48910483397936],[8.395377611303774,44.490258942233005],[8.397142435390387,44.49092120903335],[8.397874340884837,44.49106993274468],[8.398735722594644,44.491433453302726],[8.40038223936403,44.49276550668019],[8.400992230295897,44.49338088703988],[8.401235183986664,44.49794649564582],[8.399983532238393,44.50221592836735],[8.403689972499688,44.50744812295447],[8.409793977705279,44.51009079628881],[8.416129497824663,44.51236417774159],[8.420312178206824,44.5118639594817],[8.42619535147594,44.504455908860585],[8.428626784422205,44.50253439222809],[8.433588355365906,44.502799279784504],[8.442096564277268,44.50299683365473],[8.444012179974866,44.50045392343218],[8.44403813078234,44.50043378195621],[8.444611958792546,44.4999906443146],[8.44504695124866,44.49965480686763],[8.445075003301552,44.499637845217386],[8.446530126492132,44.498768476586584],[8.448678444476212,44.49760917498426],[8.448792740547443,44.497578119915225],[8.449498957682612,44.49738768945377],[8.450698873423002,44.5000754125329],[8.450994085440898,44.501029947029195],[8.451884748060055,44.50533089123595],[8.452450350624838,44.50842898898144],[8.453146687479933,44.50987500184845],[8.458289686776208,44.51545790805208],[8.463769426584811,44.5190217613396],[8.469442547117486,44.52183792132817],[8.469577523110239,44.52192405838258],[8.469906234520792,44.52213381910665],[8.470419611083233,44.52241528093773],[8.470657729851034,44.52247841773304],[8.471531088450941,44.52184296062634],[8.473728555054041,44.51960288501551],[8.47497531495815,44.51801594599442],[8.475194678150123,44.51740486982013],[8.4746854534496,44.516664314084124],[8.47443021409252,44.516375103429354],[8.481796485180668,44.510835472913804],[8.498868487492034,44.50982255389786],[8.515944397237885,44.50976993954096],[8.536785404172004,44.512989545134005],[8.543221270993678,44.51220507368683],[8.543662905707128,44.51199940619409],[8.543878285193504,44.51178134800851],[8.54392551111205,44.51173343430073],[8.544246043439465,44.511408132923215],[8.546333283375024,44.50827484596261],[8.547034408707741,44.5070892820804],[8.547153127091931,44.5063785492451],[8.547132435633689,44.505802298675746],[8.547590665879934,44.505110907310964],[8.54881743961053,44.504349932254286],[8.549537205598506,44.5039927460347],[8.550293026345761,44.50383356052545],[8.551828576037348,44.503516147867316],[8.55908022172137,44.50325162435447],[8.561566993555594,44.50483167275641],[8.563133401446324,44.50616351498583],[8.576161782618444,44.50922624304257],[8.575139454911177,44.511383515275014],[8.573616317977558,44.51494287333491],[8.573989106340562,44.51880086257878],[8.57280627596664,44.52137218576795],[8.573221880428806,44.52244057589385],[8.573756532162053,44.523324832169656],[8.57743397088256,44.52531423684602],[8.578183730091428,44.52551773554376],[8.580119341210159,44.52338010907953],[8.582876091988915,44.52354289484384],[8.58668844777282,44.52419096685657],[8.587364103483063,44.524653176527124],[8.589736480222472,44.527137434642846],[8.590160997120815,44.52761609760829],[8.590321444255283,44.52806680314939],[8.590127189514986,44.52887634644206],[8.589668074778407,44.529765947644876],[8.588762696378694,44.53144618086122],[8.592802139037483,44.53517812562819],[8.59578205951975,44.537349963454496],[8.598317885872106,44.53829515904012],[8.599574353955813,44.53865067274869],[8.60012127806713,44.53876153003119],[8.600704263605186,44.53887969308751],[8.60187454113593,44.538928786301604],[8.603398721200655,44.538763045009844],[8.605907940904189,44.538087537001694],[8.607094523030941,44.53754245506725],[8.607897949618417,44.53959780585543],[8.607970896982676,44.53977952542202],[8.608134351301665,44.54018428199662],[8.608595958662505,44.54074352053431],[8.608724965418013,44.54084593828182],[8.609233749610357,44.54124985283018],[8.610649603074357,44.54235299965027],[8.611427271116659,44.542652739925195],[8.612401233564972,44.54384438878379],[8.613536517077279,44.54551371246296],[8.613733209351194,44.54610854144041],[8.6134529856428,44.54660274047413],[8.613336334851594,44.54671415661982],[8.613142277417078,44.546899497643814],[8.61290821672444,44.54712304140415],[8.612338791645705,44.54756223764714],[8.605496664118867,44.55241819546782],[8.5988588561542,44.55872387652038],[8.600886843851507,44.56782355281596],[8.601179673839459,44.568198174030684],[8.60121143322721,44.568238803861036],[8.601713502805078,44.56848362889093],[8.604649936575262,44.56982619974414],[8.60485826397752,44.56986788884089],[8.605795064241601,44.57005462074795],[8.60975645595545,44.5708160432371],[8.61051232858656,44.57078261391575],[8.610687798245387,44.570699620299656],[8.610944556989358,44.57057783024826],[8.611004113273657,44.57054953176501],[8.616097057208272,44.57547382660089],[8.619739234248495,44.58090553335274],[8.619221733981147,44.58110177698496],[8.61896666646252,44.58132447044462],[8.61884230956998,44.58143309842561],[8.618875840409281,44.581982960438225],[8.619008614440254,44.5823406674236],[8.619124050558666,44.582649377465344],[8.619310584319884,44.583019106224306],[8.61977941957308,44.58377237288748],[8.620151795062007,44.584201240018814],[8.620552957669759,44.58449965241278],[8.62115466330154,44.5849247685059],[8.622020810060986,44.58539577246598],[8.623862058300524,44.586379896812424],[8.625236149077352,44.58479478604658],[8.627350637094759,44.58337549316547],[8.631553799396585,44.580853727223065],[8.632429917659758,44.580479216646445],[8.632474731339187,44.58046085424195],[8.640190225869949,44.57914374224157],[8.64589272663131,44.58164601551397],[8.653894260339765,44.58105820104822],[8.655346525372877,44.580291133041406],[8.655384225200976,44.58027143750418],[8.656380486383494,44.580147826801735],[8.659545157742988,44.5797713398099],[8.66252736557341,44.579806636551325],[8.66675723026367,44.58245592351108],[8.670532289086472,44.581239961015434],[8.676943905641155,44.578074833844546],[8.678305346588441,44.576730923549675],[8.680189624546164,44.575698908359506],[8.6822089200435,44.57546986872626],[8.685421042623132,44.57773839810767],[8.686499810649163,44.5785695875201],[8.690049162562342,44.58196150365747],[8.692625375538427,44.58140720507684],[8.703367621752239,44.580601734504874],[8.703839042209356,44.580830496538205],[8.705110196811159,44.581175297952974],[8.705714398947878,44.58125788416506],[8.713093481953933,44.58146570897623],[8.714076081877527,44.581450166108375],[8.715071800267898,44.58132661825971],[8.717906909615557,44.58095612153833],[8.718400975709296,44.58083305102289],[8.718764494496254,44.58074218783897],[8.719938732110016,44.58030335758625],[8.720998667001174,44.5798647753161],[8.721958795833576,44.57926394402012],[8.722114754661279,44.57911064394471],[8.72284405593085,44.578393496042],[8.726792814438445,44.574108806840485],[8.73141937362662,44.570815165373595],[8.732945309567196,44.56995518300669],[8.737189392628004,44.561493632889295],[8.739785491871903,44.55536883307373],[8.738190053568117,44.55177316290459],[8.742842626377172,44.550199288049896],[8.750543012581028,44.545039894036506],[8.75673594735138,44.53612268267109],[8.755752050223883,44.530610995522046],[8.752476667094484,44.52783391690337],[8.749752613317737,44.52677790006741],[8.753928043713492,44.52442229045337],[8.75531616363098,44.52650487658713],[8.757895548219889,44.5293191775282],[8.758443968644928,44.529778535919725],[8.758660596536895,44.529959980838946],[8.75938947327751,44.5302226023653],[8.76047173084104,44.53024287710576],[8.763536903104653,44.52852976486487],[8.764934027877954,44.52763978805377],[8.765694113285827,44.52704634692956],[8.766591260031264,44.526330408677204],[8.766995863305835,44.52585410558242],[8.767564328813329,44.52496400424067],[8.767920473772296,44.52401045084911],[8.768024573210695,44.52314641135847],[8.768054924080781,44.521841091367605],[8.767899506578688,44.52013028369353],[8.767638622778684,44.519283500762896],[8.771534439185878,44.5077559024557],[8.769964030788035,44.497168745630894],[8.766948811150687,44.49331850838276],[8.766673648471073,44.4927327773759],[8.766940876132038,44.491950074717266],[8.768318442684167,44.49026938639255],[8.76896226625542,44.48965851098392],[8.769744029477756,44.48938099950382],[8.771186864249255,44.48947218707648],[8.779178273293592,44.48872470997918],[8.787664445063253,44.489325592052275],[8.788598706189877,44.49644681880797],[8.79277610840706,44.4979171896915],[8.797709427685097,44.50024554278813],[8.79709698307539,44.50916267875255],[8.795093015396404,44.518777904105846],[8.794916216650616,44.522549684706604],[8.799078032894792,44.53014657067455],[8.801176277717216,44.53149133769175],[8.802256362231379,44.53216840741462],[8.804514246766008,44.53351294598713],[8.806389036488948,44.5345971792707],[8.807217077438994,44.534985699809525],[8.808109732112673,44.535284285473104],[8.815401413894653,44.53701997519501],[8.820832408941609,44.53802958891995],[8.821946127233655,44.53795344947426],[8.822587079416296,44.53795430283662],[8.822677232963597,44.53797274344128],[8.822876208029198,44.53801384412576],[8.82320344819689,44.53808143894286],[8.823240834417888,44.538089820665036],[8.82350400882298,44.5381612856259],[8.82373452705458,44.53822418307279],[8.824136440942054,44.53847479651534],[8.824334570413534,44.53859835318851],[8.824399983467426,44.53863914848562],[8.824863615876772,44.53905701824372],[8.826057231827981,44.540136298062315],[8.827994861104134,44.5420560719563],[8.828315802931902,44.54240855218943],[8.828767975372593,44.543067213983626],[8.82904168246856,44.54363380511236],[8.828989418216905,44.54421856501374],[8.828684539663668,44.54485955484722],[8.82810841353555,44.545553859181084],[8.827361194483963,44.546070794809154],[8.826245835111187,44.54679662966023],[8.825468580495835,44.54720720028479],[8.824282048941015,44.54767985446305],[8.824121459224504,44.54780742139754],[8.823420338579517,44.54836437644094],[8.823007146642153,44.54869325605143],[8.822982886307168,44.54871334475736],[8.82274665538579,44.548996602073956],[8.82253061207501,44.54925790221004],[8.822417246989787,44.54939527733666],[8.822365946001804,44.54960252384691],[8.82221264705276,44.55024927886497],[8.82222224089047,44.55123056958238],[8.823175221560252,44.55545477735131],[8.824577667393505,44.558464810623704],[8.826556021300572,44.561554442531545],[8.826841440913876,44.56179883401503],[8.832874613781774,44.56235791757543],[8.843227967497763,44.56239068699899],[8.849623798624078,44.560332702912916],[8.854383746327603,44.56007769026657],[8.862905375714,44.56061039085437],[8.863394471915083,44.561160656262864],[8.863957863772923,44.56255671774683],[8.864320237263101,44.56364593445587],[8.864465372659074,44.5641878644599],[8.8645215637273,44.5643964326221],[8.864669100560073,44.56494324276144],[8.865006970102847,44.56587090560369],[8.865837356305903,44.56619597453527],[8.867675353826677,44.56627013427775],[8.868608060030708,44.56624379631659],[8.869703495936529,44.56583970047508],[8.873519042859439,44.56319449084552],[8.875417512758988,44.56168822457513],[8.877822078801378,44.559327650832195],[8.878873898809253,44.55734304395207],[8.880001034899374,44.555420430440385],[8.883301651186168,44.55302642431245],[8.884069764953672,44.552478179967544],[8.884185736945623,44.55239540315794],[8.884240616130622,44.55235626041805],[8.884284497176248,44.552324991917764],[8.885406473006201,44.55180371007256],[8.88860577323687,44.55087062613878],[8.88957536994454,44.550727431843804],[8.889702363501959,44.55071380122267],[8.890343229636342,44.55064719111275],[8.891140991842441,44.55063452861922],[8.891335625831687,44.550630691582136],[8.891525028022158,44.55103594171119],[8.89193806776143,44.551918590754525],[8.892074399613803,44.55216824482028],[8.892440502595525,44.55283676756216],[8.892756235307097,44.55330801296714],[8.892954584576678,44.5536030307904],[8.894365787985766,44.555400355383206],[8.894940494951776,44.55536937716334],[8.8974580472477,44.55503856512875],[8.899032558788784,44.55511199612725],[8.90074359175067,44.55530254033926],[8.90241752849551,44.555565066272976],[8.90549995726033,44.55626985796971],[8.90727418195911,44.5568474759127],[8.90904838588816,44.557452066000366],[8.91385442463923,44.559107764942105],[8.915112590104657,44.55964886084139],[8.91613159010112,44.560162759589836],[8.916956933934907,44.560588826619785],[8.916987205513623,44.5606045113883],[8.917502844381419,44.56105501160425],[8.919863817231056,44.564801753154846],[8.921694610482266,44.56707207788178],[8.919413156778743,44.571931447533714],[8.91725949331552,44.57186182274898],[8.915556599191309,44.57369709846762],[8.911892975050245,44.58003267316636],[8.911613319393378,44.581234583838054],[8.911540940105297,44.58222393574354],[8.911565174902327,44.582818038879324],[8.911941637609587,44.58339515159955],[8.908925295656475,44.596878542859564],[8.905865156365044,44.60285706384572],[8.906221303235206,44.61153576606926],[8.907705957141605,44.61393251803065],[8.905204133508489,44.61571082766729],[8.904798657924909,44.61948431950907],[8.904742894619272,44.61965387526094],[8.904419596214197,44.620630194018474],[8.904354606291298,44.6208258860638],[8.904223022306768,44.62096775734858],[8.903395113830642,44.62186036724046],[8.9022594884392,44.62266961836823],[8.900947784385924,44.62322664567186],[8.899472301023847,44.62371148823468],[8.892689450514599,44.6257128553903],[8.89265028442629,44.626686985620665],[8.891157634165847,44.629518880599605],[8.888899454017839,44.63080462456108],[8.887739135546381,44.63114557546536],[8.88451672667191,44.63323426935204],[8.882687156537424,44.63655096477543],[8.882446694279453,44.637000838117814],[8.882617508402166,44.63867753589635],[8.88269353340481,44.63902064160993],[8.88544289564312,44.63959607948601],[8.894540581497909,44.641972478923584],[8.901739491703891,44.64475876607432],[8.908823681905403,44.647644779867036],[8.912176320730168,44.65175954260773],[8.920560240028886,44.66290615488928],[8.923475940872585,44.66928634856101],[8.92635947264016,44.67428888091386],[8.931140760205482,44.676133178027605],[8.937949361702563,44.67581284194164],[8.952955768724216,44.67610407391323],[8.954968100515812,44.67617333783812],[8.958336962034204,44.67626370640865],[8.959523119315984,44.67602107518202],[8.963044499908785,44.67405074952153],[8.9638396149777,44.67359188752202],[8.965695094426536,44.67212507039804],[8.966023486589147,44.67147700051045],[8.96624375676024,44.670890614882225],[8.96626355642292,44.670837901496284],[8.966478403686093,44.67018078690628],[8.966554479741117,44.66952364118506],[8.969437782022926,44.6648792153426],[8.970169425259506,44.66449230579637],[8.97251525653988,44.66334958931133],[8.973638850302175,44.66315158759667],[8.982819223401702,44.663378613340285],[8.986035396249358,44.66409023625915],[8.989717741970313,44.66238916666819],[8.989958527192906,44.662347177204985],[8.990802570084712,44.66220020928765],[8.991660306229722,44.66230829747985],[8.99234433027985,44.66251989872311],[8.992417100403722,44.66254240973109],[8.993437879526342,44.66298320372263],[8.994788206801951,44.66395592699171],[8.99528109058966,44.66431635915598],[8.995814919915803,44.664726206069616],[8.996137404414785,44.66497274253172],[8.996450034035634,44.66520720637202],[8.996956598277508,44.66558543760932],[8.9970758233492,44.66567095505752],[8.997831516073663,44.66621298366878],[8.997873875679488,44.66624336595184],[8.998105998651443,44.66638279466365],[8.999231138430096,44.66702870149592],[8.999739035106982,44.667320009692084],[8.999889009619125,44.66740589244394],[9.000086597925371,44.66750501397941],[9.00012222060979,44.66752288381689],[9.007302298046119,44.66818693243231],[9.011025296053752,44.667377545451636],[9.01216148715448,44.66707201016664],[9.013153028571724,44.666791551248146],[9.013516890365947,44.66662894873926],[9.014690728619593,44.666070661458555],[9.015586222371308,44.665494390068694],[9.020515747613416,44.66150554738479],[9.02110835423227,44.66085727013153],[9.021650237188334,44.66002894645294],[9.02256468922287,44.65826448313416],[9.022821208923752,44.65776911545126],[9.022934541409718,44.65706666247168],[9.023223794515314,44.6551943501353],[9.023228690745686,44.655153446403794],[9.023336937772985,44.654249072740036],[9.023435938987557,44.65391070075911],[9.023472831897852,44.65378491690323],[9.02361401529017,44.653303765799635],[9.024117895871452,44.65186327588318],[9.024445503958257,44.65114300973263],[9.025050586999832,44.65053071629348],[9.025818169653327,44.64976533898016],[9.026012936561157,44.64958875702086],[9.026473673001961,44.64917103411004],[9.027103995824216,44.64867574970803],[9.027494816666492,44.6484145878729],[9.028213519824574,44.648171352731154],[9.029701431661422,44.64784687974359],[9.030655106923248,44.647731749745134],[9.031127074496366,44.64767494154553],[9.03325478426685,44.64744577954742],[9.03153815073888,44.64240892997772],[9.036543896196083,44.64176826904765],[9.038521601328018,44.64115545398722],[9.038761783103656,44.640867295574864],[9.04176693033929,44.63099056194105],[9.04477154241963,44.62082512299111],[9.04704604576693,44.61466496881075],[9.058030440122979,44.62180995407601],[9.073333120929703,44.62433985274352],[9.080127063287064,44.620958906066804],[9.084610236319369,44.61645439046174],[9.092313164020174,44.61377520032751],[9.099203114270441,44.61216698507866],[9.103176918170972,44.609746668736555],[9.103532247521823,44.60938587808553],[9.104484671316476,44.60661225406089],[9.10438188465573,44.6055095383166],[9.104166207853591,44.604699515451706],[9.103723584610655,44.60381766986051],[9.103662594617957,44.60364650295515],[9.10343211509786,44.60299871432066],[9.102569313004093,44.600082687164964],[9.102466721697127,44.59917352152685],[9.102182178818701,44.59510465056956],[9.10215525385153,44.594114398412344],[9.102379632044723,44.59285385205377],[9.103610132485205,44.59105223325546],[9.104150821323445,44.59057461763062],[9.105018919837493,44.58991663560112],[9.105348257160855,44.589687215835816],[9.105886615003836,44.589312344042625],[9.108526110560746,44.586609438443176],[9.110969738146474,44.5825244444103],[9.11070409315316,44.581971047535376],[9.114329151115054,44.58114374841563],[9.121782541124443,44.58033482000893],[9.128050751139902,44.57758280542262],[9.133867350168822,44.574969781416],[9.133984169337143,44.57487462829807],[9.13519217783367,44.57447709669404],[9.137671701507085,44.573933981475165],[9.139434082280971,44.573643762980055],[9.141095177760915,44.57355169608492],[9.14302223321538,44.57365732503008],[9.145061901518822,44.573780788189204],[9.145893616703793,44.5742253548495],[9.148135396373954,44.57408293434007],[9.15082952795964,44.57408840816061],[9.151214114057806,44.57411799712571],[9.15255497639391,44.57422115101835],[9.154030041001228,44.57484935325035],[9.157964428983815,44.57704059895994],[9.164460462699608,44.58092051482364],[9.168610561864565,44.58425890485105],[9.175119925739876,44.5877510815831],[9.183165466012243,44.59131239393688],[9.198954885653672,44.592775954904646],[9.203311792165568,44.59576611677528],[9.204591708435574,44.59780740162463],[9.204828628990262,44.598293158560985],[9.204947057122025,44.598535968467445],[9.205165229012087,44.599480317211004],[9.205190653686694,44.59981672420884],[9.205225010604412,44.600276812993265],[9.205244637567347,44.600542467539334],[9.205012167279387,44.60221050165487],[9.204242873900178,44.6055406424443],[9.203526103060991,44.60881508820707],[9.203178330367768,44.61094400868844],[9.203118749006123,44.61167769936492],[9.202973128494426,44.61349420348926],[9.208928465967382,44.615267650302975],[9.224690239594434,44.61798918799612],[9.23148557778827,44.61874082687336],[9.240901490685488,44.6194505555881],[9.24480967743441,44.61972132368185],[9.245502619879245,44.619647809742226],[9.25195080281037,44.6158887519717],[9.252842622316367,44.61518459785071],[9.254385550117112,44.61377678505099],[9.255112335974985,44.612856908689686],[9.256152298614747,44.61151321250009],[9.25649026855708,44.610990313821624],[9.256538932193896,44.61059408908369],[9.256360754592837,44.61019838449781],[9.255816397505994,44.609641456398215],[9.25308898208689,44.60704178918991],[9.251856877696886,44.60613928228949],[9.251022310937323,44.605642395465956],[9.250681893828625,44.60543967381458],[9.250418301927205,44.60526231755599],[9.249468644303828,44.604623100881646],[9.24756050178739,44.60332189980125],[9.246092710060172,44.601884675720385],[9.245485007230403,44.60120628780507],[9.245204389604906,44.60039666942317],[9.2456423151278,44.59971154201509],[9.24575513975767,44.59962875663292],[9.246245270041292,44.59926911908219],[9.246567396452235,44.59922335099241],[9.246824342152118,44.599186843368855],[9.253035144072529,44.599245278149944],[9.25804986929107,44.59947261951398],[9.270470730901295,44.59677914556658],[9.272485410111088,44.59593908800048],[9.27891969383387,44.59596660166758],[9.280230831083543,44.596170453868226],[9.281441508822475,44.59640153909709],[9.281667808189134,44.59648976091103],[9.282451187629604,44.59679515308632],[9.283310188154504,44.59725215893197],[9.284157309223433,44.597853213524175],[9.284727382613873,44.598481970364666],[9.285057442362238,44.598985289544764],[9.28541412368919,44.59977662039281],[9.286629977472597,44.603563618224726],[9.287163544419414,44.6069562177364],[9.287292393225139,44.60737000816702],[9.287507782441507,44.607603526975815],[9.288087961480116,44.60786313613924],[9.28884522749211,44.60813130256668],[9.289791318111682,44.60831795939749],[9.290938636271825,44.6084590760323],[9.292048016491309,44.60853727204334],[9.29308106026862,44.60850761725148],[9.29376125402809,44.6084428510421],[9.297441010446686,44.606721070678304],[9.299091375559728,44.60753070618775],[9.299969690892548,44.607841549082785],[9.30028218451152,44.60779485003198],[9.3004186269751,44.60777398611881],[9.30124024148982,44.60744209024214],[9.30229594837248,44.606926160181615],[9.303627902369742,44.60600291405908],[9.303835277631809,44.605850783950864],[9.303916431408398,44.60579123312821],[9.30464504457372,44.60525640404449],[9.304916555251422,44.60505699681795],[9.30497339542216,44.60499424221929],[9.30564535931721,44.60423450405243],[9.307321342057168,44.60206941540745],[9.30774596838865,44.60134806848393],[9.307906231613911,44.60070863326774],[9.30793117398216,44.600468038396464],[9.31718285633432,44.594786442510944],[9.325886064973231,44.59010765171832],[9.327819402725849,44.58896779807845],[9.332026512761036,44.58581377056351],[9.334710870508905,44.58367684536556],[9.336341334122707,44.582029090926625],[9.346703620849974,44.57952241406568],[9.348102207687186,44.580904738670846],[9.349623538453459,44.5820837293426],[9.35158924955373,44.582910427853555],[9.355424259885043,44.58441098728074],[9.355682827289623,44.58446419062255],[9.356558822782274,44.584546986430766],[9.361705461228198,44.584917909620486],[9.364169796354014,44.58473003321754],[9.366190701478848,44.584268937589975],[9.369424404416888,44.58311971140508],[9.369788230315008,44.58294747950958],[9.371556986056248,44.58178941714042],[9.371915885378877,44.58146416038959],[9.372169695265828,44.581080725468325],[9.372207805328696,44.58095903664067],[9.372242594803867,44.58084642512625],[9.374035052182645,44.579778273506015],[9.376910189607266,44.57845174251335],[9.379661234962843,44.577248001090155],[9.3810803430133,44.57674963749112],[9.383799559484244,44.58040755479531],[9.383918555487588,44.581262396149725],[9.38451394004101,44.583862117669895],[9.384667766321488,44.584266716781585],[9.384884230547838,44.58461708550023],[9.388785386224036,44.58975330772697],[9.389368016943331,44.59021945579736],[9.389820522668801,44.59006486848748],[9.390485865615474,44.58971149708571],[9.391836168583904,44.58887097535695],[9.392781334469058,44.588227216261075],[9.393773454540636,44.58776466590272],[9.39383985480947,44.58775039203167],[9.39488005184438,44.58752678366897],[9.397614493880909,44.587634332019675],[9.399419392629557,44.58824920291919],[9.40153434647697,44.58986224124417],[9.402623781460782,44.5907856636151],[9.403144902588364,44.59145001197386],[9.403851537200252,44.593428058995016],[9.4055695797463,44.59952116469411],[9.405628935442081,44.600806817853844],[9.4093699015867,44.598823415456856],[9.416634675823275,44.596438511067355],[9.418619159602809,44.59562103288041],[9.418921554489744,44.595396734348526],[9.41907033342894,44.595286279833566],[9.42130623655568,44.59260430070061],[9.421261764314325,44.592164377785366],[9.42039610378872,44.59043804949226],[9.420027961396293,44.59005229789781],[9.418948934696648,44.58540646848377],[9.41984222707532,44.58028023836299],[9.420871382729901,44.577577917986694],[9.423076558884304,44.57461223117082],[9.42422717542991,44.57522763429955],[9.424745352284262,44.57549566562866],[9.425212582481938,44.57563808652452],[9.425990691033036,44.57541912377496],[9.430289009532832,44.57406163302749],[9.432292267134727,44.57261366421895],[9.43247367809592,44.57224192898503],[9.432701662108498,44.57177488021963],[9.433037297005264,44.57117944636821],[9.43354976501799,44.57059250679368],[9.43359418653168,44.57055665274375],[9.434050101875782,44.57019432173428],[9.43478983296356,44.569750382292916],[9.438050229584194,44.567883399743536],[9.439693204057436,44.56703535163861],[9.44023300091493,44.56680820974494],[9.440695726646032,44.56671721116633],[9.441433525691464,44.56707481825133],[9.441532491207733,44.56712278600811],[9.442873085244234,44.567873811824114],[9.443403137974412,44.5681778357476],[9.443791483469086,44.568661297786804],[9.444102401515309,44.5690483625837],[9.444138200385645,44.56909978039394],[9.444625300648289,44.569799408575896],[9.446058783581744,44.57126436892278],[9.446893650521412,44.57179225780068],[9.450268385603557,44.57182401156257],[9.451435265105975,44.571306262446],[9.453358231042744,44.56213406323986],[9.46271389442025,44.56556251750918],[9.463420654418771,44.56575770578328],[9.464392797468838,44.565969820636234],[9.469641744258459,44.565871828910666],[9.472722274745388,44.56528295759386],[9.477898199134014,44.563965055523],[9.486084021982167,44.561297267011305],[9.49077210986063,44.55894555828815],[9.491481370132979,44.55828651624283],[9.491609196301019,44.558167738285896],[9.492258493085808,44.5574267338729],[9.493338442500045,44.55587663431659],[9.492858115824664,44.55546609168469],[9.490594871651545,44.55283808139775],[9.488303701963424,44.54835112462913],[9.488045603253571,44.54759600811537],[9.48798885621535,44.54683103265219],[9.487959584833519,44.546245992470425],[9.488180531722268,44.54556985657409],[9.490450292571895,44.54316544560663],[9.491643323876337,44.54282721570946],[9.49185957537297,44.542803338677686],[9.494240880732093,44.541906748211666],[9.497454969074738,44.54056548367846],[9.499512147323484,44.53888145316401],[9.499734060181849,44.538628130891475],[9.500248390263517,44.53804099231205],[9.5008947663185,44.53718291094457],[9.504607670858661,44.52995999519449],[9.504606172993912,44.529786517757834],[9.504603110684746,44.52943184697815],[9.50460192226808,44.52929420507039],[9.50459616742527,44.52862766767494],[9.504476828884643,44.52801601887308],[9.504192674647669,44.527171024582394],[9.503486600267808,44.5254636490604],[9.501001413763726,44.51167807505665],[9.49598993985986,44.50373261978235],[9.495531980483312,44.50313142986089],[9.49526286368508,44.50254742924252],[9.494634238062783,44.50040302420909],[9.494578607019658,44.499030361354535],[9.494602548313438,44.498570020033874],[9.494638352740404,44.49788226642175],[9.494665223305628,44.49737349750255],[9.495855016847917,44.486515637325866],[9.496096940523103,44.484810829157915],[9.496323314822785,44.48394784174275],[9.496803434917794,44.48273040451411],[9.49209873628822,44.48104476129886],[9.490813507282873,44.48073520630645],[9.486809201491727,44.479879077516955],[9.485638393809216,44.47971301408105],[9.482253902944874,44.47928622188388],[9.481819090983556,44.47935339978639],[9.481236665780184,44.47944355999897],[9.480007003740191,44.47976383049042],[9.478755191681014,44.48045328405737],[9.478423520871102,44.48068331019453],[9.477579018906642,44.481269188690476],[9.476066377988564,44.48212101675201],[9.475418676020762,44.48227196005058],[9.47464807374062,44.482451014679214],[9.473464969439227,44.48241991603285],[9.471163280276551,44.4821683582814],[9.468873108269152,44.48188068778313],[9.468791753525162,44.481241840565566],[9.469076688394184,44.47918020461708],[9.46968793264942,44.476844844941645],[9.470551456586316,44.471952847073425],[9.46754935675717,44.466005386280635],[9.46438503851499,44.462859061131],[9.46175915642426,44.45856586780616],[9.458063043617969,44.44883069129176],[9.452266108430836,44.440431735743225],[9.449598864927049,44.439906609723394],[9.448768178786333,44.43963078948297],[9.446399210283552,44.43876680918464],[9.445831893277338,44.43841791902375],[9.445519847465617,44.43803765961959],[9.445007501149277,44.43741282087523],[9.439599637029765,44.43007852604201],[9.43916413552198,44.42907188861835],[9.438803337801764,44.42786690289573],[9.43877274098607,44.42702976556724],[9.438588350254399,44.421061645877195],[9.438393752222813,44.418541590621054],[9.44277791205419,44.41658662389434],[9.451361355425735,44.419670465840184],[9.461262558365199,44.42289840163433],[9.472294714073172,44.421935541706524],[9.471959742132844,44.41933512969304],[9.47237785333343,44.416829206006334],[9.472777700398781,44.415181465233],[9.473776788087582,44.41281409500074],[9.474174153997895,44.41224977693472],[9.475722060127598,44.411072974275804],[9.477294576811683,44.40998608781586],[9.479034390162825,44.40925855440479],[9.479766585779942,44.409714642166165],[9.480473582804258,44.410161809437426],[9.480979265764528,44.4105648086379],[9.481321028589422,44.410887468069326],[9.48302074035668,44.41449040948397],[9.482731514878493,44.415977086439746],[9.48225713043383,44.41642922896757],[9.482040241713968,44.416737785173545],[9.482009596566538,44.416781382928825],[9.481880224607089,44.41708802636955],[9.482912155850702,44.41789391489621],[9.483733801776642,44.418520634252694],[9.492842222485015,44.42331618030364],[9.513842577505747,44.42622155551753],[9.528993909026038,44.42782681588632],[9.540856448310699,44.42578168629344],[9.547438087691889,44.42683921450867],[9.550705868313731,44.42802847692267],[9.551377844757104,44.43001758018473],[9.554841077810453,44.43799434922614],[9.558503986708885,44.43866069770525],[9.574133152971015,44.434991111500395],[9.579705075060359,44.43191103055605],[9.582499166103801,44.428545614807106],[9.584920735497475,44.42840037393865],[9.591976597009197,44.43169504721057],[9.595955009057686,44.43500537317207],[9.596451241479807,44.43561496769733],[9.596805055568375,44.435928642777995],[9.597147816684412,44.43623251285504],[9.598170779114204,44.43674031652972],[9.598888524283135,44.43688960307966],[9.600031789572977,44.4369106129563],[9.601487815122956,44.43675890601128],[9.602816320153384,44.43642780463692],[9.605547053307264,44.43572014429559],[9.606109239591184,44.43533004603535],[9.606449401481282,44.43420289893958],[9.606514587825846,44.43329327953866],[9.606456698906403,44.43255536248916],[9.606670072293001,44.43135685940125],[9.60714359984284,44.43069820896517],[9.607462754376792,44.430254313395935],[9.609651681067382,44.42814501439741],[9.611857199967291,44.426512722700544],[9.612968477145792,44.42585856720322],[9.621097280630902,44.42250163363473],[9.623524936833402,44.42161514290038],[9.628381453882394,44.41895071004694],[9.63503401435601,44.41511475412803],[9.638084037237773,44.41379235182474],[9.642513684702761,44.412408103629545],[9.649056892640498,44.41206302667757],[9.65163475245384,44.41218206064818],[9.654548650091195,44.41174558118301],[9.659737605824965,44.40522921939002],[9.663001451267288,44.40065941231059],[9.663808607309933,44.39874613690208],[9.664282312257734,44.397329937382395],[9.664186884883986,44.39666429182184],[9.663342236989484,44.395255753453846],[9.667337761008808,44.38383896519089],[9.671132181021303,44.37179391884172],[9.671218561528582,44.371525459535334],[9.671338241329048,44.3711535068743],[9.671593776007434,44.37044978231425],[9.672047423779826,44.36951082045532],[9.672931335258726,44.367786071876836],[9.673336719014541,44.36701843968337],[9.674979435882909,44.36471301481765],[9.68670044224306,44.36593956090598],[9.69044396706034,44.36520923988286],[9.701226446102543,44.36574326662086],[9.705409393401304,44.36612263747216],[9.70630125394109,44.36618914929451],[9.710363951425862,44.364012274031715],[9.7111492961982,44.363575249745956],[9.715253248610722,44.357318725035846],[9.718343724663754,44.35063813826358],[9.722961216958963,44.34064282047469],[9.725795400596626,44.334466870249436],[9.726995375544089,44.331272213746345],[9.729455177038464,44.328330588695316],[9.733456315659016,44.328431007071515],[9.742379417948413,44.32707694180453],[9.74259855396851,44.326998778698936],[9.74323813307888,44.32676977494146],[9.743317126974743,44.3267414876341],[9.753105861227253,44.32273034144459],[9.753288317155993,44.32259446004148],[9.753776673334935,44.32223075632552],[9.758314290220238,44.31835197618851],[9.75855350352561,44.31809854189684],[9.75898577333731,44.317640502788855],[9.759012927263779,44.31761161182875],[9.75904511277984,44.31757712628076],[9.759198317204724,44.31739055562501],[9.75973474579338,44.31673551652269],[9.761506763547166,44.31413087513239],[9.763876032582267,44.30950239538732],[9.764197231970662,44.30577619372382],[9.766838755543162,44.303821288381954],[9.769486524932114,44.302211531228096],[9.77300454180414,44.300748475961036],[9.774480308140477,44.300746312817175],[9.775671143623049,44.30073823233789],[9.777217396445291,44.30023255953007],[9.780618691919193,44.29864285267889],[9.782723620379107,44.2975480942096],[9.783804434805687,44.29681491446436],[9.78538008806073,44.29577428482612],[9.806400913546463,44.282760177491255],[9.812492438682998,44.284493002636886],[9.812960854638328,44.28466376418922],[9.813122534386824,44.28472293370529],[9.813716571704532,44.285105493624805],[9.814236588141895,44.28560594074531],[9.814554447837208,44.285936796622345],[9.814665588907081,44.28607104859982],[9.8147841397766,44.286214250643454],[9.821844011737829,44.28127506155454],[9.823165027486823,44.28164367423623],[9.828662901499323,44.2805415698961],[9.835329730854175,44.27887247403415],[9.835971586449805,44.27823756980529],[9.836112007275288,44.277480292609454],[9.836122240168239,44.27648989078348],[9.84410909635938,44.27183087436475],[9.849801502523617,44.27111319171975],[9.851527000161019,44.270861762399655],[9.852656940491675,44.270205117910066],[9.854430116631237,44.26805816152147],[9.854224346848042,44.267709109726475],[9.85425001111798,44.26732576200145],[9.854255451129191,44.26724469648245],[9.854583264184386,44.264622373281405],[9.856128846278203,44.2582006723499],[9.860160017859611,44.25242646806636],[9.860177575049343,44.2488251225803],[9.860201722135127,44.24207267503869],[9.860012286397247,44.23950823769743],[9.859894997599008,44.23892491386524],[9.859836784938059,44.23863626422134],[9.859452075813929,44.23804439635975],[9.859303745777567,44.23784227261131],[9.859110813628769,44.23757936924528],[9.858992541866671,44.237418203709545],[9.858785717697916,44.23727999732118],[9.858640835653754,44.237183183100264],[9.858566204576833,44.23713331227054],[9.85824645209985,44.236919641507484],[9.858008195554973,44.236735671186146],[9.857461242279717,44.23631333256075],[9.857377926555555,44.23623553367608],[9.856686870502214,44.23558989645457],[9.856697428849719,44.23538461841771],[9.856716205011661,44.23502248509096],[9.856846503119245,44.23460676512885],[9.857027375544224,44.23402981687918],[9.857618823270725,44.233368155250325],[9.858277139775662,44.23263396497694],[9.858382795447872,44.23251613059779],[9.860601312632282,44.23024867803557],[9.861565911026194,44.22942212933078],[9.862532848967943,44.22875760994531],[9.863463785966438,44.22820139007928],[9.863518315157467,44.228184393231075],[9.864174230997063,44.22797994361129],[9.864767136852116,44.227961862769575],[9.865352221510875,44.22794401726248],[9.866500730869177,44.22787228902221],[9.867265174774758,44.227611077260704],[9.867659341852187,44.227476361983925],[9.867888945439088,44.227391621569836],[9.868780115792719,44.22706270561019],[9.87237739347624,44.22557679551832],[9.872727249869529,44.22540836300342],[9.873669516685235,44.224954713182605],[9.875356615451444,44.22394276093366],[9.872791773583304,44.22096360084215],[9.870002064247013,44.21748300998609],[9.867671734446326,44.212296853166535],[9.864061526986974,44.203090664180216],[9.85962164510373,44.19567082826559],[9.85755040667854,44.19350756537493],[9.859833987248521,44.1900607549207],[9.862587872276006,44.18454819753111],[9.864956845396163,44.18070787413676],[9.867248190216632,44.18372286242999],[9.871594769055122,44.189736969578355],[9.87168027617469,44.19010387277144],[9.871794645106672,44.19059077593845],[9.872415007139576,44.19320144141844],[9.872828182483731,44.19464778412026],[9.87329014945405,44.19515235719253],[9.873328994162815,44.19518872473176],[9.880484116224832,44.200054049754726],[9.88400102425213,44.20188935068134],[9.89139264201512,44.205381152865435],[9.891210172311258,44.207812727801965],[9.908508553335194,44.20977386730125],[9.908070453044612,44.2088367021779],[9.908182416442875,44.207980350163524],[9.909482844433908,44.20432831861546],[9.911168870046739,44.20218118871308],[9.914508408690079,44.19960237572321],[9.915267599519174,44.19938141235167],[9.915448184568367,44.199328902058035],[9.915655215611151,44.199268722177194],[9.916199606570485,44.1992830008777],[9.916283468367245,44.19928520113355],[9.917232830278463,44.199310210392824],[9.917536932714158,44.199413882099286],[9.917677191558655,44.19946172269767],[9.918103254928228,44.19960704661241],[9.91816600133532,44.19962844877355],[9.92854002196094,44.19854389462743],[9.934010411198948,44.196622130371104],[9.922390470863583,44.1950635463953],[9.921345063834067,44.19272217502919],[9.921115164495482,44.19086657665733],[9.921589269619478,44.1902257826721],[9.921582045044627,44.189762181084895],[9.92047776550421,44.18875485936993],[9.918026525864123,44.18671624975232],[9.907107697157207,44.179152312881676],[9.900283714864898,44.17408086125903],[9.892365187459818,44.168021659712046],[9.892386027641374,44.16794677296744],[9.892493707963439,44.16755984344238],[9.892603921414809,44.16716381605923],[9.892627245901345,44.167083094673565],[9.892916790563886,44.16656626852252],[9.89295305729716,44.166501533739066],[9.893258871519075,44.166318296195534],[9.893471218517913,44.16619108124144],[9.893878318903328,44.16594725044643],[9.894160635018022,44.16577822224974],[9.894509125232837,44.16557047636095],[9.89785886995794,44.16359257925189],[9.902765434754482,44.16566617885115],[9.906175762551609,44.16698687140158],[9.906899751870013,44.16722022965134],[9.911817693952806,44.168317448454395],[9.91864665146479,44.16950470446035],[9.921841620418526,44.17001736351364],[9.933690227578989,44.167220191941176],[9.937190206139855,44.1678957891089],[9.944325113919275,44.16814128827449],[9.947886696186227,44.16784603380962],[9.9491072791181,44.1677166075324],[9.949341652489785,44.16765839086046],[9.950965889309693,44.166816591360735],[9.952722635999686,44.16585662367581],[9.953184913890617,44.165582673702644],[9.953569510489988,44.16538154905525],[9.954674089834157,44.16490400500765],[9.955025411927837,44.164973093172485],[9.95730467134052,44.165926354542094],[9.958778800139232,44.16658922663582],[9.959070431089991,44.16678484731257],[9.959394876655912,44.16700720396707],[9.959538829304577,44.16710564957321],[9.960150971747211,44.16745100806014],[9.960194048372493,44.16747530666599],[9.96024532906875,44.16750423146404],[9.96082585163074,44.16782346280385],[9.966170785833066,44.16920087723794],[9.96802970581568,44.168923906190685],[9.97334395603106,44.16710958929004],[9.974691178387813,44.1659703235409],[9.975656896751536,44.164103865876285],[9.97853571380479,44.161303386863565],[9.977210904651246,44.15605240793436],[9.976457992109134,44.152862726708555],[9.976414392143528,44.151782720145036],[9.97651288269708,44.15155679933647],[9.976709864076192,44.151104956536955],[9.976789613186497,44.15092353931242],[9.980427402809418,44.14506799877908],[9.977281823315728,44.14008018686704],[9.982970554721364,44.126013414297375],[9.983259271279477,44.1253345185822],[9.983281828483943,44.125281477038726],[9.983598092588613,44.124756568380846],[9.98543532073834,44.123246203573665],[9.986751525523777,44.12236741193489],[9.989843926257294,44.12098429660661],[9.993134407895848,44.12035252289693],[9.995079528346116,44.115725458238074],[9.99434766000628,44.10792654607645],[9.994072358121091,44.105759164733314],[9.993450999459,44.105215372323535],[9.993113581832127,44.1050212418881],[9.992916370367228,44.10490777692978],[9.992834378103458,44.104860603693936],[9.990759474259642,44.10371705853269],[9.989135324681998,44.10294849367304],[9.986715767040094,44.096869093437796],[9.993311108134403,44.09268425541913],[9.99341979783092,44.09284048303936],[9.994714056729473,44.09470941232279],[9.99751900738416,44.099003696186514],[9.998521690615776,44.10067854135479],[10.001532123595497,44.10633229811314],[10.00159482048222,44.10653074828587],[10.001925678976717,44.1072267809093],[10.002127617007922,44.10765147859572],[10.002981576914237,44.10864334172322],[10.003343703203816,44.109007149478586],[10.003807836239,44.109473384248716],[10.005605925254775,44.11087107517672],[10.011029934322826,44.11471709072745],[10.018610566860138,44.11924714229608],[10.02148126865923,44.11946552220219],[10.024478844625294,44.11932845657273],[10.030345130245053,44.11880733841307],[10.031814632646698,44.11863220776034],[10.036039008566965,44.117882720648076],[10.037371142287192,44.117591531692476],[10.038810057648597,44.117065272841124],[10.046141548049514,44.11547237169441],[10.047384560772496,44.11512331386591],[10.047717808387777,44.11401286181065],[10.047738127600505,44.11394515264996],[10.048163208270061,44.11310845508054],[10.04825741330004,44.11292302610163],[10.05043955230407,44.11055315246245],[10.050903160503834,44.110319816128126],[10.050942464140684,44.11030007768313],[10.051095963955989,44.110222989215075],[10.05173502142219,44.11017627395072],[10.052359005373628,44.110130689733474],[10.052505644837805,44.110119977170044],[10.052983270332414,44.110101056040556],[10.053607621685904,44.11007632042795],[10.059994374207323,44.10579671307906],[10.06602633425053,44.100703279079305],[10.068780579836226,44.09828269869192],[10.06915969593872,44.09713574065026],[10.070191016197475,44.09401255861568],[10.070407894993263,44.09235683741862],[10.068914056633657,44.08995794318848],[10.066365618767328,44.086635155717666],[10.059960245483524,44.07935450976679],[10.046337460544256,44.07102602573449],[10.034894738335563,44.06426109820706],[10.028991370493427,44.0596719698373],[10.026657182797488,44.05659202110596],[10.018772970142269,44.04447690754418],[10.0186835990684,44.044625098055626],[10.018574877102958,44.04474535694261],[10.018247352509437,44.04493509509882],[10.017315747189945,44.045474590847434],[10.012707662462908,44.04763806359136],[10.011019490198327,44.04837890094727],[10.009889248699043,44.04880641863497],[10.006038826282895,44.05003783117634],[10.001272949349906,44.050723903646215],[9.999624750089644,44.05091568380916],[9.999249263735365,44.05094991775768],[9.996651194216685,44.05095179381758],[9.994132560251595,44.0506305345743],[9.993567447652733,44.05037092945702],[9.992287183141018,44.0497664555354],[9.986662358672028,44.04631176401186],[9.985183636603757,44.04417385077897],[9.98432813066432,44.04273056827681],[9.981151961973959,44.03812119823596],[9.978125377201156,44.03575223658695],[9.977942070784401,44.0356097531019],[9.977779783201514,44.03552145650679],[9.977588909033654,44.0354869853695],[9.977148212709366,44.0355265115887],[9.964183166655403,44.03729279732637],[9.96378853716073,44.0373687089465],[9.96372617005857,44.03738294364205],[9.963478531179105,44.03749842480432],[9.961464871754172,44.03868019525481],[9.95705003936727,44.041322975131884],[9.953533471275176,44.04381192056914],[9.949501864729726,44.04726588504704],[9.945790698978891,44.04995277269381],[9.940058141470118,44.05383537237372],[9.934348069006246,44.05618605340562],[9.926227117093125,44.062123346158884],[9.923326608037732,44.06378542549287],[9.920107962285691,44.06557603967584],[9.917319018312492,44.0669039453198],[9.911690390535274,44.06940771061701],[9.907653497786429,44.069303995350865],[9.908435287208917,44.072195497366366],[9.909815583517195,44.07506248429651],[9.909297005653213,44.07877016422901],[9.908450829540493,44.0799980621533],[9.907090797588934,44.08120855545142],[9.906784859274776,44.08141693385484],[9.905460710092349,44.08191361324241],[9.902452761836944,44.082668931680296],[9.901543699803451,44.082858437552794],[9.899472118936503,44.083170736917715],[9.897221033941744,44.08318843907865],[9.896976399866727,44.0831172079245],[9.896928970624133,44.0830781906851],[9.896824102231294,44.08295746885443],[9.896771835316583,44.082804823238774],[9.892382879484627,44.08174979250019],[9.888730462859026,44.08097359720632],[9.881082960981493,44.08145373658781],[9.880211983081397,44.08227826748312],[9.879438413399063,44.084587057466855],[9.87892618593525,44.08681281447998],[9.878711101425033,44.08775741452103],[9.877168351772145,44.08753968700865],[9.875296926691545,44.08758555227034],[9.870648763309104,44.08801721450893],[9.864569967344519,44.09269115871666],[9.860570616806298,44.09797015130332],[9.856029163839821,44.104059018598946],[9.8538272246469,44.106825695560076],[9.850774295994185,44.109837773818064],[9.848898676799369,44.1099687666919],[9.847549752222953,44.108263666168654],[9.839804526577945,44.109357805194385],[9.837653715641018,44.10982323705448],[9.83581223684755,44.11012581876956],[9.826003155343518,44.103123081583924],[9.826235700674266,44.100138689859584],[9.82885262567208,44.10051897411195],[9.821310322711014,44.095139530900376],[9.820765015146536,44.09500389918041],[9.818408139387307,44.096443322424236],[9.816925515851509,44.09741728256491],[9.81685930193554,44.09748528006264],[9.816783085548325,44.09762087397173],[9.816649823821914,44.098490640237415],[9.816661560022657,44.09854907794568],[9.812596076877073,44.100797369214035],[9.820857802438146,44.09256785051293],[9.822849144467959,44.089669104303375],[9.82437663696349,44.08621321654457],[9.823577852875287,44.084571368550186],[9.823889087828197,44.08269756830792],[9.82400334569037,44.0828306681621],[9.824110734677706,44.08291880071209],[9.824251938700522,44.08296842587217],[9.82593556846964,44.08345932394873],[9.826031079539918,44.08347889093903],[9.826152283016889,44.08343750037356],[9.82641374651262,44.0832656720625],[9.82681048258424,44.08282407561833],[9.828486017675202,44.07978479326556],[9.83514403141222,44.07346765962443],[9.836700501248114,44.06894084712503],[9.838886013140362,44.0648835627634],[9.845851495672996,44.06872162913836],[9.846721316050877,44.06475172123491],[9.849613393807436,44.06137928755897],[9.851668732076085,44.06012670476764],[9.848411758603373,44.05828887096902],[9.846543097008215,44.0578900120159],[9.846051204922219,44.05786143533243],[9.845025931019666,44.05803304246922],[9.844964296745363,44.05804447885451],[9.844890222578629,44.05807638366225],[9.844076740729442,44.05842959146475],[9.837367857398766,44.05272549649935],[9.837047299431623,44.05201579415607],[9.836455128533999,44.05129797161157],[9.835065530381627,44.05023244896236],[9.832672008814322,44.04904220638576],[9.82606514345904,44.054842531284265],[9.823675334773515,44.056822509184016],[9.823270993745952,44.057149542824476],[9.821876475068438,44.05811750481937],[9.81943061176473,44.059406725270534],[9.817420636794544,44.060459754215664],[9.810887675061297,44.062748135185764],[9.805910154502074,44.064448967765706],[9.804889009498375,44.06453494508065],[9.804395712150964,44.064528291461464],[9.803735114865393,44.06438438586788],[9.80321801547199,44.06411792387698],[9.802989190440032,44.06404750627889],[9.801591489633044,44.06387162858825],[9.80139821577439,44.06389099124131],[9.800896485663545,44.06395303061898],[9.798635199764549,44.064437033213345],[9.79726376662094,44.06517137739594],[9.794852167653922,44.06714189905404],[9.782145343947843,44.072717110192656],[9.774055117005197,44.0769407340742],[9.774692028874643,44.07909270427295],[9.774626724813041,44.07923269820176],[9.774445165233312,44.079436503707825],[9.774331234019472,44.07955882036767],[9.773808175717196,44.08002233045858],[9.773411350965713,44.08037084539985],[9.77306520537974,44.08062241813652],[9.77269882241144,44.08070339518351],[9.769768037546887,44.08113372105282],[9.766762575723947,44.08230074192729],[9.7658722149692,44.083266674870956],[9.760436242982633,44.08378465965832],[9.75859993426311,44.08620974704711],[9.75878983746174,44.08787409134094],[9.753949646532476,44.090697615171834],[9.739405586724624,44.09165190942861],[9.738687967902187,44.09221996262154],[9.73861198253558,44.09285996822967],[9.738609449999515,44.0945764797189],[9.733107829213573,44.101422049261835],[9.726832195110939,44.109500632272564],[9.726648110416923,44.11032000179085],[9.72604501631201,44.111801463985216],[9.726034803677846,44.111826009786554],[9.725990750918527,44.1119274122069],[9.725697728397483,44.11230353606305],[9.725324051424645,44.11262421298274],[9.723262729533245,44.1140824563982],[9.721657403107793,44.11520942865071],[9.718843905945473,44.11717566033799],[9.717681714818461,44.11784934561343],[9.717411198538333,44.11794025569424],[9.717328156409524,44.117966655328885],[9.716654078359683,44.118131516430935],[9.709132618064126,44.11887659520174],[9.696222352234695,44.12785979483769],[9.690786691403492,44.12947735831977],[9.681380253000146,44.13557051270645],[9.668090395965391,44.14214287527679],[9.664560277772882,44.14257673028241],[9.65865293934355,44.144421147646504],[9.654716065525754,44.14555567153091],[9.650801193973281,44.145435115618014],[9.647393500957154,44.14509997496916],[9.644063157381131,44.1442567430205],[9.643437953982165,44.14405735948821],[9.642740827565326,44.14351347744017],[9.642045654572444,44.14239881174443],[9.640989176141067,44.140520824894615],[9.639572718082226,44.137572337571214],[9.639090097513195,44.13687166300777],[9.638757005335087,44.13655953935801],[9.636144826675507,44.134143249602985],[9.635464670377013,44.13352131145785],[9.632285324316587,44.136208403526865],[9.628802727027441,44.1388831366259],[9.62620112952921,44.140428404954655],[9.61819081196734,44.148863009027934],[9.610843462102997,44.154502511860585],[9.606889649775443,44.157494633464175],[9.606420810758063,44.15796528826894],[9.605963036496775,44.15860131611904],[9.6055046661002,44.16177848907326],[9.6056485017092,44.16224405111946],[9.606048521859902,44.16282897586203],[9.608016064972658,44.164537811202344],[9.608653926461754,44.1650377799203],[9.608803497535753,44.165139393801596],[9.608979958908657,44.165271250053664],[9.609183264705008,44.16542884717812],[9.60929208701224,44.16552054906152],[9.609645838008166,44.16601608675365],[9.609907506675182,44.16642734593809],[9.610093994108553,44.16672044158268],[9.609957686477863,44.16729962246393],[9.609473863044148,44.16849473183956],[9.609460169216833,44.16852767387907],[9.608824535127221,44.169160320323705],[9.60791733190951,44.17003958356114],[9.606836800283874,44.17094339648153],[9.606327960207652,44.171335485016954],[9.60600354812277,44.17156791217488],[9.605661362513278,44.171717400413705],[9.602470062964244,44.17266922644853],[9.597604204526887,44.1726419028943],[9.590592019141297,44.17296515642641],[9.58670975441585,44.175256911886954],[9.583761959110028,44.17885334730251],[9.578394488725769,44.182716248744704],[9.576647633922747,44.18127444961425],[9.574638643759698,44.18036737801966],[9.573722367271616,44.18038098657278],[9.569788548812783,44.181890695417174],[9.567566172220161,44.183146357284286],[9.56745627089442,44.18323699833783],[9.567283602598827,44.18338328919659],[9.566566768628785,44.18431390396991],[9.56658914848537,44.18440498013357],[9.566646914332344,44.1845577471949],[9.567575029376025,44.186911959945],[9.568170860388877,44.188045643068186],[9.568815030297365,44.19127568511757],[9.565913382878168,44.19452446843559],[9.565112671918591,44.195144907544275],[9.563754086528014,44.19547752475128],[9.561294972847653,44.194940221512624],[9.560949880045577,44.19551786401586],[9.552359428758669,44.204731691308695],[9.552140865716344,44.204948822261116],[9.549133930189063,44.2066423113867],[9.548852465714273,44.20677491135904],[9.54849845034541,44.206941421924924],[9.547906277945645,44.20719522523163],[9.546432119167042,44.20732607884093],[9.545451521164916,44.20736677785161],[9.544513981187565,44.20732623468659],[9.543998603356869,44.20725666564227],[9.543631623917099,44.20717926755793],[9.543501747165877,44.207150867428],[9.541314280780888,44.20662119678738],[9.540647737478965,44.20644429166227],[9.539324700443924,44.20633350521607],[9.53519738439153,44.20666802451936],[9.533617748709116,44.2069016179523],[9.52978979932694,44.2074787522695],[9.5270072769893,44.208272642329185],[9.520546995630678,44.212489142901866],[9.517389124399102,44.21417936801326],[9.511287054608117,44.21666072672437],[9.509962516265226,44.217824984306475],[9.50651352687811,44.22053084463016],[9.504031033111657,44.221613116890666],[9.503454005755653,44.22184749068301],[9.497349070724605,44.23186989292033],[9.497288397625496,44.23209973515185],[9.496973624344582,44.23263791226685],[9.495546229250206,44.23451337377225],[9.494967685826937,44.23514609652086],[9.493376607343228,44.23615015053823],[9.492049221145807,44.23693230718809],[9.491031674220114,44.23751286670657],[9.488467364093047,44.23884889614725],[9.486334175575147,44.23958871908919],[9.48417887977485,44.24019691257319],[9.483916488764503,44.24027004937666],[9.483411878461949,44.24039485250164],[9.482297563671077,44.24058513220392],[9.481831144094015,44.24062997784167],[9.48164653924638,44.24064426102333],[9.48142280865974,44.240659834193174],[9.480684288381992,44.240704582724135],[9.48045515395298,44.24071499364117],[9.480352537149397,44.240719482895884],[9.479953621092323,44.240560230665366],[9.479747423464781,44.24042154935255],[9.479257641109012,44.240060106936745],[9.478973514810198,44.23976982885777],[9.478048204094403,44.23859092864558],[9.47797891252903,44.238347007068384],[9.477751247988396,44.237875299018256],[9.477160484620086,44.23702360388157],[9.476601791521498,44.23628348346393],[9.47507384639714,44.23467917216772],[9.47250825438089,44.23371666015074],[9.471499244971357,44.233764372897305],[9.46878437156208,44.233897589912644],[9.457044674001526,44.23828188493177],[9.453047515593008,44.23997173830498],[9.452643131335433,44.24015629019723],[9.45242466843808,44.24024718594526],[9.451959348901923,44.2403567178333],[9.451659957275416,44.240349246359926],[9.45065874269725,44.24015614024756],[9.446882687022839,44.23913721974406],[9.444790918195473,44.23827848710001],[9.443328443090248,44.238639792852844],[9.441411136739488,44.23989088475234],[9.439725218680328,44.24162022593643],[9.437444767187682,44.24695878455645],[9.434985840252654,44.25065604390459],[9.432649176116698,44.25354654922154],[9.43178074404518,44.254065720829935],[9.43084321385705,44.25454642139051],[9.428971075540796,44.255485280596794],[9.424775767978806,44.25748809175211],[9.423415792908198,44.258071272678066],[9.423044933993403,44.25821816821966],[9.42267301887863,44.25836425168186],[9.421898930276965,44.258649173894646],[9.421036786765258,44.25896295974095],[9.420354413653879,44.25918665086535],[9.419480570313581,44.25944697071605],[9.41854383824969,44.25962483981394],[9.417858668231982,44.259725256817646],[9.417406497481874,44.25977980220868],[9.417141812781665,44.259774016739584],[9.416322835052169,44.25955193524038],[9.415613452732893,44.2593294374674],[9.413941965446837,44.25879194934366],[9.413474968122745,44.25851792177501],[9.413305667712416,44.25840017166361],[9.413231706287476,44.25832862695578],[9.413087432890718,44.258186212033095],[9.412664381341612,44.25770157844149],[9.41135248200765,44.25550056836842],[9.405982222043336,44.25193657365254],[9.405816976466063,44.25185544772875],[9.404982524675853,44.251696236150075],[9.40386841990508,44.251756731656386],[9.403425554629893,44.251936351838076],[9.40333552459828,44.25230607073587],[9.402958841179789,44.25400784768606],[9.402923068592209,44.25427243817373],[9.40066822960731,44.260715282697376],[9.397898074956425,44.26466828733462],[9.395563831159858,44.26749365688794],[9.392565556408751,44.2672481053894],[9.38629251039502,44.27001990174248],[9.387406018576623,44.26977079877957],[9.387743297052701,44.2697219975498],[9.38786072719343,44.26970543476641],[9.38790273783746,44.26970081128544],[9.390434591253547,44.270380759041885],[9.390917622487986,44.27074128640872],[9.391738006960056,44.271400196620796],[9.392428511631273,44.272074412994534],[9.392908536953508,44.27289180037585],[9.393030497436332,44.273114873080644],[9.393166994651581,44.27336469415694],[9.393445301327969,44.27401845456009],[9.393505988520861,44.274167166207796],[9.393713038006249,44.27468287876384],[9.393118350092482,44.276531648781884],[9.392663712465334,44.27775876287519],[9.390768699357261,44.28020936759411],[9.387001101485389,44.283484860776454],[9.383193927381871,44.28511035241585],[9.381695960263894,44.28603367446689],[9.379029728192842,44.288743443941335],[9.37902256053839,44.28884700187118],[9.378998217095704,44.2889596198337],[9.378950141535071,44.28903630523204],[9.378664942113952,44.289271328422004],[9.378378007536574,44.28948047287944],[9.377090673861806,44.290384630141865],[9.375398813146152,44.291316780703504],[9.37146396573253,44.29344871896098],[9.36816439447815,44.29523411171421],[9.363903187152124,44.2973792232189],[9.359176598038735,44.29960050757609],[9.358096890282614,44.30008608715159],[9.355458916090994,44.3012703381407],[9.353416092509306,44.3021544656232],[9.35273612803514,44.30244015999422],[9.346734643868187,44.3049073385185],[9.346442282143052,44.305025264882765],[9.345072502705658,44.30554594592751],[9.3448705006027,44.30557356503675],[9.344330135667347,44.305625836272675],[9.343974430240685,44.30563253483502],[9.343758082298606,44.305621313823885],[9.343646862286986,44.30561514648843],[9.343564717420982,44.305600541297046],[9.343263786232189,44.30554585774228],[9.340429837029284,44.306773026364546],[9.335306106572892,44.30942379422011],[9.334893398618073,44.309608440479614],[9.334213283350133,44.30989852619362],[9.333176156031172,44.309416522944126],[9.333109986026276,44.30852429817054],[9.333966947950836,44.30736266629052],[9.33451317894738,44.306959311840465],[9.34130254080062,44.30403014884082],[9.341707489885206,44.30386913540394],[9.342398625157543,44.30360597992315],[9.343140620771921,44.30346645817914],[9.342879381235973,44.30300809191804],[9.341653609946793,44.3034956737273],[9.333784094513874,44.306899548822294],[9.332686305213725,44.308431002114865],[9.33279866203862,44.31000956715557],[9.333157256389779,44.31133983088666],[9.330570689697376,44.310413289097944],[9.32959957134743,44.31024053832068],[9.32683880058433,44.31038126631268],[9.322340616999046,44.31065513380538],[9.321494910937046,44.31077117930677],[9.320809247667038,44.310920530485475],[9.320096987077989,44.31107895419357],[9.3167861545442,44.31182642562891],[9.315984099674678,44.31201636982836],[9.315255656504592,44.31229422313922],[9.314742086654341,44.31272910376845],[9.315291936168384,44.31292067859877],[9.31576193754674,44.31254896494794],[9.317049082343111,44.31204626817172],[9.317451346158593,44.31194611872215],[9.319107574024015,44.31157575924109],[9.319550629871793,44.31148449144197],[9.322199894707628,44.31101963882495],[9.322852737766087,44.311046024473605],[9.32401201608142,44.31245102032772],[9.323965275815748,44.31262233255773],[9.323733531476135,44.31287946375501],[9.32365828677139,44.312920102299],[9.321525927628047,44.313873207615586],[9.316610356923146,44.31644316817657],[9.300162131198876,44.323369122482134],[9.286818704586922,44.328200905770245],[9.280425125911885,44.32979342145763],[9.276937431740887,44.33093629558469],[9.264903214217469,44.3359164513984],[9.2614563035385,44.33645589001439],[9.254854478383796,44.33804687710191],[9.24635737430449,44.340893442125896],[9.244590604356082,44.341678579463284],[9.243765596559896,44.34211633061338],[9.243536205638355,44.34229388395124],[9.243384820863426,44.342459910699176],[9.241563241249631,44.343351675963824],[9.236467449747494,44.34667878678228],[9.23582610115302,44.34746855488493],[9.235678453671007,44.34759597597885],[9.235469652401562,44.347756694356725],[9.235280319100255,44.347863994616375],[9.234418790851318,44.34812234749279],[9.233367071599165,44.34827417607079],[9.231611263908968,44.34844880319177],[9.230916535267937,44.3484569601569],[9.23043944013509,44.34837239554833],[9.230042050996358,44.34821677196782],[9.229755141846967,44.34808948671706],[9.229604960880737,44.34793293736767],[9.229454556732403,44.34756974787402],[9.229343469614587,44.34723461347117],[9.229395913914981,44.345647610451046],[9.230761385197518,44.344086377094],[9.225379090880685,44.33787386750784],[9.225617068889147,44.33614483735718],[9.225184555020169,44.33513809114091],[9.222765755305298,44.33479936844477],[9.222292513601985,44.334780662980165],[9.22029962828074,44.334771019366116],[9.22004249541216,44.33482390601391],[9.21963067210611,44.33497370057528],[9.216653965872851,44.33554330023044],[9.215743409415861,44.33568225871705],[9.215230458738151,44.33562020554017],[9.21516131206819,44.33557757256534],[9.214829608030685,44.33534074515734],[9.214167224136087,44.33470169628491],[9.213736774381358,44.333603047869985],[9.212737949688298,44.33056412260309],[9.213664076391911,44.3295743244347],[9.213952449398342,44.32945766684681],[9.214575187416065,44.329205743949814],[9.215863206334562,44.3268771869732],[9.213530368019343,44.31389708672085],[9.214070247501272,44.31322760800446],[9.214069032514505,44.31289337613166],[9.212551840527894,44.31115751834099],[9.211583259511409,44.31073471355769],[9.209003684291716,44.310616182357414],[9.210834756250106,44.30828538136589],[9.216636784345217,44.30162741856123],[9.21744920277145,44.30083655125686],[9.217693686397395,44.3004662320248],[9.21880140062133,44.29871837152847],[9.218700514167862,44.298528265761675],[9.218376033955781,44.29845208883738],[9.217547144758678,44.2985045924927],[9.216999226000073,44.298646306193795],[9.2084247207067,44.301300141086934],[9.19707195719292,44.30566421259182],[9.188442759921744,44.308546145619445],[9.182283421480813,44.30895234266711],[9.18250849688527,44.30882577984855],[9.182468163802525,44.308685552021586],[9.182278028468751,44.308672277224886],[9.17877110314906,44.30891400914372],[9.178568011004131,44.309041737539154],[9.178462943175859,44.30910805412324],[9.176502387523671,44.310703496550694],[9.175906800204121,44.311223210501076],[9.175638258177663,44.311570237136166],[9.175331102567869,44.312109760038354],[9.16882114989725,44.31346999979681],[9.157051319396052,44.31565312059079],[9.155563728491959,44.31576959520299],[9.153177212683058,44.31674087604185],[9.152255664001686,44.31712709288705],[9.150908341395425,44.31845017996176],[9.150449878220419,44.319555776542664],[9.149473095635466,44.32193834285958],[9.148824650753937,44.324632190444696],[9.15062285680161,44.32650581791745],[9.153351613031425,44.331077911177985],[9.153843557597195,44.33213271544515],[9.154366864953383,44.33337429138795],[9.155230967773996,44.33698988247156],[9.155301562554559,44.33797955827577],[9.155427537150251,44.342608320039766],[9.155423960739297,44.342843931643316],[9.155055401270381,44.347565551981866],[9.154826243658196,44.348151718640906],[9.154306689886587,44.34886610862495],[9.154189645714306,44.34899459212325],[9.149655755849354,44.35284875383986],[9.147150129359282,44.355255468765236],[9.14355130250534,44.3581272249816],[9.139878263629903,44.36041141022404],[9.136576926004114,44.36063431259205],[9.133073376540974,44.36097155396201],[9.128398263837674,44.36214390150382],[9.12479781629522,44.36345443297959],[9.122790546810338,44.36452569861509],[9.115292263480566,44.36625305934186],[9.106749389796125,44.36826965111197],[9.105235294818849,44.369329858668344],[9.099030335799059,44.37185008607582],[9.090875721278382,44.37126492991864],[9.088153175444509,44.371980547705974],[9.082788716693692,44.374004576462184],[9.078979029842806,44.37508841011208],[9.076834835480923,44.37551784145404],[9.071660578466478,44.377133264779275],[9.068079014029822,44.377666061116514],[9.063792124220186,44.37747838877973],[9.06248684916754,44.37766366818678],[9.062378600916952,44.37768060781269],[9.05878735871079,44.37963612881473],[9.057997545383,44.380108909782756],[9.052159927986683,44.37959073983193],[9.046509522448149,44.37994074388134],[9.035245533255324,44.38139642349666],[9.026976320043365,44.382467715841806],[9.00805275139162,44.385090347754044],[8.99907223955007,44.386427375640714],[8.992408075373733,44.38950289806649],[8.987663077319851,44.391194969331586],[8.985059353606227,44.391908398570116],[8.984893241270532,44.39194410648965],[8.984690585055779,44.39198457450473],[8.98453444285466,44.392005991150825],[8.98424209114722,44.39204168186099],[8.983929813218719,44.39205354827595],[8.983693946381186,44.39205113268385],[8.983531167777725,44.392041581572585],[8.983013131955712,44.39196358479881],[8.982717343935297,44.39187666344323],[8.982632952850972,44.39183794902098],[8.98247080107293,44.391720609394895],[8.982458256503287,44.39168315634714],[8.980733156946846,44.39092516721119],[8.978593399901985,44.39023979492573],[8.977545259888355,44.38996212634082],[8.976048402010687,44.3897536141713],[8.973061311152835,44.38950027895404],[8.968074297979674,44.38986723748854],[8.958848184264939,44.3908782990209],[8.94961119782525,44.3927812954106],[8.940172730783118,44.39485781030824],[8.931337538580449,44.395569847797596],[8.927136128447058,44.40085972272832],[8.924276151859393,44.40619129119764],[8.926289470777999,44.40834093758336],[8.926837725428529,44.408406019755375],[8.927388376051871,44.40917588092269],[8.927408428624473,44.409230641873414],[8.927635587656392,44.40997192317662],[8.92497865032794,44.411814279109244],[8.923231656676656,44.4127815574762],[8.918952433417418,44.41354260973354],[8.915775219082375,44.413649983909984],[8.913420525146478,44.413005094463465],[8.91095618294351,44.407859044010195],[8.915643363573874,44.40455413556333],[8.918604348601614,44.40392876770409],[8.918853312471107,44.402720112200164],[8.918312194320235,44.40029278297439],[8.917758463471692,44.39818263953287],[8.908678134142608,44.399810280790774],[8.908484942021747,44.4001084923055],[8.904688431108475,44.40139363052104],[8.896809051198156,44.403869196367545],[8.894833328822441,44.404461848483365],[8.885183564018627,44.40646621235487],[8.875835213895222,44.40584748350045],[8.87137208774033,44.40522981855772],[8.86994383161359,44.40550089631978],[8.864364592302838,44.40657218744563],[8.861504408808335,44.407127178713125],[8.829113014881997,44.413486865313295],[8.823530169503451,44.41458526829863],[8.821988760469148,44.41489716425296],[8.821908513018762,44.415049320606066],[8.822927228075704,44.41767669994322],[8.823002521508437,44.41780505230588],[8.823134570213163,44.417772075955284],[8.823119467524423,44.41770547560889],[8.824058979261633,44.417513788542195],[8.83464696976249,44.415422509695105],[8.839731600235151,44.41514366461941],[8.842854920584672,44.41569418663372],[8.849265339525587,44.41822145060574],[8.849997136089657,44.418703713384694],[8.849272516186375,44.41938163168295],[8.847619911112464,44.42011630469873],[8.847536773483851,44.42013405900137],[8.847457798988028,44.42014884156273],[8.847092042800055,44.42020790272736],[8.847017232676675,44.42021822334739],[8.838723162102276,44.42116788242042],[8.837664371919509,44.42284749028607],[8.832589750601201,44.42346709337299],[8.830425609568216,44.423463465240026],[8.809884110669605,44.42354787002067],[8.805160961801775,44.42360530305573],[8.797228099097513,44.42452675639859],[8.781216529086956,44.42616384417401],[8.77720215976834,44.42651634986696],[8.777035728683252,44.42651471879748],[8.776998586230164,44.42647852962117],[8.77687382244918,44.426342124413495],[8.776855643517722,44.42630085412146],[8.776939978709368,44.426221240237076],[8.777518120045054,44.42581296392726],[8.777874656370955,44.425612393165835],[8.778891245113119,44.425128073847404],[8.778933060290292,44.42511319207239],[8.780608636496481,44.42483961073807],[8.781538306332386,44.42469774876907],[8.782071026713105,44.424619464031025],[8.7877971401034,44.423780356205405],[8.788971554471342,44.42360692355775],[8.790201935742182,44.42341833353311],[8.793563732364657,44.42290142545465],[8.797173509097734,44.42234558500235],[8.797728002553411,44.42222223095734],[8.797779104174664,44.42216661366399],[8.797803080410029,44.42212072271673],[8.797741037459925,44.421716049507474],[8.796971802006695,44.41783114044729],[8.796734688477898,44.4172018689114],[8.796291624593895,44.41726192174132],[8.777521563472146,44.42008813731976],[8.77221856637579,44.42342099545016],[8.761577291219856,44.42607795475221],[8.761366921725593,44.426124959472325],[8.760833414107584,44.42623736844558],[8.760229190784237,44.42634593624009],[8.758520694088412,44.42657037608752],[8.754870088390234,44.42698975456983],[8.74752527171447,44.427109453607066],[8.747276277178074,44.42710728244768],[8.746990122847134,44.42709899654183],[8.745253637887505,44.427040220499435],[8.743775345253113,44.4269804751555],[8.743551715211877,44.42695278472894],[8.743243717345898,44.426912301181275],[8.741656397719881,44.42661567263538],[8.741120409024058,44.42641248233184],[8.740636249167292,44.42622300058464],[8.7390278616468,44.425165113294774],[8.738062255124088,44.42452533029466],[8.72663160612723,44.41775708611274],[8.724098383116345,44.41668848728663],[8.718474452035863,44.4161640362784],[8.713811914856368,44.41569807362536],[8.71333006359189,44.41561440550686],[8.712029230086797,44.41534186257244],[8.711797341822852,44.415289323163],[8.710049582048782,44.41482423571333],[8.70571842680354,44.4133477738091],[8.704535425728862,44.41292502837522],[8.702902852354123,44.41221737902083],[8.69499195716834,44.40912657483451],[8.693946759044707,44.40875466449907],[8.692926879633404,44.40834680210341],[8.690820509011543,44.40707172634438],[8.686916636321744,44.40376156761807],[8.686662016066558,44.40352679665196],[8.686460984656414,44.4032516593134],[8.685571215337161,44.40135875206044],[8.685547577216376,44.401115497813144],[8.685616001118056,44.40074819161636],[8.68571261877294,44.40024266709722],[8.68624708279051,44.39878513689744],[8.686284584686987,44.39873773442913],[8.686828311070636,44.39807106092288],[8.68696453975493,44.39800881573863],[8.687616601099183,44.398034982488866],[8.682285238699814,44.394641938896136],[8.680009519753867,44.39341171090669],[8.679749722076142,44.39327594133836],[8.678254271046407,44.39265053876434],[8.668725221348732,44.39083173875642],[8.665284944916063,44.390295045747465],[8.662167263122825,44.39043666294376],[8.659495642477449,44.39051650722052],[8.655031018118878,44.390374974398924],[8.653537652267275,44.3903275368007],[8.651007261306109,44.3901454035025],[8.649340602776311,44.389872464956014],[8.64123627053484,44.38677508427848],[8.638150779050417,44.384770102735985],[8.637584390564907,44.38347865005938],[8.636744945131671,44.38168667061767],[8.636081615743448,44.380856298458816],[8.63575988089084,44.38061219636989],[8.635547428391057,44.38045847023905],[8.635264423169946,44.38029551644043],[8.635009550715935,44.380150656742885],[8.634806070160494,44.38006898112315],[8.633874241630382,44.37977790695693],[8.633425702225827,44.37974045673576],[8.633176144816119,44.379750909197],[8.632801007951606,44.37974484677921],[8.632454566968907,44.37971483141248],[8.632093898208355,44.37967765687441],[8.631893975993048,44.379655068184086],[8.63142162941349,44.3795359454427],[8.630721939183355,44.37926360017789],[8.630341119456618,44.37893826647792],[8.62959951469979,44.378098600039436],[8.628758767889266,44.37623254762445],[8.627239329237074,44.37454053370599],[8.623969718392567,44.371828729916565],[8.61616557601534,44.36839419716894],[8.596352756064249,44.361771816744884],[8.590396805492789,44.360386679872924],[8.58223925947536,44.359605396449375],[8.580320951457397,44.35937329281809],[8.579781980621323,44.359285784298336],[8.574746196449942,44.35828583444348],[8.573329775154004,44.35781668594608],[8.572535076917742,44.357523107069184],[8.571383076685585,44.35705667558794],[8.57070131454193,44.35675874328731],[8.567209965981062,44.35502654580714],[8.567011538662987,44.35488745190146],[8.566986872801415,44.354850372512296],[8.566502718446605,44.354122528917756],[8.566245758567689,44.353448587894256],[8.566218594755783,44.35335718678209],[8.56613976546224,44.35272120385907],[8.566216053279685,44.35215993935298],[8.566376199676835,44.351711528154844],[8.566778147692787,44.351013080462764],[8.567214756683093,44.35050494719832],[8.56835058129921,44.34981827408137],[8.568884981365583,44.3496593654589],[8.567600790076392,44.34876885328076],[8.564971128330148,44.347942596873516],[8.565014094408019,44.34778334431342],[8.564792570823098,44.34698912151052],[8.5643986084896,44.34618636311397],[8.554791928361587,44.34464284201328],[8.550086550684675,44.34376425186064],[8.545476142019384,44.34091909107857],[8.543125214979826,44.337870520701685],[8.53470247239978,44.33430890804548],[8.53280174981462,44.333936847953275],[8.530349875160574,44.33330446708265],[8.529739710552949,44.333139904963055],[8.52931449735747,44.33295813191016],[8.52902250263254,44.332833101406216],[8.526265656886657,44.33137018720237],[8.52595660882991,44.330972580461385],[8.523019473980225,44.33026966654993],[8.521611917470604,44.33003390989812],[8.514109549797146,44.329132336392455],[8.509344299694368,44.32844676171796],[8.496039268532288,44.320707210160926],[8.494212685602761,44.31819632298818],[8.49110411607177,44.31495947379235],[8.489786579791742,44.31434139672428],[8.488912261019864,44.31387006205631],[8.487799067425875,44.3128920248145],[8.48613820278388,44.311228026513355],[8.485103772470175,44.309990761002204],[8.484850340652004,44.308845449109214],[8.484837188546052,44.30855729521385],[8.484855608739874,44.30842233490379],[8.48497237494302,44.308152772860566],[8.485200800101564,44.307838699796186],[8.485771574899903,44.30726508234874],[8.48681826891463,44.30764791702672],[8.4867149885417,44.307809501821914],[8.491871682044298,44.31246836269117],[8.491972941242436,44.31254154927434],[8.494240616841337,44.313667976824156],[8.500134987910519,44.31659204166009],[8.500337705421268,44.3166230139097],[8.500889171878141,44.31610100367554],[8.501197437898329,44.315723566046024],[8.49687729103546,44.31014146581832],[8.492594511753182,44.30636625950595],[8.488891288155285,44.30422022446404],[8.475420975519967,44.29963668675901],[8.475020494166664,44.29956738632351],[8.472693508932844,44.29900939661534],[8.471275321867454,44.298667481052064],[8.470692512935788,44.29848134705677],[8.468851974424888,44.297887611291536],[8.468016208808132,44.2976046299418],[8.466546501695587,44.29707560368777],[8.46495707307124,44.29644696623793],[8.462463351421663,44.29532789375425],[8.462252868310028,44.29522155948961],[8.462193524711175,44.29519157910222],[8.459269708933123,44.29365627494058],[8.458724314703082,44.293329585323185],[8.458023411416525,44.29287611375335],[8.455233573880353,44.29103449256369],[8.455102258631745,44.290939593617246],[8.451055864541432,44.28797232253146],[8.448126442722517,44.28544628921339],[8.447945348139815,44.28521133672455],[8.445623997796098,44.28100695596519],[8.444905528969667,44.28029569172877],[8.443397521264808,44.27873412907948],[8.442155804400624,44.277359617798396],[8.44197057042603,44.277070616945046],[8.441367092377519,44.276122353111916],[8.440999457387376,44.27541269429012],[8.44065889428185,44.27465702696336],[8.440602191125128,44.27452508038906],[8.440499900160214,44.27424548622844],[8.440190800787631,44.27314673228358],[8.440075591636413,44.27241354848269],[8.440428107194835,44.27025680723545],[8.4404494460418,44.27022175747506],[8.4404913968625,44.27015285359047],[8.440522882481465,44.27010114111474],[8.440553809138763,44.2700503613114],[8.44167980087553,44.26840832073791],[8.441963490864282,44.267995505252564],[8.446074203943924,44.264650474216694],[8.450169027896614,44.26297117519059],[8.452447827477023,44.26373300598272],[8.45408037605942,44.26590802123567],[8.453907757268283,44.26645300321241],[8.453669884822995,44.26731570106049],[8.453606329222058,44.2675465528392],[8.45388973699623,44.267553535018365],[8.455297491711296,44.26313410166875],[8.45572145259653,44.26168668819821],[8.456054119867227,44.260254542183525],[8.456329581665305,44.258401231762505],[8.455427719975589,44.25720291091742],[8.452245720349696,44.25350771027098],[8.450807319301644,44.252103083728045],[8.44508495278897,44.24323444724679],[8.445310542641609,44.242551311653656],[8.445481588067896,44.24194967886383],[8.445414106437084,44.240859242289666],[8.442995427044858,44.23804241758911],[8.439882416458868,44.237267490141974],[8.43614839041263,44.236749004800274],[8.435616659795059,44.236534807370425],[8.431275747273798,44.23466762498526],[8.428054427972281,44.23299500519607],[8.423910078838784,44.23022824690716],[8.423703504064477,44.230065149460884],[8.421864769282866,44.228469069606525],[8.419312084681373,44.22588574527823],[8.418153529767961,44.224657682853255],[8.41745306228114,44.22379769626657],[8.417019208312654,44.22319902926615],[8.416199768359233,44.222030076158184],[8.416132126255246,44.221907063498904],[8.41599512724176,44.22151810524887],[8.415917668251018,44.22128025305251],[8.415849390365498,44.22090515155769],[8.415819937483686,44.21866098149061],[8.4168089448053,44.21311114066562],[8.417339617476376,44.206102677482654],[8.422559951753618,44.19887292636154],[8.42325832880339,44.19855209852784],[8.425307386251363,44.197124178298374],[8.425262649527806,44.19606955689761],[8.425074985908347,44.19544618089008],[8.424784071774097,44.1950210471371],[8.424732927861973,44.19495309103201],[8.424508002890091,44.19471744941239],[8.424436789522622,44.194650431033715],[8.422918571427807,44.19331548191139],[8.421978157922831,44.1925292990982],[8.42029395997157,44.191850032530056],[8.414533508033458,44.18968982724727],[8.410670141086738,44.18789117809893],[8.409736641875893,44.18739793862682],[8.409377314861127,44.18720138904977],[8.408338573096,44.186286697925425],[8.407870428460976,44.185869002408175],[8.407518668854262,44.18554306603849],[8.407359391864741,44.18536217671982],[8.406797620360583,44.18464135642951],[8.399072854466022,44.18111329777039],[8.390780983867097,44.18114252926331],[8.389964694923178,44.181138173168556],[8.38817989225946,44.18102959303185],[8.386614117313849,44.180913158950496],[8.384704602063811,44.18076784288603],[8.383698571915566,44.18066338550712],[8.383437894071024,44.18061696284103],[8.373841740426313,44.178340362722224],[8.370151384600431,44.17695335203408],[8.369131814289158,44.175563861857974],[8.368151442826848,44.17422763953881],[8.358720739283097,44.17164032491847],[8.347478570470408,44.168875188252926],[8.345072654423117,44.16827734081488],[8.343666594853524,44.16789564009731],[8.343296041715933,44.16775508866562],[8.338580274120337,44.16595763476226],[8.338514845838892,44.165898452238864],[8.338300125135392,44.16570392470532],[8.33761960595173,44.16504274968612],[8.337521555803026,44.16486324372973],[8.329069899603475,44.16125654409098],[8.322959880811501,44.16017557538868],[8.303230218669803,44.15602294946166],[8.301589364829017,44.15558302763798],[8.298461417240649,44.15466129393596],[8.297451033858902,44.154315214983754],[8.295617263717398,44.1536748257198],[8.293549548481451,44.15286302602358],[8.289235714896119,44.15088032688876],[8.275407356837583,44.143597659810304],[8.273608888581794,44.14254636999511],[8.272578776057024,44.1419264727235],[8.269068019728397,44.13932014717106],[8.26944376825332,44.13901081526566],[8.270770168044116,44.13777122167968],[8.268588838857447,44.1363930870226],[8.26660774420327,44.1358257666611],[8.265184948521801,44.134628200946956],[8.2645991844123,44.13410674709667],[8.26445850736089,44.13397446655916],[8.264145488944209,44.13361155990808],[8.263119242584255,44.13233810309089],[8.263123362288649,44.132153670530634],[8.26318125852126,44.13200560152797],[8.263530825366443,44.13186470797999],[8.263669900344471,44.1318086533268],[8.263779030183708,44.13176577089333],[8.263859412120247,44.13173418499475],[8.264322997497048,44.131552018870366],[8.264679458037964,44.13142240047733],[8.264900874633309,44.13134188748902],[8.26515624996272,44.13139811642167],[8.26609657763597,44.132668975695836],[8.266573964327515,44.132673758430855],[8.26898170361548,44.132256581444345],[8.267384496778638,44.13101403614891],[8.258744865994815,44.1245549146104],[8.252641744339964,44.119262752570336],[8.250192433244488,44.117389787541],[8.249396202379392,44.1169816639283],[8.249344718088643,44.11648276971814],[8.248563361151303,44.115025861427824],[8.245195941572272,44.11093757611501],[8.244863891848501,44.110640526116974],[8.244590653021648,44.11038662884963],[8.243734126710272,44.10953211915864],[8.242237083688494,44.10783625795561],[8.241003444381247,44.10643398472593],[8.240124699967339,44.1054063551121],[8.238001521347988,44.1028125770631],[8.237492239936328,44.10218253349428],[8.234041463988827,44.09595620813987],[8.231361411015023,44.09152097690319],[8.229837009177086,44.08818175069035],[8.229136986917915,44.08641801549794],[8.226766143128675,44.08035967263004],[8.226694565851128,44.08009657560048],[8.226651425388502,44.07993799289225],[8.226514937272757,44.079013333555324],[8.226478427789006,44.0787168732154],[8.22635720586361,44.07759626601492],[8.225808573905221,44.072389872387],[8.225299330529742,44.06812971324784],[8.225082268332658,44.065356647320144],[8.225305052445048,44.057600166274156],[8.22617817704774,44.05262714524071],[8.226931929454734,44.049379320276266],[8.227338709336488,44.04823298287154],[8.226334078610476,44.04497823026052],[8.225683178795835,44.0431891681654],[8.225373815142706,44.0428535684633],[8.224622854944952,44.04219338157093],[8.224345123486554,44.041965191055894],[8.21940010503051,44.03967602670761],[8.208343346905094,44.034746910052576],[8.20097794555835,44.02897922996947],[8.194609776176804,44.02347870865754],[8.19375853185774,44.02272193221969],[8.193158540137565,44.022156078182],[8.192654416088976,44.02160113172955],[8.192413205299664,44.021248107223755],[8.192277832767939,44.02099505563429],[8.192171602795652,44.02077822371051],[8.192100996115245,44.020579649573435],[8.192038677604183,44.02034512201699],[8.192006599763685,44.02006579015321],[8.191975989445812,44.019678428189614],[8.192311819634321,44.01780247374726],[8.186024486882465,44.015350574099614],[8.185772983186583,44.015267751858836],[8.18513661402124,44.01504713302642],[8.184616967322524,44.01484422608261],[8.184269822586161,44.014685314010016],[8.183811211918218,44.01446708310747],[8.183241246049501,44.014181654796374],[8.181805102119423,44.013379080641876],[8.180626276392152,44.01257833490045],[8.179472599921878,44.01176537776238],[8.178814946452572,44.01128347316878],[8.17846510220692,44.01098384673411],[8.17643619737038,44.00919219555797],[8.175931036243899,44.00873725822253],[8.17509977371351,44.00796034353686],[8.174458087281263,44.00734460323889],[8.174204204599976,44.00709967769326],[8.173606206226616,44.00648312285208],[8.173357258094896,44.00622022325105],[8.169782962111098,44.00221574340737],[8.168945302141289,44.001254354549836],[8.168703009272305,44.000964482580464],[8.16775032903707,43.999742087932084],[8.165941815706715,43.99718093588757],[8.165017519512158,43.9958326761814],[8.164098532062578,43.99433139013063],[8.163961401932918,43.99410530150453],[8.163296535302004,43.99293899404463],[8.163118969844794,43.992595563821055],[8.162129838506011,43.98990848391475],[8.16150365768403,43.98863122157221],[8.160864739064682,43.98706893740442],[8.16065558103071,43.98653619849615],[8.160048352356139,43.98483008875665],[8.15971371899799,43.98380123749013],[8.159541697983954,43.98317873616657],[8.159433414594128,43.98245766492782],[8.159285751104473,43.981214105073086],[8.159550974332413,43.97579948132256],[8.159597996745342,43.97544551648928],[8.159834135469922,43.97382631545432],[8.15989559847261,43.97355666463885],[8.160408929470025,43.972074869339686],[8.160547372644551,43.97176076613797],[8.161079485305292,43.97060323206344],[8.16128374431815,43.970262600545276],[8.161385240168405,43.97013729714388],[8.16670859571172,43.96516967782682],[8.172312753736193,43.959962438212195],[8.173968892679929,43.95520785834166],[8.17390020719857,43.955056508273245],[8.173706628954852,43.95474786526393],[8.173492177223457,43.95459663117756],[8.173193935591769,43.954421156993604],[8.170735424098465,43.952976295348755],[8.16888762019813,43.95243053852381],[8.167397808978023,43.95224412481317],[8.166528227912027,43.952155639323045],[8.16474586055183,43.9520593465963],[8.16446536776383,43.952065173939545],[8.159084258456064,43.95210999711692],[8.157307128701534,43.95203453943057],[8.152855066533126,43.95127851058133],[8.152461924152211,43.95120919482131],[8.150818949550901,43.95084473495908],[8.14847921964925,43.950286878763904],[8.146609169479719,43.949689060300905],[8.145691248301015,43.94928154552385],[8.142829569031488,43.947986123372424],[8.142052983734905,43.947611151906536],[8.141567476305585,43.94735990943486],[8.140511782350842,43.94668121381845],[8.138816579943615,43.94509283906859],[8.136981463596278,43.94284613030614],[8.135688062905153,43.940583442032],[8.135377492647871,43.938977006357305],[8.134616752949626,43.93702654413602],[8.133704562581345,43.933924757605034],[8.133262736297024,43.9320700611648],[8.12829171538511,43.926744933280915],[8.126724876229417,43.926341316000496],[8.121684213135644,43.92582099176613],[8.117260304110557,43.92505203787307],[8.114070866830236,43.92411936154973],[8.112687735201362,43.923660463958065],[8.10723976281863,43.920949755637416],[8.10693694551567,43.92078624929866],[8.103655546978578,43.920003368664425],[8.094251447937395,43.91682163763922],[8.088211383157358,43.912740552544385],[8.07978727408162,43.905740749284995],[8.078948757568643,43.90499074334025],[8.078462861428903,43.904450827939954],[8.078036712575027,43.903882806942995],[8.07783600627466,43.90343809601985],[8.077330317142183,43.90225021288418],[8.077170355731976,43.9017389688019],[8.07716019387199,43.90111712922326],[8.077181062978218,43.90104583153569],[8.079108151505327,43.898607802530236],[8.080141207096986,43.897917411575115],[8.080563622042412,43.89777562873092],[8.078567953213566,43.895455576634625],[8.077171217882846,43.894008417038584],[8.074580952899764,43.892235150255786],[8.07409511256239,43.89195210461611],[8.073017861403002,43.891370518020345],[8.072420910386226,43.89112820471017],[8.071514487015813,43.890771954982256],[8.071237616334987,43.89076295219522],[8.071179388565596,43.89060894352303],[8.071144937888533,43.89051797707339],[8.068016135936109,43.88917122813707],[8.066858369699338,43.88896932751609],[8.05623684259247,43.88752196724584],[8.046167371207842,43.88678259178952],[8.044710996649911,43.88700473538536],[8.038695760673626,43.88585619444685],[8.033993690677129,43.884491813225935],[8.023394547370724,43.880050819610005],[8.021975193052905,43.8766407571293],[8.017851992274402,43.87372943452331],[8.01615782148282,43.872655678459175],[8.015682683516559,43.87236727450915],[8.015417669222314,43.872210804626626],[8.015227878205513,43.87211575711514],[8.015014864732429,43.87201375547105],[8.014407790174948,43.87193111379672],[8.007956618824288,43.87055465584626],[8.00470320388528,43.86984303447828],[8.001651185455625,43.86870852695664],[7.995214127559429,43.86613200894563],[7.9880047285804485,43.86429784629093],[7.982487556177394,43.86367403968524],[7.97808377609817,43.86277588511531],[7.972144292611377,43.86117962171477],[7.970084159479286,43.86041300050811],[7.9698972191046416,43.85930547376896],[7.969769447403212,43.85865898185879],[7.966121037811009,43.85211830461968],[7.961388156820864,43.85061455742298],[7.959332259937702,43.85016048412815],[7.958322900161657,43.84998791283303],[7.9578913082691205,43.84997698181918],[7.957834791145744,43.84997558402786],[7.9567888140713725,43.85006850081001],[7.949306387086423,43.84704332868111],[7.940881973362982,43.84544174188296],[7.938680045081131,43.84525781594103],[7.931956267316394,43.84474392421622],[7.92976479667072,43.84464388270995],[7.925658668596343,43.84447586437484],[7.925421334966867,43.84447370751483],[7.925223271758139,43.844472655129074],[7.924654586959903,43.844476995602314],[7.924063089567249,43.84450462978384],[7.923212938971178,43.84455651890994],[7.920067302658085,43.844124798457166],[7.91776125013144,43.843606656704296],[7.917479833477872,43.84351845695547],[7.9173268509482195,43.843465236387964],[7.916482135999891,43.84314097799066],[7.916215790747087,43.8429077344242],[7.9160163341664385,43.84258733877542],[7.915536616107458,43.84142919991329],[7.9155426074349995,43.841012842275674],[7.914813259198864,43.839641959433195],[7.908073325245922,43.83620468656769],[7.89497357746733,43.837661136632924],[7.894411479251308,43.8377519212264],[7.891759531727994,43.83806927413465],[7.889814997167674,43.83779267071326],[7.888425876021851,43.83756790372225],[7.886157909720838,43.83707531877479],[7.885365881569061,43.83667421265092],[7.885131045027525,43.83717837511754],[7.883990592261706,43.8372190139832],[7.883542817925159,43.837218016365185],[7.875554219491019,43.83622963325527],[7.867614694832657,43.83403156093483],[7.8609160478297015,43.83139164140395],[7.847066867514332,43.82879305642638],[7.844060153026441,43.82710601181876],[7.841426865264512,43.82500851020231],[7.84070444473072,43.8228178027991],[7.839946370096792,43.82086532114792],[7.839386267841182,43.820213119373875],[7.835742530234559,43.81749989308904],[7.834612684473636,43.816975494600996],[7.83446767561833,43.81691454069417],[7.834430966760101,43.8168991120543],[7.833952476826851,43.81671665734298],[7.833044075708493,43.816432772670595],[7.8329759639817995,43.81641857151053],[7.832889115382358,43.81640868080414],[7.830443580878618,43.816132090966114],[7.8284996618452025,43.81673291410842],[7.822175423749896,43.81896748919839],[7.819855067174683,43.82033995849544],[7.817759292217619,43.82119900386777],[7.817185145473219,43.82141530093762],[7.816728323408858,43.82156363365752],[7.815902414428406,43.8218251879226],[7.81565224211144,43.82189912594896],[7.814453156443359,43.82216580417305],[7.814390723673374,43.82217866198766],[7.814116507898751,43.82223423081846],[7.813355040084623,43.82235698772869],[7.807781983989221,43.823077793775425],[7.807220967358134,43.82314846976249],[7.806585440640295,43.82321386389968],[7.8055579085623465,43.82329316415254],[7.80548943568957,43.823296949355296],[7.8054397024990445,43.823296429466524],[7.805123015046387,43.82327511193731],[7.80502372954282,43.82326507000502],[7.804980302826452,43.823260114012726],[7.804915164009358,43.82325268000648],[7.8048555685784,43.82324278020221],[7.804813000722136,43.82323523105812],[7.804575922010489,43.82319285392383],[7.80359123443857,43.822916941015265],[7.802780325436599,43.822579815389155],[7.800931321373722,43.821763609288645],[7.800536893906595,43.82158840025411],[7.800062557840611,43.821367333138554],[7.793323028219482,43.81980176082874],[7.792780675646642,43.81987256303719],[7.792226344260953,43.81992072678843],[7.792176523368554,43.81992470205533],[7.79143606734929,43.81995288799577],[7.790603093590931,43.81994407516788],[7.789621840500608,43.81988866721665],[7.788603930247507,43.81980134925761],[7.788548075037886,43.81979625526289],[7.787331978700585,43.81967081077825],[7.78717693865474,43.819651157934565],[7.786991090987914,43.819617672292175],[7.7869354183816855,43.81960357573886],[7.786873621949039,43.81958491319263],[7.7868180405496465,43.819566315696065],[7.786706879099048,43.81952912063605],[7.7819154525418845,43.81727675087845],[7.779517377614813,43.81444202714113],[7.773858064987173,43.81351931674196],[7.766302907538583,43.81094642060537],[7.752287128621092,43.80518905099611],[7.740833221116905,43.797727947703045],[7.740035183971206,43.79692084778967],[7.740339783494072,43.79648156239279],[7.739080657500777,43.79555498045127],[7.738837404107048,43.79541839968192],[7.737322426629282,43.79528072433514],[7.737148666175756,43.795277685045235],[7.736770051480435,43.79531851176642],[7.735874395542805,43.79547078615765],[7.735038586594426,43.79562245009359],[7.725466383557729,43.79824973871367],[7.721706771629122,43.79931294296807],[7.714784510600338,43.80064624149184],[7.713794190794511,43.8008137671836],[7.713052788702026,43.80087688685034],[7.712675145737188,43.80084881107976],[7.709999352980892,43.80042951077635],[7.709026857340415,43.8002744703975],[7.702909855460841,43.79888235205067],[7.702558476086857,43.79879960291364],[7.701523699193566,43.79903249320738],[7.701333330298322,43.798997691359396],[7.699996787777116,43.79865048342621],[7.699750579324916,43.7985396383551],[7.69890128207569,43.79815181752396],[7.698180149302343,43.79780146544309],[7.6981284173804205,43.79777379827129],[7.698014466019644,43.79770278052032],[7.697506463885053,43.79737265000819],[7.69694415331411,43.796975915020965],[7.695767229158736,43.795937198481376],[7.695208463255247,43.79531000882024],[7.694186017388399,43.7936089358734],[7.685319274326675,43.785611809959015],[7.67597917031308,43.77908998174212],[7.67607616492728,43.77879495497693],[7.674064328390977,43.7766120271902],[7.673255412482958,43.77620897794145],[7.672821277050243,43.77616549968095],[7.664897542598774,43.77737148870828],[7.662008714734727,43.77790944009447],[7.657245746940367,43.778965922205714],[7.654548653172468,43.77961285063147],[7.646162808142359,43.78148675536326],[7.633208959784323,43.78360759431812],[7.63112388723051,43.78405706994228],[7.630023982355568,43.784129281965754],[7.626202291719894,43.784452648359355],[7.623829981375643,43.78466232767415],[7.611109799000045,43.78656907016839],[7.601534422138479,43.788766694000415],[7.592457108008771,43.79133046115576],[7.590905207223886,43.791587071761064],[7.5881384756409025,43.7920105877937],[7.5839068924138155,43.792340146238644],[7.575391305547511,43.79286117455641],[7.574528948140476,43.79286392567191],[7.5737427516359626,43.792800093051135],[7.57209214594487,43.792629795669534],[7.5714988740030575,43.79255485267654],[7.569826268509439,43.7923302234369],[7.5695909610347005,43.792294639632956],[7.5693361051603745,43.7922317994493],[7.5631344991312055,43.78979698554285],[7.558672024867969,43.786953686448655],[7.557491326523622,43.78240058176111],[7.557181214966004,43.78127908683691],[7.556087678216447,43.78018033362204],[7.550727242914365,43.78120191468506],[7.538611553699052,43.78275689189761],[7.5346010753820565,43.78338899396144],[7.530722088838226,43.78421476184674],[7.529639963883158,43.78621767743168],[7.52329071627673,43.797827000308104],[7.51820248413497,43.80461302646442],[7.515989598979263,43.81168801560082],[7.5142205905794155,43.81684209743532],[7.510350200811854,43.828037186472656],[7.50839082930902,43.83486334610744],[7.507793657365293,43.84135612244854],[7.507989033707004,43.841502731090145],[7.508049192413985,43.84158454842561],[7.508071820129511,43.84167488020724],[7.508022622628621,43.841714753244666],[7.507957656160589,43.84176342487517],[7.507603179099977,43.84201089527776],[7.507388407353863,43.84214314248471],[7.506062676495039,43.84292713294954],[7.505911200821729,43.84301518768787],[7.505709531759845,43.843120593055275],[7.505419912881396,43.84326086216784],[7.5030651523225975,43.84440049765884],[7.502475929748342,43.8445818508882],[7.502087707849379,43.84468480461023],[7.501850070972579,43.84473570982154],[7.501276521490414,43.84484973605509],[7.501226438520222,43.84486258454378],[7.500863086476176,43.84496586032016],[7.500549476999321,43.84506978773918],[7.500317096640405,43.845150100652106],[7.500223204619977,43.84518255170358],[7.499896705428376,43.845304315379565],[7.499479991351104,43.84555094232879],[7.499378470628308,43.845630641657245],[7.499212059249689,43.8458175302571],[7.49913495789773,43.845915556460994],[7.498967867706893,43.84612944664893],[7.497360655471537,43.84898378411523],[7.496907295200191,43.84991085868064],[7.495323476879906,43.855008525895656],[7.495282445621765,43.85769103910921],[7.495279410654634,43.86220176897732],[7.502659187097242,43.87503871045283],[7.510053057808499,43.88044293288112],[7.5151704235662935,43.88383184949022],[7.530109268632032,43.8892380464329],[7.537174318182188,43.8929256174956],[7.538148232117172,43.89338375548127],[7.544472051855947,43.89386965182312],[7.551656550609636,43.89429408336484]]],[[[8.226837031673039,44.02670032466071],[8.228634348535133,44.02582451622976],[8.22946657960604,44.02539571953244],[8.229243511119396,44.02515675097012],[8.226403532289531,44.024292365257395],[8.22479226625874,44.0246372673701],[8.224070041774864,44.025977052888564],[8.224083656467291,44.02612907658348],[8.224656891550646,44.026835451498194],[8.225287512919754,44.02711176906356],[8.226837031673039,44.02670032466071]]],[[[8.444766471949826,44.2335683738476],[8.444509312512558,44.233535364198666],[8.444380628450995,44.23357075087984],[8.443896480944781,44.23375829889658],[8.443816329768394,44.23379190089219],[8.443766001404391,44.233846616334816],[8.444059490915864,44.234928649838686],[8.444186860920976,44.23519936161266],[8.444288604471147,44.235207589393795],[8.44441012021355,44.235215495505585],[8.444601474978366,44.23521938445116],[8.444741287181866,44.23516604537246],[8.444900418553582,44.235092073005895],[8.445969549604545,44.23455079781535],[8.44604057538619,44.23448812127969],[8.446025617712351,44.23438852907958],[8.44599210508628,44.23427768031135],[8.445943523189893,44.23412027439651],[8.44581921491987,44.233948210446854],[8.445584927621704,44.23383769101143],[8.445089506188703,44.23365632221215],[8.444884599678726,44.23358467100985],[8.444766471949826,44.2335683738476]]],[[[8.93067338763045,44.392230945002765],[8.930716377535333,44.39131365675135],[8.930043635881539,44.39193244207618],[8.92689104782567,44.393021249652726],[8.917038458751481,44.39618197847732],[8.91664815853155,44.39629873090615],[8.914842375885206,44.396653550229104],[8.914621567502154,44.39669542885419],[8.912865824221305,44.39699137545185],[8.911433613981819,44.39723010888361],[8.909475129478226,44.39754742045584],[8.906284372740911,44.39810508016289],[8.904756149234869,44.39837860738359],[8.898083589119434,44.39960103030459],[8.87941851389428,44.40302021895364],[8.87812266190648,44.40330233503528],[8.876878135826939,44.40365447645214],[8.877035112240907,44.40408909435829],[8.877196854632313,44.40406017108887],[8.87708169330123,44.40373371388097],[8.877136595775934,44.403723519580396],[8.877787609977483,44.403603110468296],[8.899177698067627,44.399707554618665],[8.915526099324836,44.39673382255373],[8.91915016802331,44.395854924389596],[8.93067338763045,44.392230945002765]]],[[[8.871542440414244,44.402770307346096],[8.8803499233086,44.399821819118884],[8.87583434503832,44.4011219260661],[8.863647488260103,44.404345958927905],[8.845768127315127,44.40784412307452],[8.819413049317196,44.41299597849544],[8.816919875030836,44.41349435444591],[8.81711837382772,44.41393960338817],[8.817276497843697,44.41388723747173],[8.817146255804971,44.41359087926203],[8.826573798902812,44.411723697380765],[8.849681139448418,44.40721797330928],[8.858687642244638,44.405459936842604],[8.869816440984952,44.40328572213448],[8.871542440414244,44.402770307346096]]],[[[8.800456989631412,44.416454709308255],[8.79511940110051,44.41197627791834],[8.794975644138107,44.4119965464842],[8.789331296657135,44.412839469106245],[8.769734986880108,44.41578972795132],[8.769844686570556,44.416151517005225],[8.770075708609754,44.416115174125956],[8.773739694428286,44.41535518508012],[8.788425492667637,44.41314459866419],[8.790072844108492,44.41289662868442],[8.795040025930561,44.41215585593792],[8.795149206877307,44.41223874663517],[8.795775286205924,44.41275338524612],[8.79666050770423,44.41349940881697],[8.798605637376111,44.41512615310319],[8.803087124023765,44.418860404408576],[8.804500485547857,44.41992765722243],[8.805483254411751,44.420660113897064],[8.805587896311911,44.420735284832844],[8.805652946695991,44.42077941943528],[8.805708352833657,44.42081498399496],[8.805949079213251,44.420954396207634],[8.806030708610773,44.42099954907073],[8.806205279439203,44.42108771223162],[8.806266480993626,44.42111797557468],[8.80640219293992,44.42118104461581],[8.806467923316761,44.42120978504324],[8.806644442633063,44.42127886570636],[8.806714704465572,44.42130491190922],[8.806886475314451,44.421366151689305],[8.807095293075683,44.42143132410524],[8.808578228357687,44.421876984720456],[8.810201406815963,44.422315198656136],[8.810280921436778,44.422332981724225],[8.81037562716162,44.42232061963855],[8.810496218165145,44.422205764371505],[8.810501049104047,44.422149144518606],[8.810481298862417,44.42207988080525],[8.810445770418532,44.42203435750407],[8.810360621676303,44.42198830257724],[8.810275039813359,44.42196007159209],[8.809876347991828,44.42187307231475],[8.809418265524535,44.42177804916471],[8.808664182437763,44.42161825023404],[8.808405869471747,44.42155245660567],[8.808097225893988,44.42151232687116],[8.807417538562996,44.42138397365999],[8.807271310147257,44.421347805680384],[8.806808098440595,44.42121072102699],[8.806701688181752,44.42117588005547],[8.806280740619858,44.42098430845058],[8.806184410676929,44.420940391220526],[8.80611242536054,44.42090389846689],[8.80601563606532,44.42084701622068],[8.805851825186373,44.42073429329499],[8.80575509776139,44.42065850586152],[8.803224294794768,44.418663840389286],[8.800456989631412,44.416454709308255]]],[[[9.43265785784426,44.25206831942596],[9.432709627617939,44.252019096034566],[9.43273959449283,44.251877957897065],[9.432736788801744,44.25183185282558],[9.432716865128262,44.251807095936314],[9.432570330084383,44.25167905867847],[9.432520944340828,44.2516748107486],[9.432351905862353,44.251671047233614],[9.432136259694492,44.251685239121834],[9.432121503538589,44.25170944486949],[9.432110834873889,44.25178193230652],[9.432115040270412,44.251846313802524],[9.432245795829317,44.25198821130732],[9.432296604596726,44.252043221573196],[9.432408280406651,44.2520658315415],[9.43265785784426,44.25206831942596]]],[[[9.781060795220203,44.07128850818155],[9.781233806788258,44.07122962805559],[9.781314094959761,44.07118145479059],[9.781346210319604,44.07110651890016],[9.781349191129,44.07105032919759],[9.781313452732253,44.07101038617377],[9.781179852011501,44.07090076630359],[9.781107914573852,44.070873360322864],[9.781025697451778,44.07084938102789],[9.780747975404447,44.07084683971351],[9.780631748403305,44.07084595570363],[9.780590641051889,44.070887063253274],[9.780730664587034,44.071074402919066],[9.780923357559931,44.07127780094585],[9.780982235771704,44.07133132685165],[9.781060795220203,44.07128850818155]]],[[[9.773870356630953,44.07761723320299],[9.77403031690882,44.07755312605647],[9.77403911473202,44.07751580334693],[9.773913833008724,44.07732868264507],[9.773856552219797,44.07728788028419],[9.773765137185876,44.07728786021437],[9.773657255256015,44.07731706574744],[9.773486661427334,44.07740375186554],[9.773512574380161,44.077475603298915],[9.77364372074616,44.07759625974019],[9.77369876509297,44.0776273978398],[9.77377693247198,44.077635871808425],[9.773870356630953,44.07761723320299]]],[[[9.8513853286962,44.023704703239204],[9.851404535880574,44.02352111688378],[9.851402361526613,44.02336920098651],[9.851327791805748,44.02328084861269],[9.851231983271134,44.023234294428484],[9.851037348754968,44.023257127551865],[9.850870849022526,44.02328425253637],[9.850486834547842,44.023370392673684],[9.850408505451798,44.02345538205085],[9.850404005628436,44.02368612681622],[9.850980019746505,44.02437397169892],[9.851222366712834,44.0245240984417],[9.851337323195805,44.02449172988451],[9.85149406001496,44.024218210634345],[9.851491063850162,44.024008903976345],[9.8514733580894,44.02386160646292],[9.8513853286962,44.023704703239204]]],[[[9.848370690112352,44.028997066919956],[9.85140092333536,44.02820595429953],[9.85355068420719,44.027541965953205],[9.853674423492416,44.02742193326538],[9.85374479553844,44.02726418411767],[9.853828198064575,44.026894655166714],[9.853841405320711,44.02673811013495],[9.853852002538762,44.02619713714267],[9.853742332144265,44.02581262958565],[9.853522450605519,44.02557451010624],[9.852773391801822,44.025245901483814],[9.849264826331414,44.025668174081666],[9.84895641934238,44.025803867324875],[9.848659787302868,44.02608233334756],[9.848408025075498,44.02636555774396],[9.8483130441858,44.02652805920176],[9.848184527168629,44.026776758113726],[9.847979565088487,44.027221361830165],[9.847761121671862,44.02775402419813],[9.847415611108083,44.028950557457016],[9.847503363713317,44.02902104534215],[9.847636708852663,44.02911057839493],[9.847768830830807,44.029114362709656],[9.847927296214966,44.02911318674937],[9.84811203703712,44.029102287194945],[9.84833421052944,44.02906486350863],[9.848370690112352,44.028997066919956]]],[[[9.853497921762857,44.0492118818264],[9.851920369886994,44.04538306400763],[9.850427669984274,44.04107325380034],[9.84734858572209,44.03400599782669],[9.837071806760164,44.04198957581219],[9.836911231048767,44.04212967299576],[9.836188885781848,44.04292675968364],[9.835682314798785,44.04356341560616],[9.833464732440143,44.04635604787518],[9.833183991575249,44.046809387539085],[9.833139695782982,44.04698865228612],[9.833243077768131,44.0471285747017],[9.833353393378522,44.047206549858956],[9.833532814898355,44.0473166571802],[9.833752107314353,44.04737695455136],[9.837863124762434,44.04845644796594],[9.848617610544753,44.05001576763659],[9.85457730383499,44.05122233839208],[9.853497921762857,44.0492118818264]]],[[[9.858319206635478,44.05133753072432],[9.858201596386223,44.05133753100942],[9.858070918510485,44.05135059870803],[9.857914104757642,44.05145514072206],[9.857887969300045,44.05158581865083],[9.858031714518836,44.051768768528405],[9.85821466422279,44.05193864971392],[9.858541359106047,44.05183410749434],[9.858789648282945,44.05159888696677],[9.858567495467094,44.05141593757188],[9.858319206635478,44.05133753072432]]]]},"properties":{"reg_name":"Liguria","reg_istat_code_num":7,"reg_iso_3166_2":"IT-42","reg_istat_code":"07"}},{"type":"Feature","geometry":{"type":"MultiPolygon","coordinates":[[[[9.332580785900287,44.73504034629492],[9.327001720816117,44.73791017419456],[9.321199422679314,44.7434180715101],[9.308778932833345,44.74747632208555],[9.300447618231916,44.751090438693865],[9.299325785344392,44.75157950248007],[9.29806543562491,44.752158942684815],[9.295683763110462,44.753344431884955],[9.294259821712766,44.75406829848873],[9.288199705843043,44.757441591114656],[9.287431688088086,44.75798366248946],[9.286512777191838,44.75867913213141],[9.2858995206984,44.75942790730101],[9.285521514313755,44.76006801580585],[9.285211485022744,44.761257083009276],[9.285030327515592,44.7629589542571],[9.284722091563191,44.767091744576554],[9.285154834019945,44.767720827303606],[9.2869749960292,44.77249641928369],[9.291998627560734,44.77419404761757],[9.299367196107047,44.77673160010821],[9.30715761005545,44.78004172975527],[9.317871887543516,44.78621492319925],[9.319128630838401,44.79176577849028],[9.320902859386404,44.79887394816274],[9.321528090775315,44.800032058469505],[9.322257371124685,44.79967892450294],[9.323304319360277,44.79923485467621],[9.324415644504041,44.798997652983935],[9.325287880667766,44.79896816252171],[9.326185922841006,44.79902861593607],[9.32837600885214,44.79950845371913],[9.329870714868392,44.799990279014224],[9.345771198871077,44.807532070183235],[9.35452170090465,44.81230933840764],[9.357650910933568,44.81456221430972],[9.362498102770957,44.82115451717966],[9.363098293962604,44.8224038895129],[9.359226780752957,44.82393750375728],[9.350325173156012,44.83702724293202],[9.347786892759677,44.84411969902497],[9.345370040235974,44.855833463023686],[9.342381879846869,44.8672714589423],[9.332692813813308,44.870756888550055],[9.326465820009622,44.87288131468396],[9.326215918350991,44.87384520232083],[9.325631558329762,44.875737300823886],[9.325006097085682,44.877080390542524],[9.324127444883512,44.878433191205275],[9.323787724851854,44.87881224473979],[9.323245874365087,44.87928183218876],[9.322387489979963,44.87974337460533],[9.321603388464508,44.87990762164004],[9.321235266141917,44.879737606670574],[9.320663118199324,44.879307125561056],[9.316843363060102,44.87771543213642],[9.313076679855449,44.8765375518363],[9.311581146416946,44.876244561008136],[9.310541933213251,44.87604934933485],[9.309578837986711,44.87588093185754],[9.308692705929362,44.87590132392671],[9.307238024568942,44.87613931351195],[9.294612297654346,44.880475586515765],[9.29011350921031,44.88220651345404],[9.289886499351597,44.88238711594954],[9.290054939313894,44.88315185969417],[9.290478450958407,44.88427603539865],[9.290855200702644,44.88524942697644],[9.290910689126601,44.88539277834723],[9.290927494766285,44.88543618871209],[9.291491204698362,44.88673103579079],[9.292091219632987,44.88769271899959],[9.292361309343484,44.88811080577166],[9.292742153535949,44.88870826119524],[9.29311492579648,44.88979655037058],[9.29282631634136,44.89031940266765],[9.288404332468687,44.892884582827364],[9.285185497721766,44.894515650116034],[9.284301154700318,44.894958957579],[9.28342920247239,44.89534820135368],[9.283165823040004,44.89544785970224],[9.282266074852716,44.89577412723332],[9.281342549060806,44.89598346136118],[9.281013536202863,44.89603827044887],[9.277409533167564,44.89560893450794],[9.284064325165945,44.90349993575671],[9.286044393590899,44.90744118866411],[9.29041413485909,44.91426193756114],[9.292966795842966,44.920457848874406],[9.290736125519263,44.925351605057024],[9.28934646290696,44.92618331787536],[9.288210522946683,44.92708638638137],[9.287264688026424,44.9279979602648],[9.285852473355058,44.92941481043007],[9.28534955028768,44.93021724408403],[9.285011585251398,44.931064283039895],[9.285027724332439,44.93176639700836],[9.28634596693636,44.933950556491325],[9.286826304649036,44.934129363848456],[9.287612566962917,44.93423540271228],[9.288195577321483,44.9342429305094],[9.288879424565566,44.93414216783841],[9.289373314738999,44.934068906639695],[9.290095138484785,44.933959058228005],[9.290576120255283,44.93384080365434],[9.305445519537127,44.93454912646312],[9.309812115236367,44.9354196946882],[9.311053703987309,44.9357224328742],[9.314062520263453,44.93666840962022],[9.314532283072898,44.93682015396609],[9.315258377631448,44.93749329667191],[9.318048771052934,44.94016816368916],[9.32154281240194,44.943966205538295],[9.322355887057736,44.94563830244403],[9.32288948240985,44.94903949722275],[9.322958368465711,44.94965139029357],[9.324591638837006,44.956047103604035],[9.32758629657156,44.959099233571095],[9.335026377748187,44.96305647755535],[9.337548453147974,44.965380524231485],[9.337032891259419,44.96577805213369],[9.336579150246004,44.96624747795813],[9.336289388327776,44.966572416339176],[9.335962548016763,44.967059477964355],[9.335623174105503,44.96757358498169],[9.335321838596025,44.96808757836442],[9.335210794771536,44.96861900567702],[9.335151125652882,44.96925831748512],[9.335142527332374,44.969960492250955],[9.33522299180393,44.97285901259075],[9.335462226545298,44.9747397106698],[9.336276195421647,44.977302854273454],[9.336495108750427,44.97786933399431],[9.336802912169016,44.978453544246996],[9.33708478955771,44.97893881127632],[9.33743018288684,44.97944190194256],[9.338118183505285,44.979970966474845],[9.339212859586112,44.980633864292905],[9.343107452579865,44.99140641278932],[9.343735779881605,44.992529754109626],[9.343979225177772,44.9929161710887],[9.346319034116574,44.99594273315988],[9.347359731688801,44.99706176786965],[9.347463360784218,44.99741104442901],[9.348074965734568,44.99784127108329],[9.350852387597461,44.99974116496959],[9.352762747326363,45.000784000062275],[9.353208235042198,45.00101666600847],[9.353513080021475,45.001069739744864],[9.357303987925246,45.000742874091024],[9.358963018482825,45.0002470765088],[9.361366765369942,45.00009007201855],[9.364302356042604,45.00191342227908],[9.365079517555582,45.002415039280756],[9.3654245454917,45.00267498706947],[9.365870983735583,45.00304264193521],[9.365935101465107,45.00315045236937],[9.36620448239468,45.00360868599916],[9.367568362108388,45.00631385871784],[9.371192329238532,45.01484043847381],[9.373651916282606,45.01811809448674],[9.375605660530628,45.01991804942658],[9.369447808954114,45.02372634899218],[9.369943192127424,45.02595720271521],[9.373459434415096,45.03702281500506],[9.375588013948127,45.0404078897389],[9.372649992584522,45.045869393662514],[9.370820124791253,45.04815383213946],[9.371855299346201,45.048943690436595],[9.384562670467746,45.05930116651624],[9.388526785948603,45.063144994142405],[9.389298727683592,45.0640466078828],[9.392360001656568,45.066241926151235],[9.398937072156361,45.06937875994701],[9.40635928821294,45.07321560092442],[9.412558291427343,45.078908209930376],[9.410780215360102,45.0824477193534],[9.410744094845652,45.082726889660336],[9.410777783305715,45.082754624553544],[9.412243009006072,45.08355414787509],[9.412650311405777,45.08365169488176],[9.421908449014296,45.08397794980382],[9.42627308525871,45.08313101879853],[9.426409080223996,45.08261547694733],[9.427457157743854,45.08184640978848],[9.433771099429446,45.081710197620716],[9.434465986430155,45.08170755622587],[9.434838345570764,45.08170613907957],[9.435601635182671,45.08182925638397],[9.435961012019966,45.082101817898156],[9.436220938908761,45.08235750352573],[9.436368150071269,45.08256673702227],[9.436962978020565,45.08354191551815],[9.439142234287177,45.08986324740959],[9.439197406133873,45.090430129690475],[9.43907656436279,45.092923919732755],[9.439006420205793,45.093446279125565],[9.444386342724394,45.09367613205894],[9.452718785767175,45.09380681063174],[9.452888029233613,45.093815154898905],[9.453209062493336,45.09383187413673],[9.455765484857976,45.09398373098901],[9.465896793630739,45.09469000331588],[9.46774111067829,45.09488049924868],[9.471405521811587,45.095495556921534],[9.47266654911117,45.095841412318144],[9.47527721900453,45.09657771330316],[9.480205612104562,45.09880751512385],[9.487600062807685,45.101584737822996],[9.489155214437066,45.102109196274405],[9.49130881471195,45.10275706547974],[9.493703740550396,45.10337686193391],[9.495993038139424,45.10371800952115],[9.49687398365125,45.1038063618635],[9.497799532512685,45.10389917951519],[9.499286070171113,45.103919678524896],[9.499540717154561,45.103878670059345],[9.501469265097622,45.103568062342596],[9.501593313999392,45.10352019261288],[9.50308461271966,45.10294463605361],[9.503356720079283,45.1028395990193],[9.504649392728494,45.10227426355649],[9.504874554763399,45.102175784670834],[9.505051621904776,45.10207598593876],[9.506069450133142,45.10146836280101],[9.507696164041032,45.10019189809978],[9.50890747700464,45.09919631844835],[9.518207076844687,45.090593880899334],[9.519628562340468,45.08899411412278],[9.520344041689434,45.088108679512516],[9.52159883434497,45.08635663174293],[9.522175196352103,45.08546282505402],[9.522885899105585,45.08397429540512],[9.522984594858135,45.08364976536623],[9.522956802817069,45.08338884596733],[9.52298754563876,45.08274961277374],[9.52341388104615,45.08212656263706],[9.52399023150626,45.081412787557994],[9.524645148721453,45.08077965307667],[9.525477827510356,45.0801367023955],[9.527499855785711,45.078957146566395],[9.528106484364962,45.07869329612715],[9.52932351381951,45.078404104153954],[9.530047383385524,45.078369240515585],[9.532026255051647,45.07843206696922],[9.53240798714081,45.07855499180425],[9.532576322489037,45.078609504099745],[9.533417590786241,45.07890264907739],[9.53796833874731,45.08058262654413],[9.539012965222414,45.081045779274625],[9.539792044117064,45.08147419224788],[9.54073583109032,45.08201883090485],[9.541643184968958,45.08257264890807],[9.543679614588136,45.083859210414786],[9.544881833298293,45.08468164231745],[9.547403026324472,45.08664996729866],[9.548748226602196,45.08779573257776],[9.549915308182628,45.08899633501067],[9.550482196487494,45.08980377280457],[9.551000006123886,45.09079146484971],[9.551330418885176,45.09211311613917],[9.551365174317887,45.093085126316005],[9.551147544888563,45.094157390362916],[9.550611396063713,45.095231170997124],[9.540024628746062,45.11104370351246],[9.539081836908863,45.112173365752625],[9.537954673299756,45.113979012508906],[9.537442663283153,45.11487708974785],[9.53697222990652,45.11614404779905],[9.536676490095552,45.117144619741346],[9.5364320006144,45.11818996863575],[9.536200152032944,45.119226244025725],[9.535826831413765,45.121451400154726],[9.535754359047916,45.1220008514178],[9.53633709785897,45.1240325025862],[9.53721570468024,45.12605375427937],[9.548661304684034,45.13265151991728],[9.552995415299275,45.130644254209976],[9.554711383540154,45.129413208683694],[9.555442080362809,45.12870752639667],[9.556600722623028,45.12754967268787],[9.56079756752428,45.12249721660026],[9.562351157916723,45.12031117423414],[9.563364593480289,45.11864087132896],[9.564375124619433,45.11676352420095],[9.566543007240849,45.11236897220275],[9.567065152080163,45.11117816043147],[9.567636868937909,45.10986107599043],[9.568243389467813,45.10829176423889],[9.568583253854992,45.107339289973986],[9.57709329879547,45.1051508155622],[9.58198847987186,45.10528801084171],[9.585951287831364,45.104988699301735],[9.586149481399811,45.10448358267038],[9.586677765015812,45.10269852798198],[9.587315413695936,45.1004268169147],[9.587437501511682,45.09968284806519],[9.587446998623195,45.09962498894568],[9.588465476442872,45.09979078098395],[9.590580409011958,45.100283953831365],[9.59319374919418,45.10103555644414],[9.594825888469533,45.101540162597274],[9.596215900594974,45.101982998217494],[9.597759029999194,45.1024790216499],[9.600375487907476,45.10350950070833],[9.60188197969331,45.10414069184723],[9.603595390346872,45.105103824914025],[9.608085207729165,45.107762514316136],[9.609058311593312,45.1084234579816],[9.611964022108491,45.111495496717005],[9.612659504337415,45.11233793697532],[9.613139377372613,45.113226522277834],[9.613324676140842,45.113909656588476],[9.613802322311017,45.1169586525002],[9.613826838124147,45.11717350486426],[9.613900580761445,45.117822285344936],[9.614051564124836,45.12004489625822],[9.614399007205833,45.12279757331063],[9.615096284998165,45.126160417134564],[9.61621596278,45.12858483035604],[9.618035977585256,45.132265661200925],[9.618412918391387,45.13301976508851],[9.61896547230392,45.133547868558175],[9.619846458405572,45.13386715943989],[9.620967185699104,45.13401412020683],[9.622403889112178,45.13397929154496],[9.623787662693415,45.133755705069575],[9.625043767748156,45.13348778392863],[9.626194034647332,45.133177462324696],[9.626374074503277,45.13312818349666],[9.627807336760888,45.13268943822536],[9.629351604110386,45.132032823869594],[9.630627431999006,45.13125164707094],[9.631915111361806,45.130398363055185],[9.633668754550165,45.129135926070354],[9.636565150063095,45.12640823846661],[9.637417616552925,45.12548889363113],[9.6383072182911,45.12430470362939],[9.638980532495108,45.123112720464135],[9.639564144220445,45.12185822421555],[9.640800483855138,45.11758449832597],[9.64091683691821,45.11662066789798],[9.640528791701685,45.11602873522868],[9.639874988249572,45.11545233502774],[9.639829224573766,45.11541260117209],[9.63978178821047,45.11537141838556],[9.639745596777068,45.115340006095394],[9.638807955129272,45.11448109332233],[9.638125269897047,45.11368376065971],[9.637915043053844,45.113072823397985],[9.637635370179453,45.11034578870957],[9.637543547223753,45.10939320999184],[9.637406370039226,45.107350572414305],[9.637564274387124,45.10440464257259],[9.637684560799292,45.10265013924109],[9.637587352742168,45.10223643781392],[9.637457771786304,45.101688225335344],[9.637168356202785,45.10080768426207],[9.636624856277292,45.0999375472518],[9.636056869601443,45.099148557145305],[9.635219988282415,45.098181029105426],[9.634446196653332,45.097168142631034],[9.633758430796739,45.09588471199715],[9.633081677793932,45.09444819195557],[9.632378467489534,45.0929127971613],[9.631777641011078,45.09143984376754],[9.63149918077691,45.09038818054364],[9.631381662502632,45.0889485562549],[9.63141979153896,45.087796124686506],[9.631767670613808,45.086917721724134],[9.631827784471565,45.08676767408492],[9.6322797423952,45.0862700769512],[9.634935518918496,45.08397790872297],[9.63530148198508,45.08375083132316],[9.636349037847054,45.08311488148556],[9.637157280032355,45.08266928521909],[9.638989017664192,45.08171387035658],[9.64040573793292,45.08114782683535],[9.64230612962647,45.08066005992875],[9.643383819821004,45.08045595856354],[9.646930702742804,45.08063395663419],[9.648953221625987,45.08083852760983],[9.65195524329709,45.08114548873729],[9.65345698350582,45.08136194902038],[9.667961958055882,45.07983775309095],[9.676892967312034,45.07760824499195],[9.681741244105798,45.07184379756929],[9.68227996829245,45.0712104560333],[9.682934914532442,45.07073845231854],[9.68367965407142,45.07033791822157],[9.688138870630018,45.068249741110854],[9.689743691469351,45.067546918766496],[9.690578120281435,45.067217814998635],[9.707925936816537,45.061202239784855],[9.708834012572993,45.06062356944816],[9.709091269039396,45.0604610700677],[9.709783066213793,45.06007143020914],[9.710125550676139,45.05987853066488],[9.711286593460592,45.05927719953061],[9.7125376287712,45.058765297216134],[9.713726944733748,45.058397804356915],[9.714995005975439,45.05823683751664],[9.716582349765899,45.058217891999774],[9.719126676861555,45.05855296851359],[9.720247649521825,45.05881594849419],[9.721203979576481,45.059115981763625],[9.722224713309974,45.059487599093494],[9.724843334899866,45.060668244201125],[9.727681630666329,45.06213547722376],[9.728935989312115,45.06289262951091],[9.730062475555975,45.06357857533418],[9.730839666858216,45.06476183362651],[9.731116391782804,45.06528475532894],[9.731166227586234,45.06537867636758],[9.731581558524379,45.06616137698115],[9.733320799104805,45.06906677324824],[9.734710854740852,45.070480116080084],[9.736355936915444,45.07196380396625],[9.73783271246184,45.07319651266246],[9.738997623752233,45.07388211185615],[9.739295359053527,45.073972578513086],[9.740477103341714,45.07433163081992],[9.74204565327478,45.074789530269484],[9.743345244606843,45.07507814005488],[9.744564530275172,45.075052185424795],[9.745899093945305,45.07509750998259],[9.746165748967433,45.0751546380647],[9.74691831426584,45.075315899997],[9.747470778628532,45.075596217692414],[9.747675701834721,45.075700195602856],[9.747724006933415,45.07572470902722],[9.748793203463368,45.07685189795439],[9.749593768116336,45.07783683833777],[9.750371911337053,45.07904696264054],[9.751126790073695,45.08041926502036],[9.75168801836755,45.081709244374935],[9.753101098271213,45.086599442326815],[9.751406730682353,45.091111494318255],[9.749730783401139,45.09413807990683],[9.747657563473068,45.09887756519035],[9.745913184428735,45.10351585387982],[9.745053601629126,45.105833397694234],[9.744837146697177,45.10971602117327],[9.74506916765858,45.11093874174539],[9.745449858880672,45.11186343164838],[9.746283958287975,45.112461099611586],[9.747359379013913,45.113039179832434],[9.748570153084316,45.11327428456349],[9.749932315359006,45.113418380238926],[9.751789773229934,45.113523195932906],[9.753669119640115,45.11335777548159],[9.755153433002814,45.11312292920072],[9.756661716132772,45.11277988199966],[9.757535705254744,45.112538529226995],[9.76665637498456,45.10726567236622],[9.76706932240068,45.10677831222641],[9.768769059309857,45.10461547804009],[9.770230326425974,45.102688268664465],[9.771414423479317,45.10095194966823],[9.772694551870893,45.09880088935248],[9.773115113365082,45.09794288541764],[9.773296862607602,45.09728452987419],[9.773566107415595,45.09651756002466],[9.774849587845033,45.094627497379406],[9.776258720427654,45.092637548767996],[9.776745635026849,45.09199511509667],[9.777345937104462,45.09127989955907],[9.778962214974449,45.08958407091466],[9.788193886589413,45.08447227003202],[9.799443155557778,45.082017769684626],[9.805983721108678,45.08090057584784],[9.809124247492672,45.080158241098744],[9.810098286039551,45.079854274519846],[9.811183581343938,45.079333472440545],[9.812558350115701,45.07863042240795],[9.813262369429584,45.078103307269814],[9.815118708190862,45.076415755553626],[9.81518866220441,45.07628156048648],[9.815563916669728,45.07555744302766],[9.816841173656641,45.070678442839395],[9.816926968353542,45.06956167766587],[9.816924815571161,45.06851749111654],[9.816686450462907,45.06694388460121],[9.81577132639399,45.05976697069063],[9.815819882576074,45.05782223749112],[9.815972666767468,45.05695697681843],[9.816342385021555,45.05527989984176],[9.816559302572799,45.05445917974249],[9.81708636572944,45.054014327753094],[9.817792095476404,45.05363119878972],[9.8187665135375,45.05339016615483],[9.819539047146765,45.05324060610278],[9.820514634855835,45.053080565829845],[9.8237586715906,45.052590618183366],[9.827112888672286,45.05358204826483],[9.828195013026575,45.05464542210651],[9.830218116283577,45.05666512098203],[9.831275472235635,45.05776465517169],[9.832349088011767,45.05910709597211],[9.832735190259465,45.05966737469025],[9.832786513128084,45.059741850678044],[9.833218412557494,45.06037002850904],[9.833758463359574,45.06167690206205],[9.834002379925387,45.062749753958926],[9.835160927538979,45.06904251139725],[9.83413209202259,45.074289052626355],[9.832660567120207,45.077063319497626],[9.832068448364891,45.0782828708433],[9.831595066128784,45.07980761106644],[9.831384931172495,45.081087387781],[9.831248517978223,45.08219559217636],[9.831314109680445,45.083212314228895],[9.831388459163739,45.08395891034992],[9.832153985060092,45.08942638233788],[9.832278680831566,45.090136614766145],[9.832582424314625,45.09092654701815],[9.83304011313285,45.09181438231604],[9.834344847024067,45.0932721398142],[9.834772864812042,45.09358700613528],[9.83541110148712,45.09405649969229],[9.838357325237196,45.09564620862593],[9.83982544452226,45.09609450229751],[9.841190715173285,45.09646252859713],[9.842719360429127,45.09670330821658],[9.84400456279687,45.096810845569124],[9.845121577841757,45.096824865933925],[9.845453672879549,45.09682714186779],[9.846354999930332,45.09675745313083],[9.847596762611113,45.09650370395273],[9.85540820505658,45.095339743892374],[9.856637598838834,45.09511448770756],[9.857992976510069,45.09481625759116],[9.859308324127499,45.09439229577878],[9.860471850943767,45.09401445641738],[9.861519796376637,45.0935564710509],[9.862591766184837,45.093008273152634],[9.863435106560221,45.09247080205792],[9.864288195585166,45.09173521437133],[9.86747383674433,45.08894752922172],[9.869215531631626,45.0873229745739],[9.870663962582736,45.085637625592526],[9.871149071673068,45.08494979335535],[9.873307509661757,45.08150364117344],[9.874445392338808,45.07946954935442],[9.87539734801088,45.07774291964584],[9.87618680852013,45.07702573163251],[9.877305558951749,45.07624299711013],[9.878186241653983,45.0756781187031],[9.87951189970457,45.07513681543646],[9.880650037096078,45.0747949782716],[9.881739179418172,45.07457053698057],[9.882843477358465,45.07450798811221],[9.883785983468306,45.07466272872907],[9.884335688667301,45.07488500918264],[9.886452284361539,45.07538020426985],[9.888531794824289,45.07594015468614],[9.889667533150764,45.076264378343296],[9.89102411592064,45.076901931022604],[9.892521888699621,45.07762837588488],[9.892674930361427,45.07771553600487],[9.893675599285924,45.078285484990346],[9.89481731322939,45.07898767818179],[9.895755078433949,45.079646457981774],[9.896772758322948,45.080538642113176],[9.897421345810166,45.08138870731497],[9.898966195088667,45.08348296584496],[9.899303994098451,45.0839573888013],[9.899578568022559,45.08445033127361],[9.90008974918417,45.08544549175245],[9.900404718038306,45.086082130699666],[9.900657142685567,45.08678227633546],[9.900871903977423,45.087509725618304],[9.901020719364238,45.088084662516984],[9.90110656024677,45.088696098746155],[9.900832330910568,45.09469339982411],[9.900628073534913,45.095442155793016],[9.899855329801394,45.096411428554106],[9.899055605871016,45.09728189150885],[9.898392678268495,45.09796223540071],[9.897403846393228,45.09893319988728],[9.895348555152875,45.10079467919501],[9.894207944400778,45.101820803414135],[9.893026380593412,45.10266720368073],[9.892823297330473,45.10280920834397],[9.891605393877764,45.10365050200806],[9.888370688204107,45.105710087900555],[9.88526187714436,45.107652751133045],[9.883034941071962,45.10919913982837],[9.879389143358113,45.11184676660849],[9.878560975454738,45.11255527300084],[9.877825932461546,45.11353310011188],[9.876377129447132,45.116055697144525],[9.875809036040343,45.11714925835964],[9.87547332401208,45.11847508151799],[9.875236530113519,45.11962010600981],[9.875289673556678,45.12060086942684],[9.8754044796937,45.12156775640767],[9.875421023793173,45.12170706649883],[9.875712966604544,45.122505976450334],[9.875836727568718,45.122646945125624],[9.876204616667703,45.123060299419215],[9.877662344547907,45.12442635929229],[9.880031731588707,45.12636148576001],[9.881033422371056,45.127001886842436],[9.882095375260414,45.12742576493383],[9.88849225548908,45.12992371376633],[9.891076197631833,45.130901234123755],[9.908077774565658,45.13566416214034],[9.910450180150622,45.13769020685765],[9.911299815774793,45.138331544343124],[9.912516222245989,45.138843929493724],[9.913690927861147,45.13913159522875],[9.914733574960746,45.13911424226373],[9.915507435512696,45.13899102244558],[9.918557773443238,45.13806636592329],[9.919720192505164,45.13758891753458],[9.920418947384945,45.13719468394553],[9.921257842921532,45.136721362570455],[9.92260601566331,45.135936339432384],[9.923824976586058,45.13502632337011],[9.924699370312476,45.13404706645383],[9.925559597006893,45.13297790479642],[9.92625535757678,45.13196407906793],[9.92645819143887,45.13147968217919],[9.926817523172119,45.13055525738673],[9.926822026974667,45.130524214396665],[9.927000538407782,45.12929354664783],[9.927074098990092,45.12866335346089],[9.927199795453621,45.12746458469233],[9.927074175766219,45.12598933525512],[9.926514391048864,45.12440058783487],[9.92214391371615,45.11515520398548],[9.921566373882282,45.1140256781771],[9.92054683982283,45.1130797290654],[9.919545103222976,45.112448679712045],[9.91859523836364,45.111880215637704],[9.917557163922133,45.111357463846765],[9.915956628891399,45.11064117127961],[9.914891873873225,45.110037595142686],[9.914449642373372,45.10941101334558],[9.914177201173603,45.10826998401251],[9.913458439800097,45.10464807443932],[9.913439490562602,45.10346000386915],[9.913955180872161,45.10232167239752],[9.914255465115948,45.101828131425364],[9.914549695679042,45.101344717382574],[9.915208559028986,45.10042126935197],[9.915813106000781,45.10007436093596],[9.916711076761501,45.099797103939515],[9.917407424555337,45.09962948192651],[9.918487334110756,45.09960279881443],[9.922687566696565,45.09997401302933],[9.924434015565527,45.100301859033124],[9.925633387035045,45.10058920499866],[9.928850791965795,45.10148124991035],[9.930281008299653,45.10189269391335],[9.93135499628677,45.10228002407052],[9.931943140136715,45.10253030088987],[9.932122944864608,45.102606813920985],[9.934889944154133,45.10392545038109],[9.935812933293771,45.10440397776972],[9.936170465458392,45.10463196242864],[9.936468010339146,45.10482169340034],[9.940960922423056,45.10827741606777],[9.95584249110124,45.118540157433],[9.955898117677668,45.11857386784106],[9.956880176659771,45.11917219419428],[9.957999096070761,45.11993695302211],[9.958990186117868,45.12065777371753],[9.960007167300452,45.12140537688776],[9.963750440976298,45.124731470945655],[9.965443838040644,45.12637346896618],[9.966077615865077,45.12700722754486],[9.966416078482247,45.127472447401445],[9.968040698650269,45.12954706830917],[9.968599310154687,45.1302444617692],[9.969246483435905,45.13091409292017],[9.970201131242582,45.13171613886084],[9.97119102528033,45.132346843362015],[9.97295981893394,45.133159940063685],[9.974213147578276,45.13357233850794],[9.976201216251225,45.13381641832751],[9.983664941223648,45.13373433926775],[9.984303261442102,45.13362818829319],[9.985465587149035,45.13343076171431],[9.98685699362031,45.13299569326135],[9.988952815463326,45.132113402915294],[9.989243869026096,45.131957673620846],[9.991107460471166,45.130960514452596],[9.992727088452183,45.12975822961339],[9.996932204501123,45.12587786874034],[10.000107062012262,45.12273552742164],[10.004107829734492,45.11820690698872],[10.007430574109081,45.11404754852718],[10.009787569354492,45.11073212215998],[10.010885586876007,45.10956118565581],[10.013312966149925,45.10737026121723],[10.013479154217833,45.10723391127198],[10.014666134178862,45.10626003567987],[10.015317494234363,45.10573594196645],[10.015944449726588,45.1052314838108],[10.016772050097925,45.10459400184491],[10.017843167600281,45.10406986414116],[10.019441161190509,45.103521485670555],[10.020911212448233,45.10290976159509],[10.023414802043206,45.10146508183497],[10.023902370430697,45.10110255876365],[10.024260892981472,45.10083459887903],[10.024345977336075,45.1007696899867],[10.025242008426384,45.09987339838781],[10.026303312520465,45.09881066410792],[10.027388226998797,45.09764868963062],[10.028531935025345,45.09622512895552],[10.02923246730981,45.094895553199656],[10.029600639247853,45.09346096653555],[10.029797566716544,45.09239699133211],[10.029893652715376,45.09137892771613],[10.029933390493188,45.090055313117205],[10.029501666631196,45.08724170547916],[10.028359005734831,45.085172601381835],[10.027761842274963,45.08446684551232],[10.027193887488862,45.084240402494245],[10.026812407796607,45.08408831464325],[10.026340855767703,45.08387650699966],[10.025634078351155,45.083432772569296],[10.024989855805659,45.08293446418814],[10.024214577615368,45.08221227636476],[10.023538373552213,45.08134516733065],[10.02297717585515,45.08051303749288],[10.021715761830238,45.0781748849445],[10.021316882238645,45.07717925530018],[10.021649626660048,45.07589052282995],[10.022260467450819,45.074524282490714],[10.022884695321187,45.07319543370811],[10.024039288913405,45.07169079916291],[10.02530314923645,45.070617256070335],[10.025691070604857,45.07028819475953],[10.029668230025809,45.06680624369474],[10.031041401581472,45.06617273086578],[10.032743634074967,45.06547321234381],[10.034062626202338,45.06506198317989],[10.034170971007983,45.065028211095864],[10.03797888458796,45.06417450359872],[10.040702509591359,45.06377313138206],[10.042739436372306,45.06332996076298],[10.043509717025238,45.063079868917384],[10.04423547374923,45.0624791292938],[10.046946126112127,45.05928568876703],[10.048374071604938,45.05749922858485],[10.052342952740341,45.05161157571096],[10.052857572833233,45.05058963609776],[10.052961094573668,45.05000356239283],[10.05152997168811,45.04536282632502],[10.050371765123732,45.04174576999749],[10.050223560763337,45.041279032716595],[10.055697823900534,45.04138159735],[10.057349648053696,45.041447330562576],[10.058954161390453,45.0417025167923],[10.064601514206949,45.04291925737737],[10.069983002473702,45.044165217158394],[10.077008919326394,45.0458680139662],[10.082307534936264,45.0466055798664],[10.08347462673747,45.04396380389568],[10.084024898339631,45.03868120337914],[10.083893456263306,45.035738851116776],[10.083943239110798,45.03437012929156],[10.08400405225324,45.03353247508509],[10.084133161635451,45.03292875940319],[10.084486285250712,45.03238642451784],[10.089101359241566,45.027192269778375],[10.090434125094163,45.025873704340526],[10.091668564953407,45.02470104746394],[10.092877607327747,45.02376202643931],[10.09474051982395,45.02338392498494],[10.102819837873012,45.02240600384934],[10.105227562380927,45.02220269070549],[10.106190803722413,45.02213035147072],[10.120575576752488,45.026707846155816],[10.130660931819456,45.02983908457188],[10.140914851148878,45.03283391636172],[10.142319804381936,45.033260953384016],[10.143638529980334,45.033755659395354],[10.146733983804463,45.034981070600104],[10.147661966258195,45.03548615257844],[10.148930042553548,45.03687650886208],[10.152413118983878,45.04083926098818],[10.153627594188501,45.04192369223713],[10.155041786496694,45.04300764053964],[10.15645729371337,45.04373177876891],[10.157721351440088,45.044079037354045],[10.161003390136806,45.04437878249271],[10.163073928134917,45.04442072616273],[10.164773420048114,45.04432238700409],[10.167854513965825,45.04348075237999],[10.1682660223642,45.04334833231101],[10.168750162183379,45.04319253672361],[10.16900803413497,45.04303536490416],[10.170610084964306,45.042047474161706],[10.172486481911863,45.04025535248315],[10.174248190178863,45.038274341351254],[10.17485680286296,45.03700822855985],[10.175071280214693,45.03572815599684],[10.17488932546361,45.0348863855288],[10.174749160063257,45.03424691141421],[10.177165250400575,45.031889866954224],[10.18094597138644,45.03046292862865],[10.182757998748196,45.0297661467377],[10.184371206819733,45.02920031872558],[10.187295907123195,45.02821575093445],[10.192903788093124,45.02807628931844],[10.193959022160142,45.02815527243949],[10.20111372684554,45.03035769369052],[10.206904111475465,45.0323746661486],[10.211067550304056,45.03403182115535],[10.214575518654186,45.03302386826501],[10.216783518398367,45.03237924401528],[10.21827143882568,45.031904274716005],[10.221169925038335,45.03090112533957],[10.222480469251526,45.03044600968014],[10.237501249784016,45.02470309335655],[10.242182684902644,45.02283239213486],[10.243185619819924,45.02225585636214],[10.246829502742292,45.0205507896132],[10.248074797689952,45.020033087518684],[10.248821483396627,45.019800366222576],[10.24931029906069,45.019650501956406],[10.250547573768927,45.019348899728506],[10.252090330827265,45.01908894701585],[10.252870122144627,45.018956381058224],[10.253278985941092,45.018886866411194],[10.254086164695122,45.01865295877317],[10.255857175712784,45.01780532480674],[10.25652081449448,45.01740223859986],[10.257509642192643,45.016760930624436],[10.25781792534577,45.016538261568876],[10.258484134603695,45.016057056673226],[10.260030514332424,45.01423062579291],[10.26056843027872,45.01329749909978],[10.260788315015445,45.01290799412815],[10.262581784730768,45.009629517264905],[10.265114484940394,45.004777999990786],[10.267897775762393,45.00382746111825],[10.268712393755925,45.00336832070992],[10.269581655883607,45.00276833411339],[10.269649682838825,45.00271877023815],[10.270597266227671,45.00196107350586],[10.272874179463807,44.999928306164044],[10.273580253732847,44.99915527326343],[10.27393413651919,44.99852118914661],[10.291848096637878,44.99995374092266],[10.299856348362766,45.000281446051],[10.300532325721074,45.000146088237756],[10.302987645767974,44.999606624772696],[10.30378227927034,44.9993995076045],[10.304687581551391,44.99903809404028],[10.305544185823774,44.998209145229865],[10.309748723678652,44.9934170083221],[10.310005841501706,44.99300897811521],[10.309941785011311,44.99242458815029],[10.309191956892617,44.98957959795864],[10.308655361355155,44.987740368270764],[10.308900787022015,44.987377474877306],[10.310848201614096,44.986553969665394],[10.314580644857418,44.98502574873148],[10.317081519793971,44.98400672016343],[10.31823071497867,44.9837849252734],[10.31981564459848,44.983759111122296],[10.321537335867367,44.98361316898399],[10.32379354329644,44.98299291119704],[10.329007337825907,44.98137501416787],[10.33076965438589,44.980796379694205],[10.332752693458165,44.97989105812474],[10.335973171128419,44.97820608693305],[10.33742601164524,44.977414911176055],[10.339287578604647,44.97620484429071],[10.342773837268405,44.973427324212004],[10.34451413321074,44.97192153068346],[10.345990813605336,44.97053584987435],[10.347273868536856,44.96954851024028],[10.348861563758268,44.96857556077576],[10.349459306802475,44.96827301293197],[10.350014580053026,44.9679948183961],[10.35142257793183,44.96747405159918],[10.355284571501493,44.966159011666406],[10.356899984805818,44.965833763043086],[10.35851601525813,44.965535482921],[10.358831867169437,44.96548672195788],[10.359957106416024,44.96534729809456],[10.360747529493606,44.965400665579196],[10.361430340900423,44.96544676332473],[10.362184304489288,44.96551014446472],[10.363399699954522,44.96561230703525],[10.365288018618653,44.966102852342566],[10.367968021871578,44.96735805320593],[10.369304863916913,44.96811618920529],[10.373119565361172,44.97068092967299],[10.376265888209787,44.97338862261817],[10.37938608427586,44.97605154153336],[10.38210074519629,44.97818816527622],[10.383365835763362,44.979109045150565],[10.385499875999207,44.98029842643964],[10.387151341245339,44.9810811419179],[10.387745121650388,44.98136038698946],[10.389407397661481,44.982142039899834],[10.389797834374653,44.982325628029585],[10.391704356876406,44.98301356070401],[10.393238170744596,44.98349745262312],[10.395389596490745,44.98408031154136],[10.397237022211824,44.98441778978104],[10.399284949887948,44.98465377238631],[10.401293518872558,44.9848361832897],[10.40348640054003,44.98477324548535],[10.405673984357806,44.98449428046796],[10.407996480423476,44.98383526806847],[10.409909014271639,44.982884244712686],[10.41164612530773,44.98182775053937],[10.413416912344694,44.980599522857254],[10.414335602372235,44.97984573273968],[10.414585593180409,44.979639972272444],[10.416767797084157,44.977650005325934],[10.418532317158999,44.9751351450242],[10.419256182568086,44.97362295745923],[10.419387039355462,44.97318513718784],[10.419396452188137,44.97315307311262],[10.419511611389014,44.97276031088364],[10.420128662075237,44.97091160487877],[10.421027300193066,44.968253898287635],[10.422125496674942,44.965494637748414],[10.42288216244593,44.96377495550249],[10.424060245153974,44.96168980390812],[10.424658819784641,44.96074642454692],[10.425162618269278,44.96020792417828],[10.426558486487261,44.95813887095271],[10.430237732883944,44.95199325017761],[10.430374143645656,44.95148361019051],[10.43076998828627,44.95006535086323],[10.431180339564014,44.948709943603056],[10.43147412230547,44.94797860227683],[10.431837984143156,44.94707278314828],[10.432722256652072,44.94599008546559],[10.4340044368149,44.94451617113258],[10.435668369655696,44.94313646749744],[10.437757344837413,44.94204771077294],[10.439951280295695,44.94126236137229],[10.441656340715786,44.940836464986305],[10.443259202933918,44.94056415886013],[10.446613549639247,44.94038668495553],[10.447957757520749,44.940414649597365],[10.448219182712114,44.94043706726961],[10.448872312067694,44.94049307022246],[10.450800278896061,44.94054960681364],[10.451628621729945,44.94054716262756],[10.460942774321865,44.93822916980161],[10.462999188979843,44.937535734473194],[10.46400282366987,44.93717896473519],[10.471181879529391,44.93412698852428],[10.475320045613657,44.93240821440973],[10.477464926483673,44.93154330037699],[10.481243443438132,44.9301440546997],[10.488623254077083,44.9278651055161],[10.492359648855837,44.926734789503875],[10.498615117721714,44.92470073194608],[10.501140145506545,44.92383038276818],[10.504315315736278,44.92242769247364],[10.50517052490992,44.92192305625833],[10.505879258869433,44.921436604985004],[10.507172052199577,44.92048334707716],[10.508227697791321,44.91966823148537],[10.50954386950343,44.9186426086886],[10.51267212747688,44.91618854382751],[10.513513254757704,44.915412226958125],[10.51496925197712,44.914411695292095],[10.517224452739294,44.91345454549974],[10.519853175245686,44.91272658417744],[10.52294922576632,44.91243327103069],[10.525559920868163,44.91247043005826],[10.526811379643188,44.91265795342557],[10.531733372371784,44.91306733458308],[10.542702447228605,44.912046485602545],[10.553689141565277,44.9107542484358],[10.561860959249925,44.90938691367846],[10.56311799816531,44.90902762974621],[10.56444006116989,44.90873047341406],[10.566066976308235,44.90846510920594],[10.567027905256335,44.90839790724743],[10.56855839904701,44.90831389533843],[10.569838561011673,44.90834130359166],[10.571071263458098,44.90848638266473],[10.572306942774844,44.908739423991555],[10.573342508969999,44.90905824291777],[10.581603239110668,44.91225236507851],[10.582361214332002,44.91263793242324],[10.592440625297543,44.91480234139325],[10.59326150607521,44.914664819406894],[10.593621383849868,44.914626871084266],[10.594196289349787,44.914566246417365],[10.596169892166975,44.91446666091738],[10.597770287801767,44.91461530717264],[10.598825415926266,44.914744577798736],[10.599041598924924,44.914826927562835],[10.59996500489108,44.91517871299714],[10.601592836369896,44.91585804451966],[10.602324707369533,44.916207849614956],[10.604520620355371,44.91726624974319],[10.611913403324278,44.92109148256726],[10.614161344184595,44.92218496630839],[10.617010718663527,44.9234859417569],[10.618163804317359,44.92393769578107],[10.619265210783047,44.92435418363395],[10.620210599839115,44.92462883429697],[10.622775352436678,44.925263057098206],[10.624596767565285,44.92559722879624],[10.6251804331523,44.925624926866334],[10.627881457494778,44.92420182970507],[10.630918936652456,44.93015272487514],[10.638522434222159,44.93845558122028],[10.639372540607564,44.939383333910676],[10.63951601222654,44.939521535004985],[10.641766390315663,44.94154613621416],[10.642161107652717,44.941873619481065],[10.642933892298064,44.94248354947051],[10.650330078666032,44.94807660720539],[10.650727356921537,44.94862811016607],[10.654743102612187,44.95426890003249],[10.655913549345799,44.956763888918836],[10.65592390501779,44.9567886121089],[10.656128239666032,44.95752083317531],[10.6562003610006,44.95778461815264],[10.66470377018788,44.96890840880123],[10.678910041149047,44.97639251764635],[10.68668004065286,44.98659267956037],[10.689009348373023,44.98384120030403],[10.691386180339181,44.981015434050775],[10.69334709084956,44.97825879294722],[10.695646822103377,44.9749839756648],[10.695961287552338,44.974466198729075],[10.69395002262765,44.96993209851105],[10.693645780898263,44.96950452132553],[10.693125525167606,44.969062143847104],[10.692855075500743,44.968914461122374],[10.692274908247335,44.968597652464354],[10.691286335153983,44.96818471820593],[10.690325912083212,44.967865869359166],[10.689621655061844,44.967633245038506],[10.689082955473719,44.9674251641201],[10.688708251006162,44.9671876591506],[10.688665445171162,44.967134003200016],[10.688484799669963,44.96690088359883],[10.688286573554063,44.9666447967881],[10.687960987167466,44.96592046291509],[10.687992708913573,44.96579020081421],[10.688040209694249,44.96559522519243],[10.690997960483763,44.962715781179455],[10.691557456189456,44.96233840590663],[10.69199899090021,44.962156209630216],[10.692196456256685,44.9620769328382],[10.692979337787813,44.96196629515338],[10.693637038317986,44.9619115389581],[10.694741002145014,44.96194015833],[10.695583293352714,44.96212570052629],[10.696467620964317,44.96244563613146],[10.697364864657429,44.962774369421794],[10.6983784550453,44.963177892566335],[10.701515043558725,44.96466637861052],[10.702248112503897,44.965074105135336],[10.70261619928005,44.96531474128102],[10.70315195089621,44.965708848786434],[10.703985280702655,44.96636422943748],[10.704433982392763,44.96672547474079],[10.704463819872018,44.966753518737896],[10.706740392032977,44.96895740489235],[10.710772560454512,44.97308580963346],[10.711019414936443,44.97349604128168],[10.71126799441446,44.97390914334399],[10.711687222726948,44.97460582641296],[10.711708315667588,44.974645284433116],[10.711999345059889,44.97542499853179],[10.712006843665725,44.97545468076706],[10.71207196626068,44.97591842303183],[10.71212172938694,44.97627298218924],[10.712141219416177,44.97641254159404],[10.71212014950773,44.9769276190463],[10.712085535365146,44.97772280270115],[10.712066867827218,44.97797263117688],[10.71204418274697,44.97813236262669],[10.711813897736928,44.979443498517256],[10.7116948178221,44.97982266002323],[10.711637583271012,44.97997030928286],[10.711619522202712,44.98003164207548],[10.71133355028747,44.98132425902952],[10.711308749560246,44.981749386776485],[10.711326845793101,44.982784325916406],[10.711333272361674,44.983000278991405],[10.71155131446633,44.98393322183527],[10.711827397135837,44.98468524694847],[10.712161511022027,44.98525635681582],[10.713151662037728,44.98613269257612],[10.713658991356363,44.98655715955242],[10.71452011366437,44.987123344184006],[10.724585522359424,44.99134809042137],[10.72521360384638,44.99156364795696],[10.726300067459675,44.991835284755254],[10.727396780532395,44.99202573963132],[10.730152318663981,44.99190596436356],[10.731588859604356,44.99140398242953],[10.738232933234253,44.98544288049238],[10.741053025174224,44.980908723734814],[10.741630391583737,44.975790776034565],[10.742433954441594,44.97213473574592],[10.74593586254846,44.96559789092216],[10.74815550012184,44.96269971431644],[10.74814741298632,44.962637187101535],[10.748102673306176,44.962316174856674],[10.746076025434128,44.95858866279779],[10.74465733578149,44.95655195397423],[10.74361665109952,44.955194603826335],[10.742795697837948,44.95391969148455],[10.742854888967244,44.953011681908336],[10.743559909544933,44.95079898195184],[10.744566559717319,44.94892911554937],[10.74774601986438,44.948043310608966],[10.750318767002618,44.947607817762396],[10.75378503273018,44.947178521256376],[10.759576084236977,44.946484285862844],[10.766548673535276,44.94571046512501],[10.77065070629937,44.94411437609839],[10.77125771193584,44.94385513332968],[10.773662788598575,44.942926599486505],[10.77468978634337,44.94255054918139],[10.775682311181043,44.94226506651538],[10.775923704205338,44.94220435708662],[10.776826869181358,44.9419772092006],[10.776948451349144,44.941958484996036],[10.778063127864725,44.941786913632455],[10.792397270875549,44.939735418676484],[10.80877522524444,44.9360735595217],[10.812549994684604,44.937756373353636],[10.81921173315559,44.93679540405841],[10.840141360702255,44.93194007375264],[10.840150834505799,44.93191514570151],[10.840303084662933,44.93158079893448],[10.840619573439033,44.93088589382434],[10.840718905088567,44.93077641934341],[10.841450859694085,44.929975361775256],[10.8425536553604,44.92919240075396],[10.847694300559443,44.92569596251644],[10.848834600089203,44.9258951592224],[10.853352970855923,44.92728020458989],[10.857658353610535,44.92834439713016],[10.864105617481679,44.92943208554134],[10.865391527058206,44.92961813642026],[10.866013728162475,44.92926588888872],[10.866604194019443,44.928716115956604],[10.86699342104237,44.928241673319945],[10.866902144832837,44.92732491734777],[10.866896392563492,44.92729866068975],[10.866688895377964,44.926704104087804],[10.866098239987657,44.925965046512744],[10.865969121274363,44.92360888338474],[10.867611537148386,44.92209831451513],[10.871277887680284,44.92086641019113],[10.873983599872377,44.921834769151076],[10.876633184254704,44.917058909349066],[10.884837192368728,44.91921066102736],[10.896944164031728,44.92173998221714],[10.897116009737092,44.921775708512925],[10.897729853513601,44.921860304929545],[10.89799102534435,44.92180554014462],[10.897724300766892,44.921610933862276],[10.897514983734442,44.921468559496624],[10.892243939163757,44.91878791424114],[10.889677916176112,44.9175152092179],[10.888791026442247,44.91653908824927],[10.888368265104631,44.91572664785852],[10.888357741829282,44.91570185566551],[10.887940667843617,44.91443768442674],[10.88788583415674,44.91427136838281],[10.888431765453085,44.91372904571522],[10.888473469294297,44.91369684872387],[10.888851963426568,44.91340702193349],[10.889092459868504,44.91323239904605],[10.889162866224323,44.913181327577725],[10.890308766598965,44.91243772859654],[10.913918554893385,44.92313476927996],[10.917052685096394,44.924127476306495],[10.919078933894763,44.92380873052277],[10.931537786242531,44.92272542869742],[10.937372017204542,44.922234968241796],[10.941373627186426,44.92191399460451],[10.945957641340932,44.92541290127173],[10.951373110003894,44.927873704757424],[10.950594927568739,44.93332884803657],[10.952669850832256,44.93327628261692],[10.954356141013442,44.933368957008845],[10.956579970163872,44.93354690625033],[10.962846674893896,44.93412347937104],[10.966382345329743,44.93451272871808],[10.96715673059472,44.93480651730079],[10.967414126497564,44.935062959081854],[10.973564929585724,44.93984410077822],[10.976210097353874,44.941877228812984],[10.977397155814744,44.94238935900012],[10.981152459932318,44.94465003418771],[10.982123598007247,44.94524529007161],[10.983718413587129,44.94664889875197],[10.98449591597461,44.94750856741325],[10.985796659867587,44.94883623390461],[10.9865411383467,44.949471432825305],[10.988812454755907,44.95136735433783],[10.989899087225293,44.951996551818624],[10.990686237621306,44.952396918022316],[10.993287255183033,44.953557795057705],[10.994007681637743,44.95386028323163],[10.996755688390623,44.95489248472597],[10.997472404767382,44.95508698215801],[10.998076384909526,44.95485691998387],[11.017345969237535,44.95285279785321],[11.022649845351433,44.95267231791183],[11.025545186185173,44.9521167508914],[11.030297216665364,44.95136618828422],[11.041260906275868,44.95137770490638],[11.049034763984583,44.95122616269575],[11.05793150172726,44.94970110076783],[11.059537707203836,44.948887790709904],[11.05957084598631,44.949248408467575],[11.060358081858514,44.95017622575139],[11.061764602173415,44.95158529361269],[11.072128018169451,44.96171682639127],[11.076199087506582,44.96159517083223],[11.085945272505848,44.96002294273063],[11.088652251844081,44.959290623263755],[11.089747044230048,44.95879988188308],[11.095588234491572,44.9576623444789],[11.100607149554165,44.957984167446845],[11.106158268749683,44.95690968312466],[11.11624980056462,44.95489565450351],[11.118021570942643,44.954466717441804],[11.120383759003065,44.95356767648716],[11.120547237768298,44.95349588264436],[11.122288267196828,44.9526140887777],[11.124333312133754,44.95136980569214],[11.142630035636262,44.93767791558538],[11.142860288436902,44.93739454762258],[11.149175302188207,44.93415214539968],[11.151286664868149,44.9333382109126],[11.152435622084427,44.93324454055775],[11.153532829631583,44.93343987941686],[11.156076674735584,44.93569635525913],[11.15854419693173,44.93809020376814],[11.184078285111074,44.93893585720016],[11.190857096716499,44.93857190795913],[11.20207912333205,44.93948680911677],[11.203087253222142,44.94019541858672],[11.20366000546425,44.94058945657758],[11.205415927396581,44.941428726145496],[11.206558322202751,44.94180272684611],[11.208315223997234,44.94233587740895],[11.213124417180216,44.943485003545945],[11.219084957934074,44.94422445522432],[11.225805133452901,44.944629213858356],[11.22781229302358,44.94474309382843],[11.229804686055488,44.94480321136592],[11.231796383525866,44.94484531180745],[11.243441852410479,44.94791114857347],[11.246205691807146,44.95143858598219],[11.249156774244168,44.95003721528527],[11.250276035066952,44.94952838702448],[11.25665690056636,44.94675560251921],[11.25811206110363,44.94636683547783],[11.26175026189419,44.94543114374],[11.27225723428784,44.93832271740273],[11.275194773742925,44.94261173584097],[11.279612640739302,44.9492078638271],[11.285372897893724,44.95676128968645],[11.30865683286604,44.96046062266616],[11.322796388049413,44.96116411655121],[11.334335997339565,44.9584262359513],[11.348836796238578,44.95341167369447],[11.353674639160113,44.95143061111983],[11.356268314622291,44.95039588319358],[11.357155454240198,44.950080507927886],[11.358121012092477,44.950132574396115],[11.358604440737917,44.9502599048562],[11.359338745203672,44.9504585458037],[11.360044491033783,44.95090334028715],[11.360845653884162,44.952272785656184],[11.361700356564064,44.95394746545863],[11.362131908114224,44.95457767130577],[11.362763830721544,44.955465852828084],[11.372857244541779,44.95766798607932],[11.37671594078724,44.958082816666305],[11.378192849001184,44.957926024414945],[11.390236620657657,44.95581145884605],[11.399691533958944,44.952553375423456],[11.405733531378337,44.9486887133124],[11.413927055679528,44.95031639831298],[11.426178123714154,44.952070898472186],[11.426742046083852,44.950083466728024],[11.42650183420888,44.949604035749445],[11.42633685460988,44.94920825825071],[11.426163363485587,44.948792053174316],[11.425372195832756,44.94626133120269],[11.424929948633837,44.944780906078115],[11.424918518455403,44.944737442462156],[11.424673360516486,44.943805144805324],[11.424235364179632,44.9409383327183],[11.42411599484219,44.939803430865815],[11.424066342476742,44.93933131169292],[11.424025846635253,44.938905153040004],[11.423983174074625,44.938455963054096],[11.423940502327765,44.93800677300568],[11.423929711276852,44.93789317371159],[11.423947528985366,44.93755652747525],[11.423971378045795,44.937105924654524],[11.42400030503021,44.93655939487251],[11.424621651294304,44.933557548980886],[11.4249726712342,44.93226281590194],[11.425035564339602,44.932132255867565],[11.42555536558923,44.931053181156436],[11.426351605695622,44.930100048573024],[11.427494812842092,44.92956262949662],[11.4293734348109,44.92904555447518],[11.431093026651421,44.92895493483069],[11.432556982229531,44.92911278395339],[11.434076905604012,44.929395440743434],[11.44509761117718,44.93170388016285],[11.455067148904513,44.93382491968902],[11.464226963774049,44.93571398776093],[11.465820280978667,44.935994532851396],[11.467516002029264,44.93620215271122],[11.469601817567474,44.93637308065193],[11.485680781216,44.93717406071202],[11.489488606641602,44.937304696229894],[11.49770114137421,44.93728300248103],[11.498993016104382,44.93727597562901],[11.499626395208889,44.93727248959711],[11.499892858705083,44.937271021254645],[11.50025931145915,44.937256770169604],[11.50089184218794,44.93723215360025],[11.5030686283413,44.93714740707883],[11.505252941329822,44.93705919054732],[11.506484546922016,44.93700943144324],[11.512668647173651,44.93670242957762],[11.514802578822831,44.9365281699946],[11.520511598779242,44.9366614951747],[11.523689596624978,44.93689912045909],[11.524320614443265,44.93696392769325],[11.52496358615405,44.93702994060219],[11.526873536904436,44.937226009909715],[11.52953511225267,44.937090643568744],[11.529693492567487,44.937082533203444],[11.531976519887753,44.93683386194836],[11.53597391530628,44.93574590868863],[11.53783664401606,44.93516439304473],[11.53912327731215,44.93473969702295],[11.539780427387772,44.93444601501886],[11.541727281238007,44.93343947676247],[11.541910540679872,44.933341520702214],[11.542206514646187,44.93318331400353],[11.542816794889545,44.932857096261586],[11.545437601030054,44.93131091031091],[11.54622891550784,44.930838058247744],[11.548392047977853,44.92938404801847],[11.548695049855466,44.92914599520355],[11.548902397684806,44.928983090458615],[11.549101259876252,44.92882681759635],[11.551752717974432,44.926581399898524],[11.552803126080688,44.925693729368334],[11.554627035935594,44.924194598895795],[11.556462748081275,44.922767196085694],[11.557605995571489,44.92194041534385],[11.558479832043838,44.92139184329238],[11.558542944817887,44.921352235603514],[11.55864537690886,44.92129537442971],[11.560063771694141,44.92050802411017],[11.561207878728254,44.92002326259891],[11.563743308307929,44.91918316966508],[11.564088569506094,44.919113535301214],[11.565099473269816,44.91890964381711],[11.565345632166391,44.91889061071216],[11.566412608359103,44.91880811050965],[11.568503299557271,44.918670718630786],[11.570028530146148,44.91863672843932],[11.571032151819496,44.91855610403842],[11.571429846787284,44.918524153146414],[11.57274185978929,44.91839561204843],[11.574803169067527,44.91788643979053],[11.577640447608397,44.91711035310653],[11.579303686243287,44.916604619635486],[11.581705544454113,44.91520213253366],[11.583334567317868,44.91419545289475],[11.584686707177386,44.91318363234363],[11.58543222757729,44.9124433088876],[11.58550970730691,44.91235775648561],[11.586428689769857,44.91133916970738],[11.587074998517991,44.910120631848066],[11.587610581145935,44.90877052889967],[11.587623153426067,44.90872732216312],[11.587917854855416,44.90713314238918],[11.58812915138514,44.905640612595846],[11.588134585846738,44.9047871602647],[11.588137116336743,44.90388749961222],[11.588134350703914,44.90215076929775],[11.588135525959387,44.90211355341903],[11.588234106243204,44.90065442124629],[11.588331657844842,44.89926286785587],[11.588810791791408,44.89807375621815],[11.588836476418756,44.89801298142681],[11.58908239416729,44.89745987865172],[11.58938582653324,44.89678605465395],[11.59022916929236,44.89508138480432],[11.59095295837751,44.89377853022154],[11.59125487474752,44.893235050815754],[11.591421437532887,44.892994729215886],[11.591792465388819,44.892459392254075],[11.592083666137961,44.892039226362876],[11.593535918426584,44.890892242806686],[11.595142026737182,44.89025327581871],[11.595205625390587,44.89023034983142],[11.596777297906504,44.8897383064656],[11.599287828706746,44.889213361427736],[11.600853551240178,44.888988353279686],[11.614653686650392,44.88812392707528],[11.615120432319712,44.888107173617996],[11.615477342510106,44.88809528588113],[11.617372990734468,44.888034597778415],[11.61959038442124,44.888064737366996],[11.621441370056315,44.88839132189085],[11.623269140939797,44.88878141352966],[11.624808828323244,44.88922311847733],[11.629885376537784,44.89196887441091],[11.650109806556715,44.90327107740077],[11.65693352747072,44.90705835842005],[11.663382368774572,44.91077287259914],[11.664518837003877,44.91138571325762],[11.665478002702441,44.911897979408636],[11.665881772694163,44.912110647955494],[11.66959014760072,44.91406269183622],[11.671277786538287,44.914756263392704],[11.672844928083762,44.91516575658433],[11.68216259482292,44.91626368780852],[11.697808173962446,44.92022119205445],[11.702609571400473,44.92234257308735],[11.706659273804801,44.924099865263585],[11.707573713505683,44.924465254346046],[11.710322399865287,44.925169442090535],[11.715532277408277,44.926337589735446],[11.71812887964096,44.926623371974166],[11.71844992258096,44.926657459966776],[11.721452163114945,44.92673893998485],[11.723805686644653,44.926700801631576],[11.725327116947604,44.92645847519217],[11.725970195547475,44.92629870831799],[11.72621206414107,44.92623864935296],[11.727845263316354,44.926208622184625],[11.728501210788215,44.926229760001064],[11.72913575400353,44.926250205053435],[11.729609292216974,44.92626546063783],[11.731043332817467,44.92639476506948],[11.731187307626444,44.92640774720502],[11.731680221365563,44.92646460044473],[11.732317481912268,44.92653810427271],[11.73293308175525,44.9266093092433],[11.733685930466862,44.92695685430648],[11.73407254433501,44.92713534815161],[11.737046951532998,44.92867087261259],[11.738707494460531,44.92974727481477],[11.740043117971915,44.93066041928098],[11.743029094992824,44.93273114409802],[11.743828506430845,44.933464883760024],[11.744023054751352,44.93364344697859],[11.744063367472826,44.93370855409168],[11.74484685951782,44.93497392296169],[11.744884685869115,44.93560553649065],[11.744889731886113,44.93568984482323],[11.744907137725868,44.93598068387626],[11.744758213683328,44.93704329816653],[11.744746370619252,44.93712779755403],[11.744027270550069,44.93879244904381],[11.74370690185747,44.93952505345132],[11.743599017073528,44.93977175238141],[11.743398697959627,44.94022978055235],[11.743130115039841,44.940719842672074],[11.742900457549542,44.94113883315367],[11.74266367993112,44.94157080679885],[11.74014263004291,44.94612333257359],[11.739968050302677,44.946982709834046],[11.739904583307352,44.948586571604565],[11.739972114401814,44.94978040476959],[11.740003238766173,44.95015953549752],[11.740261573795646,44.95110433280989],[11.740404276430702,44.951626217251736],[11.741197252315876,44.9530290493555],[11.741232635566835,44.95309159131786],[11.742356174031508,44.95458596486956],[11.742919317288429,44.95509133942761],[11.743896270689905,44.955968043281615],[11.743958363273569,44.95602376231047],[11.744445030974232,44.95640494227787],[11.745631001710603,44.95733381443557],[11.747036296701276,44.95809666378717],[11.748533794932142,44.958470974576926],[11.748678762482848,44.95850720772279],[11.750312654765775,44.958737902467405],[11.750964770669992,44.95878717392178],[11.75211915186791,44.958874383532134],[11.753987361732317,44.95900035370146],[11.754144825886943,44.95900413229143],[11.75604882250267,44.95904980222972],[11.768042583434397,44.96101879206124],[11.77224469486862,44.961972998429154],[11.780673084759707,44.96347079749511],[11.782516425612952,44.963839953271986],[11.783826521663494,44.964186081871226],[11.787074241228886,44.96552911147992],[11.78844724774754,44.9663867483878],[11.790036976086903,44.96754514744643],[11.791602168532943,44.96873562219585],[11.793271913785635,44.97022508417561],[11.795528133412269,44.97229878362111],[11.797315545287791,44.97384830765349],[11.79907066959506,44.975002550195555],[11.800684377270782,44.975845112475774],[11.802577801154504,44.976482775765504],[11.803823537685412,44.9767611491909],[11.80471913689936,44.97696126987197],[11.80646802328854,44.97716132557583],[11.808818750125244,44.977292527932406],[11.810191266577878,44.97729407271046],[11.811266667198286,44.97729526029405],[11.812092813183718,44.9772844738193],[11.813360324810692,44.977267912124354],[11.813598404589156,44.97726479957392],[11.813993603601698,44.977250345046365],[11.815864550910177,44.977181894410265],[11.817756727798391,44.976973155278955],[11.819519140137864,44.976704575604614],[11.8240087092743,44.975936415314685],[11.82532159548359,44.9754903580267],[11.829077425299177,44.9744971491676],[11.833644241520743,44.97334806203798],[11.834720089577338,44.97319316011558],[11.835457563571305,44.97308697253204],[11.836842913700165,44.97289950709147],[11.83723985579592,44.97285669937823],[11.837870587058077,44.97278867720798],[11.837927769578659,44.972782511091786],[11.838317931255268,44.97278930334482],[11.839874117283767,44.97285667818475],[11.846924501395176,44.97350322311116],[11.855894776365439,44.974580220623594],[11.870939869194725,44.97472514092148],[11.889778504569431,44.97697232301912],[11.906201864728475,44.97651920926497],[11.906537192070719,44.97644951996388],[11.9071647249609,44.97631910113223],[11.907682844259412,44.976211516985714],[11.908421697429738,44.976096144083435],[11.909050854340672,44.975997978736224],[11.909544792063471,44.97592097186661],[11.911407954328851,44.97564834219798],[11.915394519285082,44.975240487207685],[11.921183382353245,44.97465134001315],[11.922867912090837,44.974608202921594],[11.924583091281075,44.974676782380335],[11.926377191085711,44.9747928182357],[11.926941096438874,44.97487740242101],[11.927808525379527,44.97501264946486],[11.930241768284956,44.975517315138426],[11.932257805650917,44.97600562961863],[11.936596587817899,44.97728934267861],[11.938747527364065,44.977972118394256],[11.941636114824522,44.97915794459145],[11.943140400235746,44.97980330162343],[11.944896520282288,44.98066717716045],[11.946324945367872,44.98132344816193],[11.950387274195881,44.98312694719003],[11.95124161244408,44.98346485892423],[11.958894152307005,44.98599873413197],[11.960990032666363,44.986547489613045],[11.962678873126167,44.98682771783861],[11.963250659724148,44.98680942691315],[11.964173231075529,44.98677990739055],[11.975007746972619,44.985831791474055],[11.98316313173199,44.98434959505303],[11.983996658198965,44.98414907366692],[11.984296888331691,44.98407684527338],[11.985549655624375,44.98377544800655],[11.985793959063086,44.983716664173166],[11.986178298434595,44.98366837056166],[11.988402539546446,44.98338882567839],[11.996561862324024,44.98223864059132],[11.99926690372249,44.98157342783661],[12.000008510513256,44.98132409866509],[12.006243614050378,44.979283807178355],[12.013162580044632,44.977111473279805],[12.015454374644207,44.97655582905419],[12.016908017108658,44.97646338846002],[12.03954527902658,44.97668174564559],[12.047486843196006,44.976963507553144],[12.050791690244811,44.9744731929252],[12.051342497521418,44.974070607048105],[12.05158299199244,44.97389494675029],[12.051636343224198,44.97385598443458],[12.0522935360399,44.97337981122916],[12.053092872980757,44.972836437216564],[12.053713369279398,44.97241462554012],[12.055367545089776,44.97132611890623],[12.05684403120986,44.970621046376564],[12.05688883055169,44.97060124720032],[12.057298678147044,44.970476826011236],[12.05903534527048,44.96994958913419],[12.06105734284083,44.96958029976945],[12.06277059964442,44.96954986820315],[12.064034599824708,44.96952740300155],[12.066465488270136,44.96993019591153],[12.067798309813428,44.970305118897755],[12.069181994154995,44.97069432776546],[12.072348172226285,44.97204041368402],[12.09156364635277,44.97020708210518],[12.09981178237863,44.96607649778916],[12.1012311965789,44.961826514323064],[12.107085219524112,44.96175574828479],[12.108963398528712,44.96155154976273],[12.111240408014663,44.960985369691436],[12.112901062572954,44.96044290094183],[12.113134133583044,44.96036660181775],[12.11344106935028,44.960150634019854],[12.114929482848673,44.959102341762204],[12.116183288325896,44.95767280715198],[12.117058725579403,44.95604655650158],[12.117474490136805,44.95482893998815],[12.117532873518304,44.953098980731],[12.11753170207921,44.951208640858106],[12.122295644407096,44.943194079443636],[12.127579870893022,44.93549529746031],[12.132056968260871,44.93276191593387],[12.138890919728171,44.92956745940122],[12.14443032274788,44.928288739511686],[12.152669413941114,44.93102424290162],[12.158764111308182,44.933751556532016],[12.158722816600804,44.93464630550234],[12.159154922355693,44.936515743686506],[12.159876617973726,44.9376570018291],[12.16106885743142,44.93859618717925],[12.16324744084237,44.93972405446198],[12.16503409470865,44.94063770656481],[12.167340169452988,44.941545911743844],[12.169144604547231,44.942089931580846],[12.170675931515477,44.942047383477394],[12.171049210048071,44.941953749687855],[12.172326377296532,44.94163218387908],[12.173150059426714,44.941023514517234],[12.173617097398436,44.94067835349098],[12.174890622054411,44.93940965379344],[12.17585668072021,44.937393344071744],[12.175982138094627,44.9370370774432],[12.176557915133566,44.935402384522874],[12.177886592832065,44.933528994344066],[12.179338348193799,44.93183188678179],[12.180654626018827,44.930643254741895],[12.182166979312749,44.92958355445447],[12.18314805381221,44.92894181344311],[12.184185548794693,44.92826727574194],[12.186054001791504,44.92722489900928],[12.186893805021962,44.92681318905782],[12.187670116120147,44.92643259701974],[12.189139159944625,44.925959444991115],[12.189249052778722,44.925939503315476],[12.191272022438092,44.92557573411923],[12.194173938551545,44.9253504958939],[12.198054313464041,44.92540382065998],[12.1999625367769,44.92553935394692],[12.201449117153267,44.92583971561029],[12.215872856875187,44.92545205047407],[12.217937811723116,44.924763684550456],[12.220155543501846,44.92408897835606],[12.221951648108885,44.923579170200064],[12.223701633046822,44.92315165127451],[12.224971817956783,44.92298072526755],[12.225133164562656,44.92300551519139],[12.225321399182146,44.923036327737094],[12.22676204925456,44.923272169710856],[12.228485413761499,44.92395257044882],[12.22959043889504,44.924677458022416],[12.231719026052327,44.926480576332075],[12.233186841362246,44.92824839610421],[12.233645608970413,44.928849381595725],[12.23391191214249,44.9292000493239],[12.234853772776225,44.93053789006773],[12.23544672988524,44.93138495381728],[12.246718248936261,44.93562374698157],[12.26771520096997,44.94159563320871],[12.269192111088206,44.942381495982964],[12.270423400845402,44.94285931194728],[12.27215731493609,44.94325968614221],[12.274488950945127,44.9434718450525],[12.27616433140957,44.94328871710566],[12.280868825660194,44.94176721437406],[12.281853984242886,44.94126178377078],[12.283117697517255,44.940307224324755],[12.283830429230349,44.93969258074418],[12.292279123038574,44.931626405014526],[12.293307835522981,44.930336436696884],[12.294010150426702,44.92910090923197],[12.294737332057098,44.92741454421479],[12.294871330368942,44.92621342176642],[12.294747478745965,44.9253707979398],[12.29413390534886,44.924398329126596],[12.293182917006858,44.92305749134519],[12.291910068741782,44.92162691243945],[12.290401075267349,44.92027515271606],[12.285068249917726,44.91518971491133],[12.284089574072985,44.91424567799265],[12.283306134398066,44.9131699955007],[12.282185377923225,44.91150988118601],[12.281872214690964,44.91001556591063],[12.281951560363495,44.90962979221155],[12.282328528044285,44.90779695932818],[12.283325853978775,44.90568298565364],[12.28399618020242,44.90380358569055],[12.284880180104887,44.89945072824208],[12.28514956023019,44.897066457951134],[12.285282035917554,44.89561331969538],[12.285156326050924,44.89451870432419],[12.284551956873525,44.89369144825614],[12.284049165197048,44.888645307705765],[12.284023848318158,44.88642254664525],[12.284704922868976,44.87837317854972],[12.285996005928467,44.87236768763626],[12.286166388929612,44.871831024124],[12.286650746142843,44.87030537518716],[12.287170202722855,44.869610491508695],[12.287909316069118,44.868621739368876],[12.2941087223609,44.86035911255471],[12.294943755081565,44.85951168500657],[12.295149556692657,44.85930282606768],[12.29787913436118,44.85723450942667],[12.299854036037761,44.85635821347148],[12.301932230348394,44.85573995975605],[12.303835765720596,44.85538777474906],[12.321675461634355,44.853760552170215],[12.334391521436283,44.852617319207376],[12.336318438278642,44.85223689947866],[12.33842891890054,44.8513109627996],[12.339388887233454,44.85074529325777],[12.340533773550963,44.8500700899614],[12.341574597228444,44.84903137702668],[12.342466032257457,44.84781699652425],[12.34309214854105,44.84682648028285],[12.343452135297138,44.84583466419225],[12.343566296686188,44.84412547686935],[12.343587685083662,44.84380524200757],[12.343624769985217,44.84182371028241],[12.34373906848798,44.84008297378056],[12.343892668078384,44.83858413474532],[12.344555340749062,44.835170948028875],[12.344856397631485,44.834081875958994],[12.345707509875743,44.831473334531424],[12.347046612548665,44.82816631720404],[12.351747428313903,44.81935933610636],[12.353167291508003,44.817198445395015],[12.353228815985986,44.817106377303155],[12.353282333911011,44.81702709616781],[12.355161121026445,44.815113312527465],[12.355193352386843,44.81508203104043],[12.35737022901398,44.81360372650871],[12.35897274999746,44.81310644927632],[12.360562621098017,44.81260952121782],[12.362046763136497,44.81203466536737],[12.363119498381273,44.81156194185824],[12.363828109134799,44.811158948613766],[12.364037575558937,44.8110397627911],[12.368858194937346,44.80804385286988],[12.374038114964629,44.80471302962939],[12.37622838421794,44.80324390337664],[12.390226496564951,44.795924166616715],[12.398107721854077,44.792777500659106],[12.396721149442453,44.790262257105454],[12.395616187969546,44.78909786972783],[12.394376174280659,44.78821657699435],[12.392945366090832,44.78731391953028],[12.390099154719897,44.78620127490017],[12.38510072805193,44.784781534259565],[12.381790739937555,44.784325042500484],[12.37702867952697,44.78373071283531],[12.375195292629547,44.783516889625446],[12.360534207239878,44.78462575778675],[12.349935799123545,44.785111565011334],[12.34706065036367,44.78537200458012],[12.330415811762297,44.78690189759939],[12.327000045836007,44.78735365698388],[12.325149568690525,44.78761126781822],[12.323503276484441,44.788051426485126],[12.321932700812425,44.788516966061195],[12.320862673839983,44.78908978752944],[12.320713967997445,44.789811818824866],[12.322066332929358,44.79150575629697],[12.32323063024344,44.79158017389216],[12.331308576278587,44.78886643617267],[12.338283504824886,44.78792288008836],[12.33921480843991,44.78782416780463],[12.341609079689285,44.78800695372543],[12.34210200028088,44.788571065699905],[12.34191402109201,44.78879093611701],[12.341439945449007,44.78926927858766],[12.337202479406661,44.790608048157985],[12.332889293430366,44.79237759866307],[12.325980486208955,44.79525878335605],[12.325835495521043,44.796227646282134],[12.328246112107665,44.796264523514296],[12.329634337406446,44.79597392239242],[12.334162647323343,44.794448298531286],[12.337940291256947,44.7929824514985],[12.344249792118463,44.791034948759744],[12.354336295352304,44.78876229277802],[12.362553562814181,44.78718243679404],[12.365301577105548,44.786738502783],[12.371302112147832,44.785996438261094],[12.374730596417688,44.785572671177675],[12.376589116717396,44.78541696102417],[12.381349119988878,44.78550675965422],[12.384650395647558,44.78773796673473],[12.385317145614982,44.78993850465123],[12.383794960705604,44.790091761841296],[12.382102955137372,44.79026695141964],[12.374382504151336,44.79136052614389],[12.372747387529545,44.79222074734143],[12.372688316875475,44.793131689086884],[12.372760490167348,44.79639088367125],[12.369515380694876,44.799060964344164],[12.365555974742172,44.8022565175935],[12.364024644700374,44.803440998075935],[12.358806138280492,44.80669876063815],[12.352402507107353,44.81192203483915],[12.352593878758308,44.81481377377533],[12.350397991659772,44.81725095613127],[12.34566006601097,44.8197488341945],[12.335466370331083,44.82389607758242],[12.32671681831216,44.83236856461559],[12.316929113212204,44.84126417310364],[12.303024359008154,44.84189723123523],[12.289715319392016,44.841647153589015],[12.285528071008493,44.839757767297925],[12.276298723478925,44.83202356880315],[12.262433090616303,44.81900943964389],[12.258928508708575,44.815625815204186],[12.25834909863096,44.81546730668044],[12.257775451104001,44.81519056613762],[12.258335306654619,44.8146338960889],[12.260398799134796,44.813241519765455],[12.262277088963751,44.81333072191198],[12.267659499160212,44.81472442656681],[12.270776197319467,44.81184843573116],[12.266452613784692,44.80469170334763],[12.266309665955797,44.80435114629029],[12.269758727150531,44.806007415327244],[12.274627266995747,44.811125179402254],[12.282058976875668,44.81831525730111],[12.283165048889648,44.81864070188689],[12.284245796061137,44.81852027563024],[12.285227807315017,44.818134729347754],[12.284675797912858,44.815603071574365],[12.280499853251808,44.810346584405295],[12.27714664349191,44.80619013326714],[12.275898391722198,44.8048266663887],[12.274598349616701,44.803286036720834],[12.266189722704974,44.79237422211074],[12.262113918852355,44.78700550635084],[12.2571763921868,44.78006947345075],[12.252149490174444,44.76938258094953],[12.248077668871428,44.757407649899456],[12.244081228363896,44.740299610899804],[12.243721058622215,44.73792637395099],[12.242305735450778,44.725053568553804],[12.241027084900828,44.711599248306534],[12.24079413097213,44.70853416562031],[12.240441480906192,44.70332558534935],[12.240227941101235,44.69964072985192],[12.240172172682195,44.693988155290974],[12.240177865166267,44.691763395557075],[12.240243724811627,44.69100454228249],[12.24114242991488,44.687070643237],[12.241514489270767,44.68575806964015],[12.243638385650222,44.68041139765405],[12.246786692271172,44.67625205657838],[12.250446032575088,44.676530558356944],[12.251808749981622,44.67643297885791],[12.252362329816538,44.67558831366296],[12.251522433080229,44.666308728732076],[12.250599179032905,44.6619762407062],[12.251294513087101,44.65995178142493],[12.253143766325561,44.65546818552089],[12.256050980299285,44.64855664212348],[12.258874166222103,44.64287556889297],[12.25941818225746,44.64186113647881],[12.266502417539138,44.630241074660844],[12.2677737429913,44.6283934266482],[12.269191376540233,44.627341541564505],[12.270154122159518,44.625777645462826],[12.273192009993979,44.62082176140277],[12.27474276887133,44.617561735198436],[12.275787448955949,44.61479259414888],[12.276912819328189,44.61049672731779],[12.278179332005188,44.60404087554659],[12.281080350076094,44.59633430402455],[12.28193319675354,44.591567743891936],[12.282515642656078,44.5867970512581],[12.282599295760917,44.5854868262941],[12.282693719425374,44.58338234171677],[12.282727627646482,44.577080310681815],[12.28258447899525,44.57331231530377],[12.28328677644602,44.55855194771945],[12.282180111141109,44.548409003634944],[12.28026192422866,44.541193581756175],[12.279854139930139,44.53269715745993],[12.279610989730445,44.52379214019605],[12.279583791044123,44.52223802893374],[12.279630072987754,44.520822304196805],[12.279717172135173,44.519049188825036],[12.279883725673972,44.51706217689469],[12.280012822083906,44.51605124760599],[12.280236467715724,44.51436304929331],[12.280542535362375,44.51231327958902],[12.280674849018547,44.511642457619715],[12.280933354578071,44.51051636069708],[12.281128124333462,44.50967091321104],[12.281364386965196,44.5087203451059],[12.281924870062467,44.50667152434672],[12.282377134894267,44.50520262368544],[12.283361366281348,44.502665708796535],[12.284335091927563,44.50029902723543],[12.284389968414906,44.50019671462697],[12.285633567768258,44.497880246781676],[12.291258335567791,44.49092838194153],[12.29377760377477,44.48889903885386],[12.28862923099139,44.487229714446684],[12.285857810026087,44.48601075221701],[12.287423272230274,44.472088350773554],[12.287573676679285,44.47105717741282],[12.287768675349664,44.470085398994506],[12.288148482967516,44.46819380334303],[12.289025816421281,44.46412024590789],[12.291708828342113,44.45566460414348],[12.292055908569457,44.45457924941097],[12.292372701515445,44.453734661471415],[12.292732273202693,44.45293458957756],[12.295822996187043,44.4461962366623],[12.302769873396201,44.431414155737436],[12.308324779425762,44.419789018417404],[12.3123453543613,44.41375371062298],[12.315123022759401,44.406622961296456],[12.315225115157164,44.4062871583477],[12.316450933170248,44.40170237935496],[12.31689426143209,44.39944991062328],[12.31690437801359,44.39773802858912],[12.323869695591455,44.366672688089245],[12.325154205979073,44.36152570317768],[12.32602540490175,44.358483418273714],[12.329575413478103,44.3472997145148],[12.330048446045483,44.345856700908676],[12.332733764430973,44.33895484865275],[12.333418933283793,44.33723636066056],[12.334677204771365,44.33440139432801],[12.335073260302666,44.33352368877234],[12.335688110827794,44.3326654311013],[12.335732744573138,44.332604375874155],[12.33587250252537,44.33241760525821],[12.335899138365752,44.33238417313027],[12.33597877074602,44.33228988319491],[12.336011164504622,44.33225257901712],[12.336137222922888,44.332119308736324],[12.336192827834877,44.33206251577109],[12.33672283394491,44.3316382024143],[12.336776612689937,44.33159875028814],[12.336827617553137,44.33158191190359],[12.336874653192375,44.331591021681135],[12.340941826126599,44.32309836662149],[12.34283960286314,44.3188350578524],[12.346376818096862,44.30635713715928],[12.347266496459882,44.303357047351405],[12.347286830999295,44.303289864570665],[12.347298114070561,44.30325284779941],[12.347311626257717,44.303208980340955],[12.34732514213006,44.30316511187233],[12.34737312178875,44.30303920315772],[12.348068346648233,44.301264885021794],[12.347914362636667,44.29961290670099],[12.348170770315697,44.298009047159084],[12.348483155542565,44.296494936213875],[12.348945636914593,44.29478754863352],[12.351403320602081,44.286428932722224],[12.351520053968477,44.28609649908394],[12.354264854546564,44.27835397897269],[12.354468517006257,44.27777993783821],[12.3551756994455,44.27586519011464],[12.357195872466264,44.27055401026804],[12.35751168234618,44.26987577415664],[12.357737357164906,44.269464286677135],[12.364059613748337,44.257278954310834],[12.36719909233358,44.250755833823796],[12.36787342503071,44.249409843694714],[12.375321982930643,44.23756216765053],[12.383913025453465,44.22461879398052],[12.385262710606504,44.22274187857284],[12.39051585122854,44.215514296200354],[12.392335274030795,44.213069472205916],[12.393358497051365,44.211995553974944],[12.398071673784862,44.208241809758675],[12.400216154503653,44.20678644043835],[12.407852301955735,44.20240040260156],[12.412069171769566,44.197220533468254],[12.417682806137247,44.19061071198615],[12.419811743862125,44.18811806187546],[12.420986375742899,44.18691715895934],[12.424775793352346,44.183298327027344],[12.427575709379704,44.180892483841994],[12.4346918704653,44.17567360911091],[12.436624434856386,44.17427704161709],[12.436964838157179,44.17408851182729],[12.442952127553731,44.168564255478174],[12.445148024856408,44.166961845074624],[12.450623965404901,44.16224983011729],[12.454073368687663,44.159570015873],[12.472795262334438,44.14415614391682],[12.483848278932028,44.134354848450094],[12.501978378395528,44.117648244554665],[12.504046949826844,44.11572678540259],[12.506578425091524,44.11391969142508],[12.507597011270184,44.11303086691977],[12.508067536624038,44.11260193505305],[12.515908203723587,44.105253389203405],[12.52940859153887,44.095226280219315],[12.535495430416558,44.09098075429377],[12.539453583918112,44.0884189018021],[12.543405324977506,44.085861298855825],[12.5457551934138,44.08441931834691],[12.548684070861773,44.08269666357407],[12.555807139025589,44.07853115071584],[12.561850282813715,44.076339645095835],[12.562362417266037,44.07625972490536],[12.564097287040552,44.076049516150924],[12.568067709383248,44.076091954521836],[12.568374066552996,44.07610952770881],[12.568654437064355,44.07615649853751],[12.568883357960448,44.07623794804831],[12.569432126241582,44.07649518670494],[12.569571999959273,44.076612291423146],[12.569617385476505,44.07665629259106],[12.569736296616028,44.07677158071519],[12.569829620859625,44.076971606918256],[12.569925345955678,44.07724444467725],[12.569990273061427,44.077499666825226],[12.57005122742981,44.077919370317815],[12.569944875703898,44.078029886994415],[12.569668262067967,44.078144301444034],[12.57272072583111,44.078890556489384],[12.574598360081888,44.079123303697834],[12.577304259960401,44.076750912653274],[12.582886885945525,44.07086807263625],[12.59275752846204,44.060480851650226],[12.595278762990592,44.05808014397372],[12.605039068832989,44.04880078883335],[12.610367110528696,44.04403406246186],[12.617939847319684,44.03728295171204],[12.62542832850171,44.03101228866948],[12.632253584205687,44.025073911768956],[12.637577793072337,44.02125063687828],[12.65696696349702,44.00765536618659],[12.680806193258674,43.991852731454394],[12.688202029265916,43.98712386476116],[12.693864559111987,43.984440900079356],[12.698796641246835,43.9818327108478],[12.705338814226621,43.978489415026864],[12.708696416383566,43.976831748261056],[12.71335468523933,43.974612622971925],[12.717018105786677,43.973353854503436],[12.72134653367223,43.972704193365914],[12.722148547285578,43.97262862736658],[12.736855436651338,43.96839415653233],[12.737089539638287,43.96832713819749],[12.738387063260204,43.968183743422784],[12.73895997517608,43.968147160418326],[12.739380422920567,43.968169003992784],[12.741932169546176,43.96837021134094],[12.745209288763723,43.968737461904766],[12.746564958469955,43.969126205450515],[12.747078792932165,43.96941773785957],[12.748649174915816,43.96920910362916],[12.750621442736197,43.96854450415858],[12.753406424838383,43.96553271369784],[12.753526516296112,43.960029023615256],[12.750017181662832,43.95458521251118],[12.748308856811155,43.952993818095294],[12.741470308353145,43.940924970208734],[12.740924342614763,43.94000205705858],[12.74031111468766,43.939139879087264],[12.738436819417178,43.936658013355206],[12.736588908229857,43.935575179917194],[12.735567770472555,43.934712833446234],[12.734217847124013,43.9335236383441],[12.733520819716652,43.93253818046551],[12.732746422717371,43.93095201397134],[12.732765676771407,43.93076232430606],[12.732821890011888,43.93055341532168],[12.732833875573053,43.93052064344035],[12.732856557874477,43.93045880781246],[12.732887499595241,43.93039783185076],[12.732903590878593,43.93036619145687],[12.733087072165723,43.9301756297304],[12.733547061263264,43.92980494352198],[12.730796551307579,43.92710405641787],[12.728687881518642,43.92165874046539],[12.729694362042618,43.91588214234065],[12.730048493782757,43.913106689790844],[12.729696297339245,43.912415992777746],[12.729319525993315,43.91215371617478],[12.729198599636133,43.91209676703774],[12.728995534092956,43.91201350449641],[12.728524711728602,43.911927611856676],[12.727118104351284,43.911704980832106],[12.728833991738645,43.9084355586074],[12.733233664323004,43.89974350359177],[12.73470181869799,43.89649495382249],[12.734831139879375,43.89602482281171],[12.734680358532938,43.8957416658969],[12.734504295902388,43.89547733747506],[12.734313840067914,43.89520673838991],[12.730054191136082,43.89165487821735],[12.72570090396968,43.88483784054552],[12.7227743967817,43.881077779222224],[12.722737662154291,43.88098158647159],[12.722704005470998,43.880893373439704],[12.722653285643053,43.880566417035595],[12.722653350012864,43.88028057243694],[12.72273019347279,43.879866192785215],[12.722843210518054,43.87952039408479],[12.7230926950776,43.87916556508099],[12.723336149425007,43.87897989680465],[12.72432154617002,43.878290526942806],[12.727277667294867,43.87638671541363],[12.73138927422962,43.87352494310687],[12.73215575561054,43.87274089133653],[12.73336211998197,43.87143430830158],[12.733574232539725,43.87109423103153],[12.733734140798862,43.87082791018465],[12.733828186384649,43.87064027904234],[12.733992573781011,43.87025902640682],[12.733545631202126,43.86995253352259],[12.73289687570915,43.869370565565184],[12.72965815118837,43.86602759808673],[12.721862889030177,43.860986796108925],[12.710562364074937,43.85958961281795],[12.699385837865607,43.85522823761894],[12.699126949187205,43.854826995871875],[12.698793598354133,43.85446287696552],[12.698536078926214,43.85423297638912],[12.697083157807207,43.85301492403809],[12.696278073642869,43.85279226081277],[12.690586435282945,43.85220428945118],[12.688971036829196,43.85227255613848],[12.684615542040111,43.852467912268736],[12.682458969723864,43.85286546050517],[12.681743525117884,43.85073014818848],[12.67836606127283,43.83934905327411],[12.680083780081743,43.832219650277864],[12.681317141696075,43.828070738297164],[12.674984930426286,43.82503754322491],[12.66506114503696,43.824915521857065],[12.657183884885697,43.82624540632536],[12.645780926365454,43.8269262488362],[12.645632739742581,43.826930978758185],[12.64446421859463,43.82689220000401],[12.64431789512356,43.82688287081956],[12.644212906554058,43.82687068121954],[12.64375594316965,43.82681759985434],[12.643648482042932,43.8268051150459],[12.643500409289574,43.82678517027166],[12.642953491445754,43.8266360753043],[12.637915894794583,43.82458428829593],[12.632677056457473,43.822322603216605],[12.631867548587342,43.82198138760366],[12.631745706792005,43.82193360708846],[12.63011445320278,43.821307278349614],[12.629992893285381,43.82126237605525],[12.629548250434752,43.82111905384551],[12.629416233520546,43.82108265192556],[12.62880428310262,43.820949075585276],[12.624301207311456,43.821047135107996],[12.623112215567021,43.822498346370296],[12.618949903951037,43.82641164155353],[12.611227565064954,43.83078262753674],[12.610008543247844,43.83406594405068],[12.609992646933959,43.83615972582152],[12.609995756554087,43.83622240557971],[12.61001319142042,43.83656421315863],[12.610174868051743,43.83693721559081],[12.6103287800937,43.83709212287935],[12.614150898372626,43.83999614068905],[12.616582545338444,43.84144740060311],[12.618902561663615,43.84262752141753],[12.615855028628435,43.84646634258431],[12.609433196038191,43.84544818890212],[12.609308654314216,43.845407099773745],[12.608955759485964,43.84529221959075],[12.60734897393023,43.84502566064316],[12.606985195261702,43.84497640013611],[12.606571321172485,43.845009727067875],[12.60606398692311,43.84513153955265],[12.605855863709923,43.84518897767912],[12.605585239174136,43.84526370587795],[12.605137227025168,43.84559521295875],[12.604757243736206,43.84598534726573],[12.60099943223722,43.85051091070314],[12.601058512116104,43.85258875884736],[12.601072771539696,43.852696742158805],[12.601104197913845,43.852933932572846],[12.60121400691713,43.853362612536344],[12.601446220011274,43.85375812603267],[12.601742156032794,43.8540751870973],[12.602085253945196,43.85427162383144],[12.603081169976813,43.85775109740357],[12.602890792322757,43.86193221555799],[12.598294982655224,43.863537950540454],[12.592508162384418,43.8651044526244],[12.589359692946596,43.865251513562185],[12.591258560771449,43.86963621101119],[12.590343175326598,43.88298938137987],[12.589492388835698,43.88564507633565],[12.587963792589171,43.88490989342725],[12.584827755698573,43.884277159602405],[12.583104103991129,43.884099260329776],[12.581608714111312,43.8840584177583],[12.581410157017524,43.884055648446115],[12.581103722149443,43.884186812603104],[12.579149624792276,43.88482648311216],[12.575829119388604,43.88502057336929],[12.572454650723962,43.88485614783913],[12.567251215376812,43.88241932762758],[12.564776546118264,43.879071044228844],[12.560289340498608,43.86903325087253],[12.551090616093557,43.86638260869807],[12.548870388509119,43.86559640206601],[12.542953457371967,43.86452206280952],[12.541125963265783,43.86453307125284],[12.535543942313577,43.86798840174317],[12.534692648863572,43.869322440508604],[12.534131120655989,43.8705717285644],[12.529889444199597,43.870868783811616],[12.521987820251626,43.87362696584859],[12.521664710176156,43.87374046983132],[12.521320725378413,43.873922139626096],[12.519117950995817,43.87513795645606],[12.518714501280614,43.87557803627074],[12.518620287159495,43.87577450403459],[12.518519827039542,43.87634028558341],[12.518488127231542,43.87802031414493],[12.518496475641477,43.87964063588645],[12.518539235197165,43.88010256995656],[12.51852889739612,43.880257438106426],[12.518507791746838,43.880572044782745],[12.518379351037293,43.880927119337926],[12.51817448988943,43.881041469672134],[12.518009464420858,43.881055080493326],[12.517564440459429,43.88109178327621],[12.515950954573201,43.88064183455303],[12.512138067389785,43.87956633799024],[12.511587172839409,43.879407731475524],[12.511191211594802,43.8792937061908],[12.508760679938122,43.87848632805005],[12.507949644721071,43.878187152681335],[12.50693634378985,43.877781648654675],[12.506091101218322,43.87742949285435],[12.505273293311255,43.87706748515804],[12.502830245502304,43.8759450960235],[12.5023910364395,43.87572449742702],[12.50224164778045,43.87564056186186],[12.501844066789081,43.87541717397719],[12.49372192205674,43.8797039125217],[12.489681926290205,43.88250813767376],[12.489103595951649,43.88294220493837],[12.488628378858557,43.88333035412742],[12.488288523079195,43.883691856870186],[12.48804607637673,43.884065776962906],[12.487943106288217,43.8842245842734],[12.48741759338634,43.88551006034321],[12.48721953270913,43.88633072825985],[12.487343782903329,43.892557125805794],[12.487404303904652,43.89646930815672],[12.48959959768658,43.90255346912291],[12.493455656569811,43.910992791991525],[12.493945324753549,43.91556482979704],[12.493416213970926,43.91558106150787],[12.493029840830438,43.91562889739462],[12.492792349413797,43.915933257267966],[12.492377803200613,43.917494457059846],[12.492379587096478,43.917737469789465],[12.492391268819532,43.91804322039922],[12.492406506208916,43.91827682474852],[12.492620702287295,43.918531351551806],[12.493821235606296,43.91989006591476],[12.494893163488543,43.92104562954076],[12.496436846815053,43.922227239412834],[12.497268430577103,43.92257538620243],[12.505741273391415,43.930490070685295],[12.513334130448008,43.93770208685094],[12.515451907942214,43.94131457323623],[12.5156657136728,43.94153307378283],[12.515762757319735,43.94220079949402],[12.515686024238516,43.94314395823142],[12.515560072554843,43.94409764943905],[12.514901384543784,43.94644968867165],[12.513663402915816,43.94957129339695],[12.513226489904977,43.950165428348164],[12.51110082908198,43.95276515346327],[12.510252966253162,43.953682523708444],[12.5095098757838,43.9544751232199],[12.507275918237672,43.959049745026334],[12.507586059801497,43.96534670876453],[12.509463146767535,43.97115436335107],[12.510344045609544,43.98022467429184],[12.515352927201553,43.98473399576699],[12.515846126391786,43.984783252372175],[12.51436650675128,43.99078257249111],[12.51346080342481,43.99130322129466],[12.509387077351528,43.991508261740336],[12.507019738600066,43.99145225899431],[12.505166692914733,43.990902361545096],[12.504607395176428,43.99041063359098],[12.497951564941735,43.986175325659865],[12.491736535743291,43.983006415161285],[12.487484921371992,43.98203968518403],[12.480803815004446,43.98100282724339],[12.464053225838725,43.974849167701066],[12.45295002837235,43.969389777868884],[12.447462491741277,43.96590918538148],[12.44331533772536,43.9625232677341],[12.439290978237393,43.95909747003895],[12.42510360643821,43.957291477349145],[12.416992227915575,43.954068501137264],[12.416226819341707,43.95332616485113],[12.413693428774492,43.95239363274489],[12.412553594847221,43.95229267890131],[12.411572230180873,43.95256510416502],[12.406052434599472,43.95432348670408],[12.404920458377587,43.955014465941936],[12.404592687933706,43.95569617174001],[12.40384557718986,43.95310639545578],[12.403686732707158,43.95207129546139],[12.403605361436187,43.95108340034902],[12.404417715986538,43.945945511647245],[12.404668724795746,43.94466861168357],[12.404809745707796,43.94408371609021],[12.404819873774187,43.9440429013662],[12.405068364785174,43.943594344039724],[12.405658938207264,43.94259090241008],[12.406081787569553,43.942195659535784],[12.407426190491892,43.94108418238884],[12.408118214894188,43.94076642318042],[12.40911758666974,43.940376459881854],[12.412202506469262,43.937731941621664],[12.414232152678377,43.934232124046005],[12.414737853439538,43.933219882085275],[12.41498797818827,43.93247636950315],[12.415249509621846,43.93073547878945],[12.415164593403135,43.92985123058731],[12.415063184676704,43.92944013008167],[12.41472456885173,43.92874803196294],[12.41416358310797,43.92830566422417],[12.413658544859606,43.92791563844892],[12.410872103070828,43.92586074532681],[12.40977769195101,43.925020161159715],[12.409371932204744,43.92462264775579],[12.409213025799653,43.924294285415975],[12.408272965831864,43.92152244449042],[12.408212006885966,43.921164146688476],[12.408275008632643,43.920523056378784],[12.409632018751982,43.917408018083584],[12.412502575706753,43.90940412887911],[12.41209025608789,43.90823706840414],[12.408355651362323,43.902971665140974],[12.415241811470056,43.90055792182316],[12.417681404030652,43.8990490003203],[12.416549518630575,43.90026657553581],[12.417313059970606,43.90055432001076],[12.424490676526,43.90266195843902],[12.439597328503487,43.90557481203509],[12.448463892353526,43.8991762511264],[12.449256751420702,43.89759928285823],[12.449694498158701,43.89698735631012],[12.45064796507337,43.896089748719035],[12.4511191281583,43.8956793736785],[12.454562402033329,43.894026698106494],[12.45500486573006,43.89392777658579],[12.456816460823008,43.89376938947917],[12.462394027032948,43.89377138161097],[12.46364160951591,43.891241959537446],[12.463139805972402,43.89015657474802],[12.462231571902855,43.88877066416654],[12.46051405895698,43.88727424138724],[12.455554519942881,43.87836751460241],[12.451744383146352,43.87505717027874],[12.448617549642227,43.87252731700197],[12.445805813793793,43.87124828446005],[12.43695824976009,43.87185715648728],[12.4355626550672,43.87204321986635],[12.434861742366706,43.87219035635739],[12.432991754042412,43.874042341915164],[12.432304960722783,43.87485562901165],[12.432341343927815,43.87375616986544],[12.432237650343664,43.87303454793846],[12.432136253275377,43.872569441332416],[12.431912913868256,43.87236458653826],[12.4314229911716,43.8721227304775],[12.43086189393212,43.87188751408288],[12.430168795513211,43.871683270105684],[12.422295707229113,43.87219869307388],[12.414189279463343,43.87440411243479],[12.403542918411718,43.87491113022036],[12.400608552135571,43.87277484919182],[12.403609342213493,43.87045266357505],[12.402277028992605,43.869789035844754],[12.398120028326618,43.86771822427207],[12.397461662246718,43.867390231020394],[12.392878288804312,43.853762433531664],[12.391469382026989,43.84699202673034],[12.392397686663164,43.8417021682891],[12.396035958484813,43.82987202470975],[12.398544440439906,43.8263582202131],[12.394118641474027,43.821340139054236],[12.39352755355161,43.821222666329795],[12.39323184740883,43.82105139588514],[12.3909174351493,43.81970669002544],[12.390542425813011,43.819452238447504],[12.388930845361623,43.818001084571804],[12.388780740053317,43.81784798677123],[12.388587749887565,43.817651146116646],[12.388306215918721,43.81729037802952],[12.388218153654451,43.817162447301534],[12.387966892197527,43.816787276019134],[12.380527227010276,43.81478407907207],[12.368304720688853,43.8128946106322],[12.363512637971917,43.80837231294593],[12.356119452644004,43.802895455191795],[12.34979439810827,43.79960153575757],[12.345051578719236,43.8014241870517],[12.334321213106053,43.80154003305661],[12.32431204946821,43.803844131502785],[12.319444446667921,43.80567835504585],[12.31588685094152,43.805637718181835],[12.315137742872354,43.80496174595186],[12.306599422147517,43.799987569971016],[12.298793914870261,43.79751695008305],[12.29585445282108,43.79712467568283],[12.291934143855427,43.79635548109487],[12.291384300586797,43.79624529063496],[12.286199790110153,43.7948596128393],[12.284539466171122,43.793367831983204],[12.282960964787167,43.79024863530695],[12.282772216515244,43.78969586869342],[12.282757933305646,43.78943518829817],[12.28289018767407,43.78918379907355],[12.283165629399711,43.78893729525695],[12.2835623956886,43.788750322937645],[12.284206395313365,43.78870929097324],[12.285214423288858,43.78873430714699],[12.28907287414975,43.78595378169259],[12.288079489976278,43.77521014077852],[12.287214393296741,43.771669806642656],[12.286374937044561,43.7704650437313],[12.286151570022911,43.770696551901594],[12.285838065052923,43.77081361288488],[12.285457900388005,43.77073452220605],[12.28508698526074,43.770484104681444],[12.284758157859372,43.77015144603248],[12.28336525514255,43.76763011569468],[12.283027052535465,43.76695560155762],[12.282926936940692,43.76671539505021],[12.282757324695899,43.76628361911284],[12.282890764112839,43.76605470332794],[12.28302976426974,43.76587064362376],[12.283780955023417,43.76491721240244],[12.281428400020856,43.76498485337307],[12.277926663560232,43.76484236080853],[12.277678044682267,43.76477297198553],[12.277019937407795,43.764589292433826],[12.270859250918221,43.76271773711778],[12.258026786609523,43.76042742546586],[12.254386222476622,43.75450045388741],[12.25520940527208,43.7539052843246],[12.2550754787218,43.7536975279766],[12.254798544169423,43.7534345060737],[12.25466133697857,43.753304191489654],[12.25461722387103,43.753278411300435],[12.254530614040428,43.75322779605358],[12.254205973416894,43.7530380730242],[12.25369055732858,43.752809676194964],[12.253098767783412,43.752632970993744],[12.248581002276378,43.75154617484879],[12.24832079256066,43.75150810813397],[12.248246110568367,43.751497182611274],[12.245910273893271,43.75119448324273],[12.244111888481905,43.75101151439767],[12.243629707676957,43.751052223511174],[12.241948998605661,43.751207997642815],[12.241393642674007,43.75141733354824],[12.241276366795105,43.75185729668749],[12.241162437105594,43.75254029320964],[12.241172021684877,43.75283262433958],[12.241281544627297,43.7532249049951],[12.241351457599542,43.75353878244781],[12.241343520588908,43.7536560177128],[12.241326416726395,43.75390862329933],[12.2412597128906,43.754225597629016],[12.23957446091919,43.75513034781581],[12.238517230835827,43.75569569385511],[12.235755310816984,43.75703770042128],[12.233362012584944,43.7581082026427],[12.233064683133751,43.75823604518968],[12.233020497344132,43.7582550435924],[12.2326931278922,43.75838269321043],[12.23263245838977,43.75840459715342],[12.232456116544567,43.75846826037562],[12.232228114998435,43.7585505730031],[12.231846739549185,43.75868547602379],[12.230998822322551,43.75898540037757],[12.228992285579217,43.75955422227028],[12.228788809661237,43.759567677065014],[12.228619678488133,43.759578860241895],[12.228554262319117,43.759583063491554],[12.22816915047074,43.75959430651573],[12.228089328324812,43.759596636283334],[12.21751629320576,43.75787723496796],[12.209292502823955,43.75505645233998],[12.204418659954058,43.74818506765181],[12.197665261072732,43.74481139287017],[12.199887231386707,43.7417117309076],[12.198387169866432,43.736860226934255],[12.195995183673643,43.73297108643725],[12.194632657386748,43.731924322771306],[12.192609199791194,43.73356549207236],[12.176928967929141,43.7452118578759],[12.171708779625707,43.74975955174576],[12.171527168038645,43.750741453162675],[12.171172100512242,43.751660639887184],[12.171076786933767,43.751825345272],[12.170957017981015,43.752031239123305],[12.170871843299718,43.75217766068998],[12.169489809287098,43.75443532500542],[12.164805718141755,43.76108808180288],[12.160047018822546,43.761688042269476],[12.152521374099639,43.758717942360256],[12.148183893101676,43.755537939836685],[12.139802694818751,43.75245072980985],[12.126007518783169,43.749426317397514],[12.12520869088493,43.74929062782962],[12.124725447191011,43.74922282418651],[12.124203301797314,43.74918309280524],[12.123577437369459,43.74915048372766],[12.122792213913819,43.749334234049435],[12.11037837588828,43.75256310548264],[12.108553628256448,43.753062957439596],[12.107443242772554,43.75377371937857],[12.101864864770254,43.75145251076511],[12.092004508617647,43.74754318367591],[12.081475303218202,43.74322664073004],[12.077060609425697,43.74065395075143],[12.071306706088796,43.74068677735891],[12.070317553231792,43.740811224204975],[12.067225440582186,43.74166606670639],[12.066589777517787,43.74194438999682],[12.06502903270663,43.7426703911234],[12.064590688837072,43.74290887988362],[12.064364667736534,43.743247320802496],[12.061674675693999,43.747846300333094],[12.061327858125422,43.74944541244131],[12.061528083783251,43.750749442763784],[12.061670379170435,43.75207875492807],[12.061627752436268,43.75231408969503],[12.061583563226213,43.75255804740341],[12.06149840004145,43.75276772056651],[12.061395116562306,43.75302078662095],[12.061136857963847,43.75322757506875],[12.06107856475266,43.753274163394444],[12.060780294304703,43.75342789923301],[12.06039680796726,43.753625554092864],[12.053844874718877,43.75657400266861],[12.052887459666746,43.75697655030181],[12.046325719651916,43.758466998288654],[12.044412746150265,43.75519726646978],[12.035737297473194,43.757218912411396],[12.021403453352915,43.76075978632278],[12.009565117510432,43.76465501187306],[11.999044738942889,43.76466109493396],[11.994732965255979,43.763529326325106],[11.988162389555278,43.7621668686428],[11.986510523157142,43.76192759247721],[11.98283663572055,43.76384409075914],[11.979784460424886,43.76540174587799],[11.97394985690994,43.768259124308976],[11.96311770800206,43.772165357251424],[11.953380467626546,43.776088692409445],[11.952655773945272,43.77657746574932],[11.951462645670915,43.77757201379106],[11.95122154805447,43.77808389318103],[11.951208623729249,43.77817627462035],[11.951113617892675,43.77899238669037],[11.951214234687779,43.78128547566056],[11.951332242341575,43.78177768474265],[11.951172356747202,43.786985093518744],[11.950719706164252,43.78757139230271],[11.948763195292026,43.78983840056718],[11.948324399479196,43.79033638297988],[11.948284669297454,43.79038147104506],[11.947821106012793,43.79063757743758],[11.947719339687492,43.79066917717073],[11.947062140244451,43.79087323917057],[11.945193979807335,43.791047467147315],[11.944505097109985,43.79093918785218],[11.943997344317188,43.79080236875034],[11.943925714855018,43.79078306661793],[11.933505095355827,43.79227191034407],[11.923987452332105,43.79403234913188],[11.916980522220744,43.796137629237556],[11.913098448944222,43.79892869670188],[11.91273312966888,43.799428579829545],[11.912473714876308,43.799783602708914],[11.912336490179854,43.80083048616727],[11.912286728827691,43.80158800745701],[11.912295526625023,43.8016867890274],[11.912367535209237,43.80249524797629],[11.912478225106135,43.80347378152305],[11.912762463171529,43.80419397470365],[11.914281257126099,43.80748823918359],[11.914442311342752,43.807647619082516],[11.914437145326856,43.808267295159915],[11.91431619095954,43.80867842588748],[11.914245136798533,43.80891988139288],[11.913900247594132,43.8094126532024],[11.913853515843133,43.80947876498296],[11.912183381419476,43.81159321998274],[11.910378086319703,43.81343989562988],[11.903534327808377,43.81056278249049],[11.897594733849456,43.808210516064904],[11.887025946786137,43.808684167470346],[11.877971570954953,43.81052490689562],[11.871153269225154,43.814883056382506],[11.86666075798409,43.81664304711264],[11.856060657552266,43.81590077691467],[11.85536604453369,43.815675056907324],[11.853764223966907,43.81473367839288],[11.853407423602532,43.814427545538834],[11.85327465141341,43.81431342368854],[11.852020481186997,43.81302989322705],[11.850504098967518,43.81104761819428],[11.846326520344299,43.808869191749594],[11.842100567427487,43.808014854774996],[11.841673810374619,43.80802399677731],[11.839730294716077,43.80942815968302],[11.837508356841441,43.8106282048103],[11.837431683059565,43.8106663330915],[11.837203453945321,43.81077982588347],[11.83682435768143,43.810968339259695],[11.836403028385098,43.81117785087012],[11.83621607905734,43.811254257998186],[11.835183356206347,43.81167631322286],[11.831941438283877,43.812874770462926],[11.824603431877966,43.81545795517122],[11.820910038302532,43.81603060697692],[11.817427533529393,43.81903928625565],[11.812105202612095,43.82538272224131],[11.807177268201078,43.82896085480927],[11.803771378422683,43.8319707291791],[11.793362116322783,43.838923767304095],[11.788468001277812,43.84508475593188],[11.784168361967314,43.847648062661904],[11.770914647771534,43.85189585865847],[11.765905807002095,43.853079671028226],[11.75867132330712,43.855344586034015],[11.744003841259655,43.86057647966924],[11.733017278439805,43.86302783774738],[11.732902745270323,43.8630572556159],[11.732476119811151,43.86316683343509],[11.73228966544413,43.86325634365892],[11.732021554276123,43.86338505387151],[11.731774206005246,43.86359704163266],[11.731576851964073,43.86377355289196],[11.731379783750992,43.863949808479816],[11.729538720968073,43.865622937168894],[11.72728833107686,43.867828655149],[11.725675294796172,43.86956001912727],[11.724165587249503,43.87168671852601],[11.721890386765342,43.87438366806705],[11.721684605580453,43.8745125509344],[11.72093092885543,43.87497564805089],[11.720390842015158,43.87522678336715],[11.720053389603382,43.87538369318507],[11.718504303545076,43.876077821152506],[11.717670732707635,43.87635875598859],[11.716108475985811,43.87675548801154],[11.710166734969004,43.877445943278914],[11.710136394148728,43.88079184274706],[11.708474366186865,43.88586407193353],[11.708727070352204,43.888176403072926],[11.710814842172054,43.894370592222],[11.711980503008789,43.89644063751785],[11.712298260995562,43.896820497669744],[11.712334987571802,43.89686439319101],[11.71340125987298,43.89813551709085],[11.713886022504019,43.898613484166546],[11.713936711164814,43.898663368523906],[11.714334851297671,43.89977881959499],[11.71547433978769,43.90320005506047],[11.715570335886342,43.90421513545572],[11.715132869565918,43.908285808262875],[11.715857638946275,43.91600246798693],[11.717607915020585,43.91997624759549],[11.717031647445062,43.92181760366623],[11.709746492218674,43.925141826751045],[11.700374095621573,43.92799456690158],[11.691595803169793,43.9308199669927],[11.684944499097364,43.934652059068725],[11.684205203289277,43.93512639379484],[11.683282178182687,43.936192458984465],[11.682903339092146,43.93663350769003],[11.682198669193054,43.93784964004019],[11.682381493391523,43.93826638327529],[11.68966478412125,43.95058237620027],[11.692599679132648,43.953239658768915],[11.692561937450707,43.95351448485886],[11.692544892082994,43.95363859897698],[11.692319469161554,43.9541660932003],[11.692048828953684,43.95474416434778],[11.69197849648876,43.95489438801734],[11.691262394729733,43.95595796219119],[11.690470015722607,43.95697995523731],[11.688693580112595,43.95904199335042],[11.686726742375356,43.9597244765834],[11.684998734761503,43.960024058888806],[11.684444823310216,43.96000547054846],[11.683831616368089,43.96004728832784],[11.683429424344697,43.960074726613094],[11.682717021829658,43.96033417751965],[11.681897969319769,43.96064009430298],[11.6816389115132,43.960737674566374],[11.681580407785034,43.96076626070192],[11.679004771192208,43.96204189532479],[11.671730298121577,43.966689885086396],[11.660253889621352,43.97462316915682],[11.660139654547997,43.974610453103516],[11.659024920288521,43.97449224056213],[11.657599443084184,43.97439000470274],[11.65683387163814,43.974396081355806],[11.656239204667843,43.97440388079814],[11.655652283264002,43.97453462734624],[11.655264723594511,43.974620972439766],[11.654930709912193,43.974695401530376],[11.65477872252999,43.9747868965233],[11.65399734982955,43.975257288384526],[11.653373432000622,43.975838987743394],[11.651247363528242,43.978157160517625],[11.65030417575282,43.979655567687225],[11.646191152566832,43.98832211070506],[11.646018482474025,43.99067122606946],[11.64852537245309,43.99468850541464],[11.650145118158267,44.002992246941425],[11.654584044059229,44.004688966892274],[11.65952909486736,44.00371013816066],[11.66057988504065,44.003612413595725],[11.661188658708847,44.00374360586897],[11.663526185253584,44.0050940791512],[11.663942709717077,44.00555061529848],[11.663922098006086,44.00570178913055],[11.66390575744738,44.00582163497814],[11.663854374717653,44.006198481217076],[11.66157705225618,44.010557558303155],[11.661045060129199,44.01152488836569],[11.660884891676158,44.01181611672849],[11.66032570842034,44.012666431109004],[11.65848783219206,44.01484297114838],[11.656937986292748,44.01641857095257],[11.65766082214017,44.0177277097409],[11.659695845404881,44.019188757580736],[11.660697043194327,44.0197067111442],[11.661967217356162,44.02010972547065],[11.662877422983446,44.020340587912635],[11.670933219725864,44.021569743789385],[11.681888778409146,44.02120405839899],[11.683820280062884,44.02468935982859],[11.68951667577022,44.03173980926477],[11.695828390755317,44.039099433400885],[11.696849541035526,44.04509834210429],[11.700695303734994,44.05555900292783],[11.712732523929946,44.06921926176786],[11.727382319385372,44.08092486623447],[11.733401797990785,44.08470722072543],[11.736581859922067,44.09143206987214],[11.74374900927779,44.10139370245889],[11.74961870544963,44.110434644705435],[11.75027678809336,44.11539705770679],[11.751076985120127,44.11842112171537],[11.751479832202753,44.11925832523884],[11.751561452311254,44.11942688993646],[11.751791063561736,44.119665355394],[11.752391474856664,44.120288212597295],[11.752565321331353,44.12036734910514],[11.752937176671084,44.12053625367707],[11.748965447762068,44.12399525551324],[11.747830899652698,44.12493628878684],[11.745004769762977,44.12596942267987],[11.74312874140562,44.12592063627732],[11.735289674176803,44.125131417625646],[11.731590015836465,44.12430881780749],[11.729490268825497,44.12349476034843],[11.728047456860873,44.122795927780786],[11.725536053815452,44.121761643035136],[11.723956509406989,44.121385207613265],[11.72216351298544,44.12098684106851],[11.721649464155682,44.1209096236832],[11.720301395673316,44.120707114246045],[11.719144856114909,44.12079899499938],[11.719006363155327,44.12080999743081],[11.718798897253556,44.12088327928932],[11.718268531117292,44.1210707757859],[11.718222575927486,44.12108980215877],[11.718119521412827,44.121132709909276],[11.717914343698128,44.12121821306209],[11.717397762554144,44.121433485571245],[11.717037809239221,44.12160580119825],[11.716666616037735,44.12178368502142],[11.716265312482374,44.12208146569127],[11.715893788492476,44.12254661158948],[11.710704786805527,44.12183887728084],[11.700549919164219,44.12064934562143],[11.697412844293774,44.12138072736844],[11.69730097298744,44.12139401480645],[11.69667944195844,44.12146783216958],[11.696466567957112,44.12149311344393],[11.687350644615332,44.122450708047865],[11.681737638833672,44.12269631679523],[11.678303207530933,44.12134449125742],[11.67665160622182,44.11864688544042],[11.673196440924155,44.113444899669794],[11.666386080669442,44.10998461761046],[11.65257375820234,44.100857410280774],[11.643512470507087,44.10631633155584],[11.638746380964337,44.11152252979982],[11.621405827182091,44.1171463417324],[11.614095065140386,44.11923454309653],[11.611608837546983,44.119535482735785],[11.60082769491969,44.11860728714039],[11.598044382302104,44.11753604426323],[11.595761259109528,44.11592309259967],[11.59072766284862,44.11358096053485],[11.586466782128824,44.112559438765246],[11.585048223974368,44.11229389075441],[11.584574208203309,44.112205154969125],[11.584272103226272,44.11273759526512],[11.583925587556898,44.11441757000918],[11.58389832037343,44.11458036056618],[11.58378633578396,44.115248997847026],[11.5837577696687,44.11541955855598],[11.583894283507158,44.1162460264938],[11.583993629065889,44.1164626309832],[11.584155507182114,44.11681542415912],[11.587832084733385,44.12369973487836],[11.588627199378264,44.12424231701396],[11.589632270868709,44.124382323106474],[11.590288497856585,44.12447372978639],[11.590580921204092,44.12450807576215],[11.591768948560304,44.12464720388778],[11.599715136189484,44.125150758454346],[11.60191553803208,44.132466424266646],[11.603612762843262,44.13721483411794],[11.605283598620375,44.13865430047458],[11.610356294625042,44.141408950326515],[11.61070558554011,44.14157542709752],[11.610845778096774,44.14164222304649],[11.610989481598823,44.14171069140989],[11.611342457021468,44.14171583924009],[11.611719651742227,44.14172129621875],[11.612319553639203,44.14171657138265],[11.613168840638032,44.14170613457795],[11.614291316342912,44.141644425594905],[11.614591738235513,44.14169358770473],[11.615916488775975,44.14250836288571],[11.616346345223048,44.14290327549115],[11.616652229002174,44.14330985985355],[11.616705604105553,44.14338080627508],[11.616854945503716,44.14360920305209],[11.617094187685321,44.143975104963225],[11.617744990601366,44.14515723438491],[11.617804721526458,44.14553416942297],[11.617832993643525,44.145713077624066],[11.617781238385504,44.14608564837582],[11.617760494907172,44.14623496588916],[11.617250724970722,44.14980158448376],[11.615929739273252,44.15243156566831],[11.614532652257331,44.154459045126636],[11.614160682887146,44.15507098399409],[11.614193048391098,44.156600971048206],[11.614839302756781,44.15792559202626],[11.615188244794075,44.15814404837453],[11.615364507077619,44.15825439604206],[11.610285848947578,44.16040731634447],[11.604152449811838,44.15844401992562],[11.592824547731592,44.1609680446458],[11.577513292418296,44.161360133481324],[11.570709113264648,44.16490094194912],[11.568479454029733,44.166729452130305],[11.564068455130228,44.167474521801054],[11.55297560903347,44.16574281839318],[11.552616780159498,44.16546629284733],[11.552452080300611,44.165339213228684],[11.552538011604767,44.16501791053722],[11.552637978055426,44.16464412801159],[11.553045119437492,44.16357062731323],[11.553644496389303,44.1620596289846],[11.553532072760284,44.160944369435164],[11.553506259403777,44.16068829337559],[11.553475994605343,44.160636809700435],[11.552670658971845,44.15926701442613],[11.552054413258258,44.15859860720457],[11.551922931543874,44.15845599582513],[11.544818944330869,44.15260863335991],[11.544415760751857,44.15252763278837],[11.542300930065402,44.15277280796958],[11.541370555180134,44.152946573282826],[11.540567343619658,44.15314547548136],[11.540232234996553,44.153228490522686],[11.539369322229227,44.153517771113336],[11.539331303833258,44.15353338792452],[11.538558311702277,44.153850909715196],[11.52955540210909,44.157949003797356],[11.524947078667022,44.157663038727065],[11.523968788284707,44.15630054715662],[11.522067187828972,44.155484990584405],[11.516369510513131,44.15750460234426],[11.516128169307544,44.15951848090218],[11.510416616070188,44.163976944485086],[11.499731128200356,44.16612346105528],[11.486215883237236,44.17564197310946],[11.485357537167005,44.179081156276844],[11.486445182538892,44.17922459111849],[11.487348013164354,44.17943345592124],[11.48954544719089,44.18015987846908],[11.489514911960386,44.180265956481136],[11.489442031532853,44.18041976155451],[11.48926326825922,44.180648423833034],[11.488230407747913,44.18147001617164],[11.487079482869854,44.1823561502008],[11.48643848910555,44.182809751921006],[11.483594304638347,44.18448027767186],[11.483395454347741,44.18458460632398],[11.482280015960376,44.18491503552319],[11.467723316739516,44.18580116206242],[11.463548434206094,44.19128068740129],[11.454623884363107,44.193748402308465],[11.448108132594609,44.19984042965033],[11.447949786433512,44.204930493387685],[11.454844211095788,44.21161002309888],[11.454891224148243,44.21184344508832],[11.455002077323035,44.21239557297661],[11.454989324145831,44.212668173403294],[11.454984993621219,44.212756476381884],[11.454957866748808,44.21282719975674],[11.454934435762434,44.2128880655656],[11.454917063295888,44.212933185505484],[11.454871706464983,44.2130508397172],[11.451411079843192,44.22063071059184],[11.437402590393368,44.229010399872266],[11.426994699684393,44.234588660592],[11.421067784847429,44.239246033777675],[11.420877407149439,44.23822112125055],[11.41761229771586,44.23493959586127],[11.406504650629383,44.22715837775875],[11.393627841066404,44.217134963355846],[11.38923547021077,44.21245783167448],[11.387724906688023,44.20982148568601],[11.387470562967572,44.20640125169072],[11.387494861488484,44.20630177768708],[11.387559705933338,44.2059492433731],[11.387586143990795,44.20580550657965],[11.387482614135088,44.205500711214114],[11.387388485566158,44.20522359321516],[11.387062323309664,44.204888649767],[11.38451217462505,44.202789903727],[11.38409836712203,44.20245987819325],[11.383775094986822,44.202202101231855],[11.383040208187666,44.20166826681516],[11.382203113561197,44.2010825405936],[11.380545126045057,44.20000076225834],[11.379856327008824,44.1996708392552],[11.379378267193797,44.19951684091522],[11.378891600854326,44.1993600687141],[11.37861086684016,44.19931133262902],[11.377782401667547,44.19916750532125],[11.377353997233609,44.19917643179587],[11.376770177834517,44.19918859473411],[11.376729006002549,44.199194588892134],[11.376106928594213,44.19928515581349],[11.375613352095028,44.19935701323582],[11.373709604207908,44.19993626145504],[11.37278349097956,44.200243867745606],[11.372402869088033,44.200427218917554],[11.372022660183507,44.20061044139802],[11.37178520105517,44.200738118193414],[11.37151788527866,44.20088184753245],[11.369525664951027,44.201853606626685],[11.369159473897918,44.20202522180106],[11.368716400336059,44.2022317067177],[11.368341684213055,44.20240625463494],[11.368102065614131,44.202516555905945],[11.367487643926724,44.20279938151761],[11.367420054149424,44.20283049279703],[11.3652208518044,44.203542288796896],[11.363548488561337,44.20396380968906],[11.362851505228525,44.204059502037325],[11.346107779641205,44.20500717632264],[11.34054009567054,44.203771813225984],[11.330179015014654,44.19845487691036],[11.326581351848128,44.19601875045612],[11.324242510066433,44.19293213814708],[11.323822649998036,44.18861933064213],[11.322888570802624,44.181733049485246],[11.313849824138131,44.17512265821412],[11.312637282862893,44.174257140926585],[11.311852313324655,44.173696848803075],[11.310671620969664,44.17325259268398],[11.30952985185789,44.17284354726032],[11.308681534178914,44.17258161937841],[11.308106650704962,44.172444587573125],[11.307532558940043,44.17230774123252],[11.30747577918671,44.172305310003686],[11.306819336663322,44.172277203430625],[11.304348228001375,44.17229569288465],[11.30372305135782,44.1723023319534],[11.301850994188554,44.17241153964387],[11.299949278361186,44.17251461758438],[11.299354392270688,44.17254386385525],[11.298700774884091,44.17257577311252],[11.295802798237045,44.17239565042782],[11.295882534555831,44.17187187930191],[11.29595749684716,44.17155149585828],[11.29663712614952,44.1708991032887],[11.297202874368342,44.17012479665611],[11.298039115998392,44.16833647358549],[11.298056162378504,44.168223504486456],[11.2980650133087,44.16816346344696],[11.298100174787642,44.16792450515592],[11.297277793395844,44.16753874930738],[11.296994206947014,44.16740636255096],[11.296936872417637,44.167380329496325],[11.295092514801052,44.166544919714966],[11.294928621640192,44.16647134244639],[11.29282342298217,44.16554098028946],[11.281216425047374,44.15629811922364],[11.278192696202767,44.155714777048956],[11.268472979492442,44.15867637682832],[11.257688897649182,44.15879233093172],[11.23929132354241,44.15891624604862],[11.234639635336679,44.15841205013542],[11.234394763737852,44.15826147282139],[11.234270701751816,44.15818518313509],[11.23410484455996,44.158083191679005],[11.233845043524699,44.15792342956415],[11.23326631449515,44.15744585093214],[11.2316762910784,44.15613366884957],[11.230592890498865,44.15523935873609],[11.23029230268165,44.15499149892969],[11.227446005534913,44.15381702816052],[11.216470345592292,44.150713036277665],[11.216395403675348,44.15069553317796],[11.216261964244126,44.15066446611333],[11.215160183991756,44.15040848862387],[11.214652276795523,44.15029149632252],[11.21401636680636,44.15014512095077],[11.208580157139066,44.15012064994023],[11.207356582461628,44.15033604020082],[11.20547354484541,44.15089017614988],[11.198588134311033,44.151699036598636],[11.195730680406495,44.151414650202916],[11.193883640208464,44.14762965397919],[11.193779066863375,44.14727230098889],[11.19360007685646,44.146660539872556],[11.193843230901306,44.14560980070085],[11.195865332850323,44.1430084380823],[11.198642631251086,44.141329927279806],[11.215277985381274,44.131913093661765],[11.229417564254565,44.12734285749961],[11.24151950863812,44.12132474911491],[11.242980360886062,44.11981921891902],[11.243327573557124,44.119628589203394],[11.243628753666165,44.11946346836292],[11.243722739719878,44.119411942569606],[11.248962923041457,44.116816102999486],[11.251889110896496,44.11571519652372],[11.25503175707699,44.11507135764269],[11.255161803347193,44.11505113702416],[11.25736525669403,44.11521899394548],[11.25752030211337,44.11524840931269],[11.258354350411292,44.11540798818826],[11.258495469174111,44.115435043349684],[11.25955056190967,44.11568401583929],[11.260087610273361,44.11581077404812],[11.26110211167136,44.11371187032156],[11.261994002449741,44.11173756792251],[11.262286679365674,44.1108195382688],[11.263489625614367,44.10563972657785],[11.263687992820769,44.104272014305636],[11.256885402146752,44.104411147788106],[11.251250905628172,44.102289880417146],[11.250071643070621,44.10001561634832],[11.248669138491497,44.098446729725424],[11.247330360834706,44.09777093657294],[11.244561624853018,44.09719965957662],[11.243892629350784,44.09710878249387],[11.242136961974468,44.097346262411854],[11.24159141127256,44.0975280286671],[11.241284008901271,44.09763760391288],[11.241233195595711,44.09765660298056],[11.2400308704204,44.098467627804254],[11.23882172744107,44.09971609234194],[11.235444350148754,44.1013131892114],[11.229452065590793,44.10204213751009],[11.219685770478188,44.10060948591881],[11.208171312542206,44.09921045586805],[11.202419324702387,44.100737719843366],[11.194971167594968,44.103375802190776],[11.185824076295486,44.10586548246218],[11.172878560149233,44.10720191508583],[11.170899826074464,44.10741961409812],[11.170641315163921,44.10748202129001],[11.170292945628765,44.10756619377575],[11.16687002747113,44.10870326814577],[11.163875139211969,44.11071060818263],[11.154855738833971,44.11181087818379],[11.144680129269943,44.110501718794694],[11.140304594815623,44.10851289453971],[11.140162610956244,44.10827890007721],[11.139861813802867,44.10797768760549],[11.139417440317782,44.10780626149521],[11.138806646668783,44.10782050003633],[11.132554815167088,44.108459090581746],[11.130073908305114,44.108964135963525],[11.127642599320799,44.109684563974966],[11.127598326803463,44.10961863958272],[11.12745065093979,44.10939874330452],[11.127092768064234,44.10891472919436],[11.127043532276796,44.10884814166268],[11.126362680426627,44.10832963707771],[11.125658879935493,44.107802573109666],[11.12551357009945,44.107693751433466],[11.125412519936198,44.10761807556808],[11.124610710688989,44.107209853718764],[11.12398854574929,44.10693332947369],[11.114230860122161,44.10268734950006],[11.10898323722266,44.1005284875867],[11.095846263371936,44.095601671009454],[11.093220835446381,44.09445749992834],[11.092907479766273,44.09366047073465],[11.091789178913348,44.09206037413656],[11.09044950072995,44.090684918746796],[11.088796481752969,44.09001687593694],[11.082545007543988,44.08985215778162],[11.076696622119716,44.09163358445689],[11.06762488152044,44.091846128690165],[11.054281785368627,44.091498805200146],[11.05246258501813,44.09127042608189],[11.051987027336308,44.0911773512249],[11.051619938782851,44.09110550269153],[11.05141270453173,44.09103812103313],[11.050937792880465,44.09088359793044],[11.05063256221714,44.09076682586132],[11.050038933698078,44.09053969437038],[11.049427124629327,44.0902460680692],[11.048624455312195,44.093232137154494],[11.047130732449851,44.094949401934564],[11.040922487422273,44.09634502311669],[11.0363628743831,44.096420427180156],[11.032199004581118,44.0960075340399],[11.03148120066379,44.09582333251758],[11.030030744160971,44.09578696022313],[11.029976020757694,44.095787023629114],[11.029690024943722,44.095794941069165],[11.0291073343004,44.09581157881059],[11.028337899125823,44.09593304841242],[11.027674641491489,44.09611772873589],[11.023992680858159,44.09745057442705],[11.014481730975373,44.103218801668504],[11.013623190507133,44.1033238247906],[11.012695242970235,44.10359242054696],[11.011460024078445,44.1043794375796],[11.002110623795222,44.112351704096184],[11.006167439977743,44.121515270938964],[11.007295189851128,44.121603487501176],[11.007422990163533,44.12161390222961],[11.008296840470434,44.12168511173707],[11.008678538782934,44.12178282794209],[11.009382060156765,44.12196292792527],[11.011945393674162,44.122737008870665],[11.012766462448555,44.12299263752502],[11.013170348359585,44.12313404317621],[11.013525393344175,44.1232583472791],[11.013732217824963,44.123392159473575],[11.0140062395769,44.12356944630025],[11.01420270579594,44.12369655560891],[11.014537999680874,44.12399673452685],[11.01473838906372,44.124380345932586],[11.014755889833973,44.12445662234639],[11.01485856100421,44.124905063999755],[11.01492934422946,44.12521435483017],[11.014979693368518,44.1258032284065],[11.015012354012788,44.12618522763692],[11.015183100683824,44.12929848163431],[11.015145036507056,44.13254035321601],[11.01454462719102,44.13706030041043],[11.014424335942849,44.13728051025463],[11.01430919893906,44.1374874349853],[11.012381195763897,44.13816931703235],[11.006952946567477,44.13854579635464],[11.006391387009621,44.138833232618275],[10.996163119616908,44.13617651488724],[10.992871488281734,44.13404296535333],[10.99306106785054,44.1338857331969],[10.993181613336494,44.1337851099477],[10.99355902241167,44.13346705827238],[10.994211524060988,44.13280726082225],[10.994264659443129,44.1327353549959],[10.994429516900249,44.13250974225823],[10.994466159831628,44.132459331227],[10.994630023678049,44.1322329513723],[10.994875409070568,44.131724500882136],[10.994975111745195,44.13134462874194],[10.994968561531696,44.13115000729736],[10.99496025578416,44.13090347476155],[10.994955431230352,44.13079539544769],[10.994906072015926,44.13063952220407],[10.994817169468012,44.130366051147234],[10.99454182452841,44.12998375283236],[10.994040081866816,44.12956037255905],[10.993650146130898,44.12932864339269],[10.993466112849926,44.12921927631176],[10.985051231067605,44.12540508348971],[10.982250366495652,44.124255664931994],[10.971373316063618,44.116269236098546],[10.969610850428746,44.111746708970934],[10.964278657203108,44.10195604617382],[10.944732538092424,44.08167699676251],[10.944143299704788,44.081227872346744],[10.943457768651172,44.08089729642347],[10.942960677411916,44.08069894958187],[10.942635476498205,44.080569284854725],[10.941916269069901,44.0803172339175],[10.941826862719118,44.08028591936793],[10.939081941545084,44.07940336578101],[10.932867780028085,44.07740973472065],[10.929006476166705,44.07614716630286],[10.92670745556618,44.074877171126914],[10.920880609777933,44.066343160831245],[10.917716630310512,44.06277848222959],[10.917012179381766,44.06250841965805],[10.91696239082637,44.06249130917383],[10.916904911714171,44.06247738974521],[10.916148460647767,44.062294482503866],[10.915235642255903,44.06225550191441],[10.91312828893379,44.06233610255014],[10.91230055628258,44.062369885117846],[10.912006063444156,44.06238190557903],[10.910897469252681,44.06246348156717],[10.910063406539177,44.0625404559293],[10.904729843393342,44.063250754623816],[10.90269874193681,44.063770631121194],[10.901831862182489,44.06401853326256],[10.901795632832542,44.06402890955033],[10.901710063334427,44.06406996301899],[10.901092928620745,44.06436868365432],[10.900863212931895,44.06448793579793],[10.900260767103688,44.064837728611586],[10.899517079650577,44.0653992907709],[10.899395095196757,44.06561132088381],[10.899365416916362,44.06566290690893],[10.899334055612226,44.06571758291521],[10.899209684011442,44.065935672982974],[10.899139510522117,44.06647682425839],[10.899181404108186,44.06657414586973],[10.899463292415739,44.067227906168426],[10.90414655569029,44.07749238798932],[10.90521534123648,44.0799345834308],[10.904053899558368,44.083968665924665],[10.901936064564019,44.086349422843135],[10.892349011382084,44.09200552808288],[10.88162143921505,44.097611662043775],[10.881385505510996,44.097718489562595],[10.881152723711606,44.09779961727667],[10.88059646475981,44.09798865829175],[10.880444268208795,44.09803987066072],[10.879780614264309,44.098263178315584],[10.8787072794055,44.09861952233308],[10.877052600108343,44.09969468465388],[10.876260099370075,44.099923633907814],[10.875947122650276,44.09995561993048],[10.875524784631539,44.09999873375757],[10.868642458648463,44.100155664228346],[10.864236041329077,44.10008613788899],[10.859571445608088,44.09961137267192],[10.858454173114948,44.09944049233586],[10.857533545011929,44.0992669935915],[10.857486517839867,44.09925808359973],[10.856796636398757,44.0990914325491],[10.856718733631435,44.09907228068446],[10.855886418051655,44.09877982407194],[10.855780707162584,44.098746263655656],[10.855496070449098,44.0986791688037],[10.855000330855644,44.09856235175947],[10.853899927151584,44.09843887154536],[10.853086231431028,44.0983848489464],[10.852810776366672,44.09836656411233],[10.849214631348804,44.09814259714273],[10.84821549624197,44.09861021466181],[10.846741656524944,44.100874105977134],[10.846300953999704,44.101645293594785],[10.846173722962005,44.10186793308283],[10.846098849845779,44.102098716714934],[10.845979929839137,44.102465266439246],[10.84601767802112,44.10255018485635],[10.842804301753228,44.10962878571709],[10.83424250660385,44.11433754439639],[10.829172262478627,44.116665732970546],[10.821377761882577,44.11299778007461],[10.819149806281972,44.11245072682146],[10.815995467886905,44.11487463625022],[10.81503691726906,44.11562143330363],[10.814798982618855,44.116109213568805],[10.814762165206737,44.11618506156943],[10.813114766538217,44.116132009873645],[10.80620099521848,44.117911612340876],[10.805197979287763,44.118215570138844],[10.8041105111552,44.118619887238616],[10.803349447796709,44.11907306058764],[10.803159048466128,44.119310144871186],[10.801396734646989,44.1229932138463],[10.798093848017292,44.12627279410696],[10.794260470727592,44.12784118020636],[10.792430721162358,44.12788792197508],[10.79130765609086,44.12795055417474],[10.790298916146657,44.12807429651617],[10.788968051512887,44.12829315456575],[10.78518171328686,44.12908169437625],[10.784690483668115,44.12918406233246],[10.784620544965106,44.12919863743518],[10.78371590293936,44.129529344221574],[10.78230914450894,44.13006306210377],[10.780854769776816,44.130672155742865],[10.780790777130624,44.13069895571282],[10.780034126178961,44.13105738004835],[10.779801080919137,44.13116777146225],[10.779336464304032,44.131387853759215],[10.774477321135548,44.134002115197354],[10.774422330647772,44.13403176977559],[10.774369677413054,44.13406020229959],[10.773259236534747,44.13466038436828],[10.767368599408579,44.140009959372904],[10.764170812283014,44.14514563162289],[10.76050787370211,44.15020786848757],[10.760010758441075,44.150757494071705],[10.759781197917484,44.15101120977225],[10.758966845428011,44.15177086121744],[10.757678499688419,44.152619255685686],[10.757137942630866,44.15286616028013],[10.756791366927342,44.15302445248704],[10.756147016906414,44.153318364315595],[10.754260013953166,44.15414837059621],[10.75415945805076,44.154170908604904],[10.751924521727023,44.15467033072571],[10.741611896805939,44.1563994364019],[10.73590686286903,44.15642732446815],[10.722633566297288,44.15592401973672],[10.717248449580923,44.15555701126388],[10.71496826706689,44.155843359830236],[10.713791466402888,44.156230154857646],[10.713053703202428,44.156664365956715],[10.712396364709534,44.157212914518155],[10.710723769381351,44.15566393891636],[10.710084214096304,44.15516934368688],[10.709909042945785,44.155137768868975],[10.709681647023803,44.15509678761956],[10.708938187405419,44.154962914345084],[10.708730779290544,44.15496051038056],[10.707864473073037,44.1549504713257],[10.700591608969285,44.15510416554112],[10.696589807042992,44.156352145793605],[10.689221596550206,44.15719050147381],[10.67792106343097,44.156011009586926],[10.673410400533585,44.154866285574435],[10.672908143742847,44.154734088343076],[10.672782726210679,44.15470107232856],[10.672503206294744,44.154627486757526],[10.67166373647463,44.1542191307814],[10.661620110696376,44.15401563939102],[10.645382088559705,44.1586818632585],[10.645284883441434,44.158867173495494],[10.64490256607487,44.15951186653982],[10.644782357648703,44.159601937460685],[10.64472493752479,44.15964496118238],[10.644584041057849,44.15975053071483],[10.644172635933112,44.15998341772017],[10.643980907498497,44.1600913541236],[10.64255479646018,44.15988312619865],[10.640993598748471,44.15951994435189],[10.6361103379507,44.15406530012022],[10.635652195390444,44.15332460852391],[10.634795229644562,44.15038372409948],[10.634332582141198,44.14809016320752],[10.633156900210185,44.14619365350029],[10.62773418910144,44.143232688805234],[10.622564351306668,44.141177052561446],[10.622310192150536,44.13829060242899],[10.62524444937509,44.127062517522184],[10.624055891542973,44.12036613364534],[10.609846755250869,44.11861056977896],[10.605528050027553,44.11504309637746],[10.605396397413864,44.11493582613864],[10.605093567816663,44.1146890797373],[10.604238463548494,44.11468349360006],[10.603781190037077,44.11468050413982],[10.601050678860672,44.114825861240185],[10.599803426731162,44.11491559104632],[10.593103756892818,44.11541513357501],[10.592945114225987,44.11547000776709],[10.59253419459671,44.11561214284044],[10.59197191390471,44.115827333299215],[10.59184249753034,44.11587696117659],[10.591655950377435,44.115948502078346],[10.590271529156025,44.11651697175546],[10.589554701021406,44.11681507516228],[10.58641688183384,44.11816382177006],[10.585528190611408,44.11859061800943],[10.585481992792174,44.11861826532072],[10.584915405729761,44.11895789880791],[10.584728598845919,44.11907018230383],[10.584078923980035,44.119546879537474],[10.583487889762162,44.12026649855948],[10.581383506375406,44.12676997528443],[10.57577116747735,44.13188822194445],[10.568806880190474,44.136548676249255],[10.552601886264693,44.145007952318565],[10.542604108839248,44.149898493404706],[10.527231113524364,44.1560817072736],[10.52493093005767,44.15700374630545],[10.519702580614096,44.16719291904264],[10.522938734123727,44.174838429765494],[10.52217130232591,44.175721960584745],[10.513526004102658,44.18349847476915],[10.511121082300543,44.18583484506226],[10.510014481458882,44.18691390783749],[10.50525953811156,44.18857741853253],[10.493352847848536,44.19518892132528],[10.489243058447169,44.198456673259074],[10.486892465366465,44.202520658821676],[10.486739197901516,44.2068553772982],[10.490948304160185,44.21396465349702],[10.491787392108938,44.217558166394376],[10.48879815316807,44.22053785912614],[10.488739118942183,44.22058589297423],[10.48852827576504,44.22075744329566],[10.488393325856292,44.22086724248729],[10.487506014085742,44.22133289655402],[10.484611671974294,44.22282510190494],[10.483846575726531,44.22306685742418],[10.483779765775974,44.22308760327559],[10.483170507448405,44.223174792389294],[10.482806489885315,44.22322678147328],[10.475045650237485,44.22378631329141],[10.47012968806253,44.22605542228657],[10.466402780138202,44.2296684924493],[10.460040559257479,44.22960597382427],[10.452021113643923,44.22945162506905],[10.442589562029324,44.22820762866974],[10.442319549553353,44.22793149623534],[10.441476090655339,44.22723090034819],[10.44023101258788,44.226490362295195],[10.439443269940515,44.22627396029219],[10.438818729883362,44.22610308723281],[10.43571987530115,44.226232050036295],[10.43554323042081,44.22623666071866],[10.435054629318415,44.22624941270278],[10.43420438478056,44.2262961039133],[10.43330468885378,44.22635241875567],[10.432129655662248,44.2264301800329],[10.430782667676324,44.22664512592144],[10.419956116900137,44.23242511823446],[10.416099327264893,44.23450768271998],[10.41460423250653,44.235362060531244],[10.414030082259496,44.235843253371826],[10.41362368076156,44.23772600504997],[10.410286898497246,44.24330778099318],[10.407397256031848,44.24930836248029],[10.401304871450973,44.251270868118326],[10.38858197282969,44.25907255880422],[10.377049988231486,44.267083955424546],[10.369550297320304,44.26952375291253],[10.360587926154745,44.271518455721676],[10.35063527667157,44.26967394861103],[10.337135125484401,44.27150733711684],[10.322371878761961,44.27573923331501],[10.314140212012669,44.278757621035425],[10.313718520213946,44.27918778861538],[10.313527171619866,44.279365005119296],[10.31296926493468,44.27988134750498],[10.311495476350263,44.28123070855982],[10.311142694299653,44.281544328082205],[10.310684777474368,44.28195125375278],[10.308962507996588,44.28340246504635],[10.30855445026616,44.28373124440096],[10.30810103348901,44.28409656369115],[10.308027055766964,44.28411363795108],[10.307116001453693,44.284323905040345],[10.30049654472472,44.2852969913461],[10.29639696094244,44.28517531851512],[10.284946108547851,44.28119938676844],[10.280768321533781,44.279544753720224],[10.272966682591093,44.27603079564169],[10.269921266276373,44.27402197090936],[10.269960652063354,44.27375050886896],[10.269673808355192,44.27323153013343],[10.269115639404886,44.27284159817441],[10.268304988378807,44.2724364667956],[10.266070394344387,44.27162324806299],[10.262465220216864,44.27061054807214],[10.258808871024268,44.26972966295415],[10.253856660736478,44.26858093254834],[10.250975012262172,44.27103408064012],[10.246210126185845,44.27490345398749],[10.239758628180175,44.279322392244296],[10.238815977802517,44.28000752753399],[10.238639917101988,44.28013548905755],[10.23703037774645,44.281647415242496],[10.236090214474673,44.282755958189746],[10.233743215217492,44.28733684773381],[10.233250051861704,44.28833246498241],[10.232254898142317,44.29034974799153],[10.231460854338879,44.292019197994605],[10.230895951183529,44.29385089150937],[10.230886675235665,44.29388574301862],[10.23087364280639,44.29391136463121],[10.230332862309567,44.29497207513919],[10.229810878389298,44.295787965753455],[10.229177170648573,44.296731088211246],[10.228554587608505,44.297458015716096],[10.22670473834822,44.29948555154534],[10.226263478474664,44.29996744533574],[10.221872636486301,44.30279638538379],[10.221166584364992,44.30320905349833],[10.220486186943377,44.30356758547571],[10.218143924962895,44.3046880125888],[10.217717601500677,44.30469255963578],[10.217556398284346,44.304667649229664],[10.216975276666844,44.30457784667619],[10.216927943621972,44.30457017721014],[10.216857260039893,44.30455145327283],[10.2162684234554,44.304389496642386],[10.21566579137382,44.30418123115126],[10.215540448095508,44.30413788163699],[10.212372634382712,44.30279857155015],[10.206879347729885,44.305146886940335],[10.20330277134332,44.310236373214565],[10.202291734744263,44.31176402494797],[10.201689930634853,44.312382523088786],[10.199203139802847,44.313930145263036],[10.197242527001588,44.314941032811134],[10.195464838138662,44.31582213542215],[10.195257016905533,44.315925137333636],[10.194552410134335,44.31580646841069],[10.193196606197661,44.315109446352146],[10.187669852631359,44.317030616897654],[10.184877393569538,44.3215430556104],[10.173507433258415,44.327622637049636],[10.171508536669739,44.32827107695341],[10.169291211533576,44.329014033521915],[10.168522641896853,44.32939101281535],[10.167905837294612,44.3299104848749],[10.165267464908835,44.33407875887383],[10.163385140641722,44.338437322285344],[10.159860099627956,44.34471218534453],[10.144533144391845,44.35328325253657],[10.142034839972023,44.35386772600725],[10.133258053485438,44.35427022481107],[10.132631487199928,44.35423481789431],[10.13190295979719,44.35419364158498],[10.128233845479844,44.35392638547548],[10.118317951668336,44.35292299541782],[10.11182109537128,44.35153693994097],[10.105060688213396,44.34980200582377],[10.104942708061351,44.349765783370486],[10.104065738487256,44.34949652689454],[10.103682353282961,44.34934912017564],[10.103015216931643,44.34909254659147],[10.102617575994438,44.3489253009874],[10.102416033623962,44.348840532206744],[10.102220097895483,44.348758120843456],[10.10188766166218,44.348559059100936],[10.101845015726747,44.34853352231573],[10.101672601301923,44.34843027541057],[10.099247895313765,44.34612192475095],[10.098985732145046,44.34616743478647],[10.098272904156172,44.34629335516703],[10.097980047503698,44.34644131328257],[10.09735860905556,44.34675527654639],[10.097092168131125,44.34688988652432],[10.096738143904508,44.34712131526401],[10.09577830136257,44.34774876313633],[10.095261525837993,44.34814101474414],[10.094949417405576,44.348377913938265],[10.094164983594887,44.34934855643536],[10.09329474055314,44.35056817928898],[10.093272370848702,44.35059970555708],[10.09316285386363,44.3508099500556],[10.092923655746336,44.35126918935218],[10.092678801959774,44.35173892109979],[10.092437252438113,44.35197832076786],[10.092025643324423,44.35238516257518],[10.090361766781212,44.353220321531644],[10.086180552105203,44.35493310154116],[10.08073527608315,44.357129020808635],[10.079881429955533,44.35705606732193],[10.078848785072173,44.35687675982704],[10.078083759021622,44.356707462739],[10.074817873313775,44.35865355486962],[10.066923168249811,44.36341533888105],[10.063562521854188,44.36657395114247],[10.062515038168547,44.36809436784085],[10.059456636351932,44.370001844052844],[10.056405870239391,44.37175124758123],[10.053178321835142,44.373033354488015],[10.050823698517487,44.373150442617565],[10.04570519459999,44.37343508822262],[10.04389113747832,44.373813667208935],[10.042236556859333,44.37425003446712],[10.030214484718847,44.38124516766072],[10.020073983290052,44.38492040080981],[10.016484441795303,44.38695053872732],[10.012815833536596,44.38801893039022],[10.010263561823367,44.389063713660946],[10.008398149983451,44.390102928399116],[10.002191983274235,44.394290468761405],[9.996563676607542,44.39827227641795],[9.996373516258851,44.39876782006581],[9.996192868489775,44.399238560367436],[9.99583869034233,44.399826835907],[9.994027551312216,44.4016881748451],[9.990857016374553,44.403759358567605],[9.990488123289293,44.40396961826703],[9.990247522258656,44.40410675259811],[9.989284712433154,44.40433116180693],[9.990999347961687,44.407361091778974],[9.996217981299901,44.415623373433206],[10.002461206484629,44.42285197346043],[10.00549874198427,44.428460879744065],[10.006431730247918,44.432395958025865],[10.004705484772122,44.4365073969385],[10.004317491302885,44.43733006056274],[10.001067552785521,44.44303929764998],[9.99957919306049,44.444447761736996],[9.996937286641637,44.44649646026539],[9.99665471477152,44.44667897569027],[9.996329738901554,44.44688887766524],[9.99617958104165,44.44692756072043],[9.996040376641588,44.44696342111089],[9.995692970443129,44.44684090309763],[9.995068831310137,44.44662078362796],[9.994916460811256,44.44655193625652],[9.99424784177633,44.446249819864384],[9.994169655180206,44.446214490290814],[9.993648497895032,44.445889788779546],[9.991128476223823,44.44550075588046],[9.987974118002285,44.445145318940675],[9.981068435228584,44.44512246910038],[9.977448935583674,44.44729509921785],[9.976036777032196,44.44820672085278],[9.972904411527995,44.450601891798726],[9.972198087769705,44.4512110425335],[9.971976639621797,44.4514020233327],[9.971752808759504,44.45173635073933],[9.97144925822916,44.452189748495464],[9.96958530137339,44.458165366429554],[9.971256802183696,44.463246684957014],[9.971051100656345,44.46372931509576],[9.971002717302543,44.463842560622474],[9.970819969382472,44.464218858136455],[9.970712552532666,44.464440015318246],[9.97013711895168,44.46459765348479],[9.959907867234799,44.46707880240878],[9.953651155843843,44.46844575171914],[9.949214302633584,44.46891470481781],[9.933099152693867,44.47111111097801],[9.918196727891926,44.470788769913256],[9.913583653910091,44.46932581340909],[9.909226790945596,44.4679617837425],[9.90880028318627,44.468028091379956],[9.90550574900563,44.469324915931075],[9.903345195132498,44.470394054455745],[9.901462119720572,44.47132719128229],[9.899960768671445,44.472698439166685],[9.893806252106025,44.47058158853066],[9.892644128325228,44.47022148299765],[9.885932360470118,44.46983133989131],[9.874612884106448,44.46954019197097],[9.866453911318574,44.47042044449514],[9.85514140725955,44.47060776037689],[9.834738592605682,44.46876440707891],[9.832474047939881,44.46862804099473],[9.82807369990292,44.46800816782886],[9.82555416445147,44.46764345939098],[9.82177019083441,44.4667594268589],[9.819670132942507,44.46610100745297],[9.816069946887877,44.462237341869134],[9.815849994060036,44.46178877887175],[9.815984511086867,44.460644473522734],[9.816040040783705,44.46026741650436],[9.816179752158709,44.459319685784244],[9.816305034769583,44.45891366242125],[9.816480424198888,44.45834523992301],[9.816690972118241,44.457560499299404],[9.81681197280575,44.45710949834216],[9.816862789747306,44.45692008398342],[9.816912934139998,44.456726450307634],[9.816930524627047,44.45665851563865],[9.81719675038514,44.45563031071803],[9.817166840193735,44.454415158771006],[9.816961505992465,44.45321026337757],[9.816812346390241,44.452428099665866],[9.816731670691325,44.452050560950546],[9.816535255643611,44.45196362740857],[9.81553065315506,44.4515189801408],[9.8146413243479,44.451341279538454],[9.814182087285213,44.45124951459158],[9.811250474504511,44.45099128932693],[9.81086585367603,44.45098342616568],[9.807129417845141,44.449093909170664],[9.799952079795666,44.44435496697148],[9.798239036789512,44.44314257658751],[9.797864288971972,44.44284786713627],[9.796778612764703,44.44199142493202],[9.790479801592458,44.43693065182975],[9.79007630983845,44.43654273746843],[9.789652345833202,44.43613513362647],[9.78727566961709,44.4331896372224],[9.786235863017257,44.43151328386776],[9.786092676604687,44.43128773987602],[9.785990584589303,44.43112704282732],[9.78532460282384,44.4300791153482],[9.78506485352051,44.42973627974422],[9.784327012794934,44.42876256953129],[9.78315215669695,44.42733919292633],[9.781162302857624,44.42494008718182],[9.776526620214472,44.420430499024704],[9.774731335762313,44.41869096277037],[9.772784771210414,44.41681472488724],[9.763057633776741,44.40811478199659],[9.762547263750838,44.408012397193716],[9.761320345982675,44.40776625690752],[9.758059607174697,44.40712173801181],[9.757382021269311,44.407157743133574],[9.755522911063586,44.404865344429524],[9.752882312546943,44.400858543613886],[9.752877474598648,44.40083155972796],[9.752812989685394,44.40047188124571],[9.753348727854092,44.39767747560418],[9.75361371755574,44.39694018544987],[9.755051425437275,44.39293977067918],[9.755309172236023,44.39247891742277],[9.755833660661915,44.39217630943548],[9.756729969050857,44.391659263581246],[9.76047515792352,44.390049897784124],[9.757396312008423,44.390207651244346],[9.744763782861416,44.389496199178886],[9.74417112981016,44.38227082376622],[9.74052400096916,44.38056598664231],[9.733329160374923,44.379487074344155],[9.732676601891743,44.379430328780124],[9.732073182545285,44.379378523134854],[9.731458738563283,44.37950000685209],[9.73075936651016,44.379638568065346],[9.729121698735378,44.38015319405784],[9.728846449627738,44.380280985865106],[9.728296757865552,44.38053619232108],[9.727725735226562,44.380801297464515],[9.72705505755202,44.38119750761515],[9.726616596288276,44.38145655962603],[9.726426595071755,44.38157323383797],[9.726305498837537,44.38164759535587],[9.725803648137129,44.38195576372738],[9.725564776310346,44.382102443961784],[9.725431432970263,44.38218432323183],[9.724443680433556,44.382379652164076],[9.72330042935568,44.3825666519772],[9.722840426930771,44.38264188965265],[9.718914408278101,44.38319872803596],[9.718286880437729,44.38321183292188],[9.716899232093878,44.383174487705],[9.707557000364625,44.37861984746241],[9.695439596135886,44.371801556147055],[9.689986852711096,44.369133769285156],[9.689874601044572,44.36905987801897],[9.689512525358122,44.36882153266886],[9.689242179072918,44.36864356797597],[9.689038220727362,44.36850930383038],[9.688860766289269,44.36837532331936],[9.688139174100245,44.36783050162118],[9.687455144747851,44.367123398597684],[9.68670044224306,44.36593956090598],[9.674979435882909,44.36471301481765],[9.673336719014541,44.36701843968337],[9.672931335258726,44.367786071876836],[9.672047423779826,44.36951082045532],[9.671593776007434,44.37044978231425],[9.671338241329048,44.3711535068743],[9.671218561528582,44.371525459535334],[9.671132181021303,44.37179391884172],[9.667337761008808,44.38383896519089],[9.663342236989484,44.395255753453846],[9.664186884883986,44.39666429182184],[9.664282312257734,44.397329937382395],[9.663808607309933,44.39874613690208],[9.663001451267288,44.40065941231059],[9.659737605824965,44.40522921939002],[9.654548650091195,44.41174558118301],[9.65163475245384,44.41218206064818],[9.649056892640498,44.41206302667757],[9.642513684702761,44.412408103629545],[9.638084037237773,44.41379235182474],[9.63503401435601,44.41511475412803],[9.628381453882394,44.41895071004694],[9.623524936833402,44.42161514290038],[9.621097280630902,44.42250163363473],[9.612968477145792,44.42585856720322],[9.611857199967291,44.426512722700544],[9.609651681067382,44.42814501439741],[9.607462754376792,44.430254313395935],[9.60714359984284,44.43069820896517],[9.606670072293001,44.43135685940125],[9.606456698906403,44.43255536248916],[9.606514587825846,44.43329327953866],[9.606449401481282,44.43420289893958],[9.606109239591184,44.43533004603535],[9.605547053307264,44.43572014429559],[9.602816320153384,44.43642780463692],[9.601487815122956,44.43675890601128],[9.600031789572977,44.4369106129563],[9.598888524283135,44.43688960307966],[9.598170779114204,44.43674031652972],[9.597147816684412,44.43623251285504],[9.596805055568375,44.435928642777995],[9.596451241479807,44.43561496769733],[9.595955009057686,44.43500537317207],[9.591976597009197,44.43169504721057],[9.584920735497475,44.42840037393865],[9.582499166103801,44.428545614807106],[9.579705075060359,44.43191103055605],[9.574133152971015,44.434991111500395],[9.558503986708885,44.43866069770525],[9.554841077810453,44.43799434922614],[9.551377844757104,44.43001758018473],[9.550705868313731,44.42802847692267],[9.547438087691889,44.42683921450867],[9.540856448310699,44.42578168629344],[9.528993909026038,44.42782681588632],[9.513842577505747,44.42622155551753],[9.492842222485015,44.42331618030364],[9.483733801776642,44.418520634252694],[9.482912155850702,44.41789391489621],[9.481880224607089,44.41708802636955],[9.482009596566538,44.416781382928825],[9.482040241713968,44.416737785173545],[9.48225713043383,44.41642922896757],[9.482731514878493,44.415977086439746],[9.48302074035668,44.41449040948397],[9.481321028589422,44.410887468069326],[9.480979265764528,44.4105648086379],[9.480473582804258,44.410161809437426],[9.479766585779942,44.409714642166165],[9.479034390162825,44.40925855440479],[9.477294576811683,44.40998608781586],[9.475722060127598,44.411072974275804],[9.474174153997895,44.41224977693472],[9.473776788087582,44.41281409500074],[9.472777700398781,44.415181465233],[9.47237785333343,44.416829206006334],[9.471959742132844,44.41933512969304],[9.472294714073172,44.421935541706524],[9.461262558365199,44.42289840163433],[9.451361355425735,44.419670465840184],[9.44277791205419,44.41658662389434],[9.438393752222813,44.418541590621054],[9.438588350254399,44.421061645877195],[9.43877274098607,44.42702976556724],[9.438803337801764,44.42786690289573],[9.43916413552198,44.42907188861835],[9.439599637029765,44.43007852604201],[9.445007501149277,44.43741282087523],[9.445519847465617,44.43803765961959],[9.445831893277338,44.43841791902375],[9.446399210283552,44.43876680918464],[9.448768178786333,44.43963078948297],[9.449598864927049,44.439906609723394],[9.452266108430836,44.440431735743225],[9.458063043617969,44.44883069129176],[9.46175915642426,44.45856586780616],[9.46438503851499,44.462859061131],[9.46754935675717,44.466005386280635],[9.470551456586316,44.471952847073425],[9.46968793264942,44.476844844941645],[9.469076688394184,44.47918020461708],[9.468791753525162,44.481241840565566],[9.468873108269152,44.48188068778313],[9.471163280276551,44.4821683582814],[9.473464969439227,44.48241991603285],[9.47464807374062,44.482451014679214],[9.475418676020762,44.48227196005058],[9.476066377988564,44.48212101675201],[9.477579018906642,44.481269188690476],[9.478423520871102,44.48068331019453],[9.478755191681014,44.48045328405737],[9.480007003740191,44.47976383049042],[9.481236665780184,44.47944355999897],[9.481819090983556,44.47935339978639],[9.482253902944874,44.47928622188388],[9.485638393809216,44.47971301408105],[9.486809201491727,44.479879077516955],[9.490813507282873,44.48073520630645],[9.49209873628822,44.48104476129886],[9.496803434917794,44.48273040451411],[9.496323314822785,44.48394784174275],[9.496096940523103,44.484810829157915],[9.495855016847917,44.486515637325866],[9.494665223305628,44.49737349750255],[9.494638352740404,44.49788226642175],[9.494602548313438,44.498570020033874],[9.494578607019658,44.499030361354535],[9.494634238062783,44.50040302420909],[9.49526286368508,44.50254742924252],[9.495531980483312,44.50313142986089],[9.49598993985986,44.50373261978235],[9.501001413763726,44.51167807505665],[9.503486600267808,44.5254636490604],[9.504192674647669,44.527171024582394],[9.504476828884643,44.52801601887308],[9.50459616742527,44.52862766767494],[9.50460192226808,44.52929420507039],[9.504603110684746,44.52943184697815],[9.504606172993912,44.529786517757834],[9.504607670858661,44.52995999519449],[9.5008947663185,44.53718291094457],[9.500248390263517,44.53804099231205],[9.499734060181849,44.538628130891475],[9.499512147323484,44.53888145316401],[9.497454969074738,44.54056548367846],[9.494240880732093,44.541906748211666],[9.49185957537297,44.542803338677686],[9.491643323876337,44.54282721570946],[9.490450292571895,44.54316544560663],[9.488180531722268,44.54556985657409],[9.487959584833519,44.546245992470425],[9.48798885621535,44.54683103265219],[9.488045603253571,44.54759600811537],[9.488303701963424,44.54835112462913],[9.490594871651545,44.55283808139775],[9.492858115824664,44.55546609168469],[9.493338442500045,44.55587663431659],[9.492258493085808,44.5574267338729],[9.491609196301019,44.558167738285896],[9.491481370132979,44.55828651624283],[9.49077210986063,44.55894555828815],[9.486084021982167,44.561297267011305],[9.477898199134014,44.563965055523],[9.472722274745388,44.56528295759386],[9.469641744258459,44.565871828910666],[9.464392797468838,44.565969820636234],[9.463420654418771,44.56575770578328],[9.46271389442025,44.56556251750918],[9.453358231042744,44.56213406323986],[9.451435265105975,44.571306262446],[9.450268385603557,44.57182401156257],[9.446893650521412,44.57179225780068],[9.446058783581744,44.57126436892278],[9.444625300648289,44.569799408575896],[9.444138200385645,44.56909978039394],[9.444102401515309,44.5690483625837],[9.443791483469086,44.568661297786804],[9.443403137974412,44.5681778357476],[9.442873085244234,44.567873811824114],[9.441532491207733,44.56712278600811],[9.441433525691464,44.56707481825133],[9.440695726646032,44.56671721116633],[9.44023300091493,44.56680820974494],[9.439693204057436,44.56703535163861],[9.438050229584194,44.567883399743536],[9.43478983296356,44.569750382292916],[9.434050101875782,44.57019432173428],[9.43359418653168,44.57055665274375],[9.43354976501799,44.57059250679368],[9.433037297005264,44.57117944636821],[9.432701662108498,44.57177488021963],[9.43247367809592,44.57224192898503],[9.432292267134727,44.57261366421895],[9.430289009532832,44.57406163302749],[9.425990691033036,44.57541912377496],[9.425212582481938,44.57563808652452],[9.424745352284262,44.57549566562866],[9.42422717542991,44.57522763429955],[9.423076558884304,44.57461223117082],[9.420871382729901,44.577577917986694],[9.41984222707532,44.58028023836299],[9.418948934696648,44.58540646848377],[9.420027961396293,44.59005229789781],[9.42039610378872,44.59043804949226],[9.421261764314325,44.592164377785366],[9.42130623655568,44.59260430070061],[9.41907033342894,44.595286279833566],[9.418921554489744,44.595396734348526],[9.418619159602809,44.59562103288041],[9.416634675823275,44.596438511067355],[9.4093699015867,44.598823415456856],[9.405628935442081,44.600806817853844],[9.4055695797463,44.59952116469411],[9.403851537200252,44.593428058995016],[9.403144902588364,44.59145001197386],[9.402623781460782,44.5907856636151],[9.40153434647697,44.58986224124417],[9.399419392629557,44.58824920291919],[9.397614493880909,44.587634332019675],[9.39488005184438,44.58752678366897],[9.39383985480947,44.58775039203167],[9.393773454540636,44.58776466590272],[9.392781334469058,44.588227216261075],[9.391836168583904,44.58887097535695],[9.390485865615474,44.58971149708571],[9.389820522668801,44.59006486848748],[9.389368016943331,44.59021945579736],[9.388785386224036,44.58975330772697],[9.384884230547838,44.58461708550023],[9.384667766321488,44.584266716781585],[9.38451394004101,44.583862117669895],[9.383918555487588,44.581262396149725],[9.383799559484244,44.58040755479531],[9.3810803430133,44.57674963749112],[9.379661234962843,44.577248001090155],[9.376910189607266,44.57845174251335],[9.374035052182645,44.579778273506015],[9.372242594803867,44.58084642512625],[9.372207805328696,44.58095903664067],[9.372169695265828,44.581080725468325],[9.371915885378877,44.58146416038959],[9.371556986056248,44.58178941714042],[9.369788230315008,44.58294747950958],[9.369424404416888,44.58311971140508],[9.366190701478848,44.584268937589975],[9.364169796354014,44.58473003321754],[9.361705461228198,44.584917909620486],[9.356558822782274,44.584546986430766],[9.355682827289623,44.58446419062255],[9.355424259885043,44.58441098728074],[9.35158924955373,44.582910427853555],[9.349623538453459,44.5820837293426],[9.348102207687186,44.580904738670846],[9.346703620849974,44.57952241406568],[9.336341334122707,44.582029090926625],[9.334710870508905,44.58367684536556],[9.332026512761036,44.58581377056351],[9.327819402725849,44.58896779807845],[9.325886064973231,44.59010765171832],[9.31718285633432,44.594786442510944],[9.30793117398216,44.600468038396464],[9.307906231613911,44.60070863326774],[9.30774596838865,44.60134806848393],[9.307321342057168,44.60206941540745],[9.30564535931721,44.60423450405243],[9.30497339542216,44.60499424221929],[9.304916555251422,44.60505699681795],[9.30464504457372,44.60525640404449],[9.303916431408398,44.60579123312821],[9.303835277631809,44.605850783950864],[9.303627902369742,44.60600291405908],[9.30229594837248,44.606926160181615],[9.30124024148982,44.60744209024214],[9.3004186269751,44.60777398611881],[9.30028218451152,44.60779485003198],[9.299969690892548,44.607841549082785],[9.299091375559728,44.60753070618775],[9.297441010446686,44.606721070678304],[9.29376125402809,44.6084428510421],[9.29308106026862,44.60850761725148],[9.292048016491309,44.60853727204334],[9.290938636271825,44.6084590760323],[9.289791318111682,44.60831795939749],[9.28884522749211,44.60813130256668],[9.288087961480116,44.60786313613924],[9.287507782441507,44.607603526975815],[9.287292393225139,44.60737000816702],[9.287163544419414,44.6069562177364],[9.286629977472597,44.603563618224726],[9.28541412368919,44.59977662039281],[9.285057442362238,44.598985289544764],[9.284727382613873,44.598481970364666],[9.284157309223433,44.597853213524175],[9.283310188154504,44.59725215893197],[9.282451187629604,44.59679515308632],[9.281667808189134,44.59648976091103],[9.281441508822475,44.59640153909709],[9.280230831083543,44.596170453868226],[9.27891969383387,44.59596660166758],[9.272485410111088,44.59593908800048],[9.270470730901295,44.59677914556658],[9.25804986929107,44.59947261951398],[9.253035144072529,44.599245278149944],[9.246824342152118,44.599186843368855],[9.246567396452235,44.59922335099241],[9.246245270041292,44.59926911908219],[9.24575513975767,44.59962875663292],[9.2456423151278,44.59971154201509],[9.245204389604906,44.60039666942317],[9.245485007230403,44.60120628780507],[9.246092710060172,44.601884675720385],[9.24756050178739,44.60332189980125],[9.249468644303828,44.604623100881646],[9.250418301927205,44.60526231755599],[9.250681893828625,44.60543967381458],[9.251022310937323,44.605642395465956],[9.251856877696886,44.60613928228949],[9.25308898208689,44.60704178918991],[9.255816397505994,44.609641456398215],[9.256360754592837,44.61019838449781],[9.256538932193896,44.61059408908369],[9.25649026855708,44.610990313821624],[9.256152298614747,44.61151321250009],[9.255112335974985,44.612856908689686],[9.254385550117112,44.61377678505099],[9.252842622316367,44.61518459785071],[9.25195080281037,44.6158887519717],[9.245502619879245,44.619647809742226],[9.24480967743441,44.61972132368185],[9.240901490685488,44.6194505555881],[9.23148557778827,44.61874082687336],[9.224690239594434,44.61798918799612],[9.208928465967382,44.615267650302975],[9.202973128494426,44.61349420348926],[9.20042238603775,44.615333227016784],[9.200311516391848,44.615933785256274],[9.20023651849439,44.61634222219209],[9.200558340219235,44.62616718434124],[9.198909581440924,44.63354758507513],[9.198589802759422,44.63863470213772],[9.199208201203176,44.6425096243283],[9.19948452807242,44.643570069423745],[9.199527648803718,44.64373664189991],[9.19959192731132,44.64398534940946],[9.19939419053638,44.64515601836489],[9.198479981338261,44.64903592271938],[9.198036541858315,44.64983563839657],[9.198819596883729,44.65010834313302],[9.200551235960083,44.651347642356086],[9.20297954523792,44.65332388562605],[9.204234983674368,44.65527516805435],[9.205783389769872,44.658018124824196],[9.206050081437395,44.65853077921897],[9.206331329745247,44.659592551647364],[9.206434816079511,44.66020452593842],[9.206386414083552,44.66078977265744],[9.204342018438574,44.66875584468079],[9.204017297149091,44.66996296502891],[9.203615113405457,44.670395796683856],[9.203099307377665,44.6708108268076],[9.201931350070081,44.671617108902836],[9.20178257730082,44.67183942978251],[9.201089921919273,44.67320406180693],[9.201041379047844,44.67330694526997],[9.201021007376976,44.67335038550921],[9.20061317569378,44.674222620091655],[9.200125069849348,44.67536678285442],[9.199788830150752,44.67665470595071],[9.199391755392085,44.678599917197815],[9.19914229783495,44.68312853141623],[9.199196132937324,44.68410970120104],[9.199464243769652,44.68501846385954],[9.19982048244207,44.6858640726278],[9.200051541812673,44.68611576929774],[9.20031989688178,44.68640483125319],[9.20199547917868,44.68600471922564],[9.203132654809373,44.68575922545056],[9.204154067464847,44.68555035834328],[9.211001800101663,44.68434960398787],[9.211836172689374,44.68421731089455],[9.212552997914736,44.68410365669566],[9.216803343674043,44.683528531547374],[9.217913558001296,44.68347239866036],[9.223793546386998,44.68340702076063],[9.23708781121188,44.6851176469475],[9.24213247814376,44.687456688346344],[9.238580851278709,44.69224440314292],[9.234701240103995,44.69827001711219],[9.232259071635042,44.703325651305455],[9.23300306817784,44.707624958624976],[9.235912941514034,44.712775230556765],[9.235589297544264,44.71496279528497],[9.235083700134084,44.71635987612469],[9.23518547475563,44.71627813117486],[9.23562270935711,44.71592663423318],[9.236301927198367,44.715295063668584],[9.238301367753335,44.713346406286085],[9.239294697163864,44.712363088733355],[9.240010805568083,44.71151535853423],[9.248146093091208,44.70087522899396],[9.254330592859182,44.692129371824805],[9.254787322596991,44.68979674359108],[9.255639324646062,44.68574456170171],[9.257588772314934,44.68122020786007],[9.258456328239122,44.68052505976657],[9.259475786698255,44.67994659701223],[9.26039688488545,44.67994450061547],[9.263239631892874,44.68077521981638],[9.265979745125046,44.68397370795425],[9.269957007416338,44.68448652306928],[9.278606171219247,44.68560003882242],[9.285805994051959,44.684456956916975],[9.287639977421927,44.680221247272726],[9.296059885580854,44.68097393011512],[9.298507087502351,44.68101424487876],[9.30099512198508,44.683683510172905],[9.305599967641491,44.688290291992374],[9.306420467141223,44.68819261658559],[9.306684972878314,44.68816167198626],[9.309661643685216,44.688009177175154],[9.31074736686707,44.68805148787061],[9.311744640438922,44.68815655331306],[9.317212112316763,44.68874465857325],[9.322239101351542,44.68953179436318],[9.324637465427283,44.69001562396267],[9.324805066599367,44.690258296380584],[9.325110668217986,44.69074355006731],[9.325736618796995,44.69209211594851],[9.326097045112974,44.69335142683385],[9.32615011425174,44.693810387418374],[9.32591096191492,44.69392810775948],[9.325356524110916,44.69408271335321],[9.32210300159027,44.69456006455534],[9.315429349066665,44.697405420995615],[9.310138068460205,44.70159700307853],[9.309435194905317,44.702346097782296],[9.308574732210728,44.70431994231738],[9.30844013785858,44.70512151076571],[9.308480723548053,44.70563453388732],[9.312969491386317,44.7140574523436],[9.317228624979274,44.71949209973464],[9.321213266135091,44.720822307054775],[9.322313979394664,44.72121531729517],[9.323161699826843,44.72152800635261],[9.32438970438683,44.722100671888086],[9.32532701113287,44.72262013211472],[9.325910525278351,44.72309559194279],[9.328581692178872,44.72653582162385],[9.329575342217533,44.72806333130084],[9.33015034442922,44.729249970580014],[9.330546699207362,44.73010404677451],[9.332580785900287,44.73504034629492]],[[12.176541372322829,43.81054074810401],[12.175856180742228,43.81028971048909],[12.174986500805366,43.80986383209756],[12.171146002013764,43.80794022052428],[12.171099494246498,43.80790186927084],[12.171070700006867,43.80787800918396],[12.170914930092684,43.807748615992345],[12.170699879717075,43.807502499876584],[12.170534115450016,43.80726677380753],[12.170460103775895,43.80715933272803],[12.170300171140553,43.80692262777257],[12.170233280068905,43.80680750893598],[12.17005240955426,43.80642659600031],[12.169935276204036,43.80597518881044],[12.169796215681092,43.805344327473165],[12.169755043524868,43.80462521762354],[12.170106831178495,43.80363860726407],[12.176359903147704,43.788289985069625],[12.177269736236944,43.78802528250956],[12.177386448934762,43.78799132539143],[12.177846088349682,43.78775345379211],[12.178340210761284,43.78743359212225],[12.183273711328505,43.78251546883164],[12.184189013282856,43.78149959585096],[12.18452447296133,43.78079699505124],[12.184575991820806,43.78036340479387],[12.18467710490757,43.77674130586581],[12.187734075964636,43.773738964808715],[12.197457516293426,43.77073010433396],[12.199347774966586,43.77037554544793],[12.200319657043321,43.774455630843434],[12.2124353079389,43.78170633741799],[12.21899267740936,43.78393054843453],[12.230736752271941,43.78668649617537],[12.2341157791758,43.78723912388218],[12.235806841382315,43.78718910816912],[12.236254130147017,43.78713616158758],[12.237261474514547,43.78700378702336],[12.237350044451459,43.78699082828357],[12.23805992738857,43.78688058201376],[12.238234866665932,43.78685339676522],[12.239521818373746,43.786518210992476],[12.240246053105087,43.79060016548385],[12.237090121107762,43.80123825600127],[12.234864658823852,43.80441512764296],[12.233380174024601,43.806100143093914],[12.232508599118264,43.807056758114264],[12.231215489381452,43.80788789073829],[12.229992130725044,43.808601119103606],[12.229788211866474,43.808681164538335],[12.227123841744598,43.8094022059991],[12.225063407155766,43.80988265091088],[12.224520078207462,43.80989349618755],[12.224258787733152,43.80985927727829],[12.222486893096933,43.8073422156738],[12.220522646139433,43.80471360248035],[12.218693124451779,43.80324497712869],[12.21854788569097,43.803139482733314],[12.218301285812684,43.80296323517112],[12.218027808886943,43.80278975595545],[12.217770565013783,43.80277453531711],[12.217442020530493,43.8027574718842],[12.217275232847904,43.80275132137163],[12.214975342778443,43.80310368561017],[12.21366205483294,43.80351494313718],[12.212307616413737,43.803998547095084],[12.211052852122611,43.80444690478435],[12.210739212250534,43.80459639986634],[12.207653008675877,43.80526966868372],[12.201396991041657,43.805930122432486],[12.200011732909083,43.80606236484581],[12.198221721967975,43.806151916348824],[12.193982414427346,43.80572701792665],[12.191488702295027,43.805348772887456],[12.188948872688151,43.80465465250645],[12.183544240556246,43.807370154691455],[12.17860743894152,43.81091539979212],[12.177470797433957,43.8116357807642],[12.177235282112209,43.811678347960445],[12.177179895495046,43.81165963204035],[12.176366380322746,43.811301880866424],[12.176355210333936,43.81111312941539],[12.176541372322829,43.81054074810401]]],[[[9.299185166521463,44.69246177355832],[9.298858008651502,44.69265168168592],[9.298632741497796,44.69302137432482],[9.298670688116461,44.693114195285496],[9.29893950360583,44.69372277424686],[9.304205377751444,44.696550902670616],[9.304654628400675,44.6957871806235],[9.304673656540722,44.69564907524836],[9.30471549801829,44.6952930327301],[9.304607409488845,44.69426340770324],[9.304121622132385,44.69369804113134],[9.303646040501611,44.69336694925632],[9.303616141907922,44.693347862611176],[9.303001161887842,44.693037121180886],[9.301165199532221,44.692613677701765],[9.300676236329352,44.69250151584473],[9.299790804674467,44.6924331934602],[9.299185166521463,44.69246177355832]]],[[[9.28967513089433,44.70121856093497],[9.290944462672492,44.70515833230624],[9.29128744022433,44.70558061099538],[9.292695521896059,44.70586661613264],[9.292822491005134,44.705890595317435],[9.299682436941374,44.704516551657676],[9.301732854621815,44.703086813884546],[9.292202785532385,44.701144344602824],[9.29196454266895,44.70110029120152],[9.290967892737887,44.700916817247666],[9.29092801459523,44.700910474921045],[9.289862481514588,44.700821989035525],[9.28967513089433,44.70121856093497]]],[[[10.480693083417579,44.189470197046305],[10.480626685271854,44.18945755673169],[10.480414941123719,44.18949631303732],[10.48031915599843,44.18966860929748],[10.480322085194361,44.189785614590946],[10.480425982379813,44.189937320993316],[10.48064449026983,44.19016856516327],[10.481289270586148,44.190448174855185],[10.481555465164421,44.19050787188688],[10.481801599739537,44.19040564637489],[10.481860979450715,44.19027883322428],[10.481847240777329,44.19014443825293],[10.481827849781096,44.18995515436767],[10.481782380596002,44.18990934849735],[10.481686649821155,44.18981293268562],[10.48139533762093,44.18967266690132],[10.481080265093958,44.18956875967382],[10.480802706560366,44.18949128634353],[10.480693083417579,44.189470197046305]]]]},"properties":{"reg_name":"Emilia-Romagna","reg_istat_code_num":8,"reg_iso_3166_2":"IT-45","reg_istat_code":"08"}},{"type":"Feature","geometry":{"type":"MultiPolygon","coordinates":[[[[9.89785886995794,44.16359257925189],[9.894509125232837,44.16557047636095],[9.894160635018022,44.16577822224974],[9.893878318903328,44.16594725044643],[9.893471218517913,44.16619108124144],[9.893258871519075,44.166318296195534],[9.89295305729716,44.166501533739066],[9.892916790563886,44.16656626852252],[9.892627245901345,44.167083094673565],[9.892603921414809,44.16716381605923],[9.892493707963439,44.16755984344238],[9.892386027641374,44.16794677296744],[9.892365187459818,44.168021659712046],[9.900283714864898,44.17408086125903],[9.907107697157207,44.179152312881676],[9.918026525864123,44.18671624975232],[9.92047776550421,44.18875485936993],[9.921582045044627,44.189762181084895],[9.921589269619478,44.1902257826721],[9.921115164495482,44.19086657665733],[9.921345063834067,44.19272217502919],[9.922390470863583,44.1950635463953],[9.934010411198948,44.196622130371104],[9.92854002196094,44.19854389462743],[9.91816600133532,44.19962844877355],[9.918103254928228,44.19960704661241],[9.917677191558655,44.19946172269767],[9.917536932714158,44.199413882099286],[9.917232830278463,44.199310210392824],[9.916283468367245,44.19928520113355],[9.916199606570485,44.1992830008777],[9.915655215611151,44.199268722177194],[9.915448184568367,44.199328902058035],[9.915267599519174,44.19938141235167],[9.914508408690079,44.19960237572321],[9.911168870046739,44.20218118871308],[9.909482844433908,44.20432831861546],[9.908182416442875,44.207980350163524],[9.908070453044612,44.2088367021779],[9.908508553335194,44.20977386730125],[9.891210172311258,44.207812727801965],[9.89139264201512,44.205381152865435],[9.88400102425213,44.20188935068134],[9.880484116224832,44.200054049754726],[9.873328994162815,44.19518872473176],[9.87329014945405,44.19515235719253],[9.872828182483731,44.19464778412026],[9.872415007139576,44.19320144141844],[9.871794645106672,44.19059077593845],[9.87168027617469,44.19010387277144],[9.871594769055122,44.189736969578355],[9.867248190216632,44.18372286242999],[9.864956845396163,44.18070787413676],[9.862587872276006,44.18454819753111],[9.859833987248521,44.1900607549207],[9.85755040667854,44.19350756537493],[9.85962164510373,44.19567082826559],[9.864061526986974,44.203090664180216],[9.867671734446326,44.212296853166535],[9.870002064247013,44.21748300998609],[9.872791773583304,44.22096360084215],[9.875356615451444,44.22394276093366],[9.873669516685235,44.224954713182605],[9.872727249869529,44.22540836300342],[9.87237739347624,44.22557679551832],[9.868780115792719,44.22706270561019],[9.867888945439088,44.227391621569836],[9.867659341852187,44.227476361983925],[9.867265174774758,44.227611077260704],[9.866500730869177,44.22787228902221],[9.865352221510875,44.22794401726248],[9.864767136852116,44.227961862769575],[9.864174230997063,44.22797994361129],[9.863518315157467,44.228184393231075],[9.863463785966438,44.22820139007928],[9.862532848967943,44.22875760994531],[9.861565911026194,44.22942212933078],[9.860601312632282,44.23024867803557],[9.858382795447872,44.23251613059779],[9.858277139775662,44.23263396497694],[9.857618823270725,44.233368155250325],[9.857027375544224,44.23402981687918],[9.856846503119245,44.23460676512885],[9.856716205011661,44.23502248509096],[9.856697428849719,44.23538461841771],[9.856686870502214,44.23558989645457],[9.857377926555555,44.23623553367608],[9.857461242279717,44.23631333256075],[9.858008195554973,44.236735671186146],[9.85824645209985,44.236919641507484],[9.858566204576833,44.23713331227054],[9.858640835653754,44.237183183100264],[9.858785717697916,44.23727999732118],[9.858992541866671,44.237418203709545],[9.859110813628769,44.23757936924528],[9.859303745777567,44.23784227261131],[9.859452075813929,44.23804439635975],[9.859836784938059,44.23863626422134],[9.859894997599008,44.23892491386524],[9.860012286397247,44.23950823769743],[9.860201722135127,44.24207267503869],[9.860177575049343,44.2488251225803],[9.860160017859611,44.25242646806636],[9.856128846278203,44.2582006723499],[9.854583264184386,44.264622373281405],[9.854255451129191,44.26724469648245],[9.85425001111798,44.26732576200145],[9.854224346848042,44.267709109726475],[9.854430116631237,44.26805816152147],[9.852656940491675,44.270205117910066],[9.851527000161019,44.270861762399655],[9.849801502523617,44.27111319171975],[9.84410909635938,44.27183087436475],[9.836122240168239,44.27648989078348],[9.836112007275288,44.277480292609454],[9.835971586449805,44.27823756980529],[9.835329730854175,44.27887247403415],[9.828662901499323,44.2805415698961],[9.823165027486823,44.28164367423623],[9.821844011737829,44.28127506155454],[9.8147841397766,44.286214250643454],[9.814665588907081,44.28607104859982],[9.814554447837208,44.285936796622345],[9.814236588141895,44.28560594074531],[9.813716571704532,44.285105493624805],[9.813122534386824,44.28472293370529],[9.812960854638328,44.28466376418922],[9.812492438682998,44.284493002636886],[9.806400913546463,44.282760177491255],[9.78538008806073,44.29577428482612],[9.783804434805687,44.29681491446436],[9.782723620379107,44.2975480942096],[9.780618691919193,44.29864285267889],[9.777217396445291,44.30023255953007],[9.775671143623049,44.30073823233789],[9.774480308140477,44.300746312817175],[9.77300454180414,44.300748475961036],[9.769486524932114,44.302211531228096],[9.766838755543162,44.303821288381954],[9.764197231970662,44.30577619372382],[9.763876032582267,44.30950239538732],[9.761506763547166,44.31413087513239],[9.75973474579338,44.31673551652269],[9.759198317204724,44.31739055562501],[9.75904511277984,44.31757712628076],[9.759012927263779,44.31761161182875],[9.75898577333731,44.317640502788855],[9.75855350352561,44.31809854189684],[9.758314290220238,44.31835197618851],[9.753776673334935,44.32223075632552],[9.753288317155993,44.32259446004148],[9.753105861227253,44.32273034144459],[9.743317126974743,44.3267414876341],[9.74323813307888,44.32676977494146],[9.74259855396851,44.326998778698936],[9.742379417948413,44.32707694180453],[9.733456315659016,44.328431007071515],[9.729455177038464,44.328330588695316],[9.726995375544089,44.331272213746345],[9.725795400596626,44.334466870249436],[9.722961216958963,44.34064282047469],[9.718343724663754,44.35063813826358],[9.715253248610722,44.357318725035846],[9.7111492961982,44.363575249745956],[9.710363951425862,44.364012274031715],[9.70630125394109,44.36618914929451],[9.705409393401304,44.36612263747216],[9.701226446102543,44.36574326662086],[9.69044396706034,44.36520923988286],[9.68670044224306,44.36593956090598],[9.687455144747851,44.367123398597684],[9.688139174100245,44.36783050162118],[9.688860766289269,44.36837532331936],[9.689038220727362,44.36850930383038],[9.689242179072918,44.36864356797597],[9.689512525358122,44.36882153266886],[9.689874601044572,44.36905987801897],[9.689986852711096,44.369133769285156],[9.695439596135886,44.371801556147055],[9.707557000364625,44.37861984746241],[9.716899232093878,44.383174487705],[9.718286880437729,44.38321183292188],[9.718914408278101,44.38319872803596],[9.722840426930771,44.38264188965265],[9.72330042935568,44.3825666519772],[9.724443680433556,44.382379652164076],[9.725431432970263,44.38218432323183],[9.725564776310346,44.382102443961784],[9.725803648137129,44.38195576372738],[9.726305498837537,44.38164759535587],[9.726426595071755,44.38157323383797],[9.726616596288276,44.38145655962603],[9.72705505755202,44.38119750761515],[9.727725735226562,44.380801297464515],[9.728296757865552,44.38053619232108],[9.728846449627738,44.380280985865106],[9.729121698735378,44.38015319405784],[9.73075936651016,44.379638568065346],[9.731458738563283,44.37950000685209],[9.732073182545285,44.379378523134854],[9.732676601891743,44.379430328780124],[9.733329160374923,44.379487074344155],[9.74052400096916,44.38056598664231],[9.74417112981016,44.38227082376622],[9.744763782861416,44.389496199178886],[9.757396312008423,44.390207651244346],[9.76047515792352,44.390049897784124],[9.756729969050857,44.391659263581246],[9.755833660661915,44.39217630943548],[9.755309172236023,44.39247891742277],[9.755051425437275,44.39293977067918],[9.75361371755574,44.39694018544987],[9.753348727854092,44.39767747560418],[9.752812989685394,44.40047188124571],[9.752877474598648,44.40083155972796],[9.752882312546943,44.400858543613886],[9.755522911063586,44.404865344429524],[9.757382021269311,44.407157743133574],[9.758059607174697,44.40712173801181],[9.761320345982675,44.40776625690752],[9.762547263750838,44.408012397193716],[9.763057633776741,44.40811478199659],[9.772784771210414,44.41681472488724],[9.774731335762313,44.41869096277037],[9.776526620214472,44.420430499024704],[9.781162302857624,44.42494008718182],[9.78315215669695,44.42733919292633],[9.784327012794934,44.42876256953129],[9.78506485352051,44.42973627974422],[9.78532460282384,44.4300791153482],[9.785990584589303,44.43112704282732],[9.786092676604687,44.43128773987602],[9.786235863017257,44.43151328386776],[9.78727566961709,44.4331896372224],[9.789652345833202,44.43613513362647],[9.79007630983845,44.43654273746843],[9.790479801592458,44.43693065182975],[9.796778612764703,44.44199142493202],[9.797864288971972,44.44284786713627],[9.798239036789512,44.44314257658751],[9.799952079795666,44.44435496697148],[9.807129417845141,44.449093909170664],[9.81086585367603,44.45098342616568],[9.811250474504511,44.45099128932693],[9.814182087285213,44.45124951459158],[9.8146413243479,44.451341279538454],[9.81553065315506,44.4515189801408],[9.816535255643611,44.45196362740857],[9.816731670691325,44.452050560950546],[9.816812346390241,44.452428099665866],[9.816961505992465,44.45321026337757],[9.817166840193735,44.454415158771006],[9.81719675038514,44.45563031071803],[9.816930524627047,44.45665851563865],[9.816912934139998,44.456726450307634],[9.816862789747306,44.45692008398342],[9.81681197280575,44.45710949834216],[9.816690972118241,44.457560499299404],[9.816480424198888,44.45834523992301],[9.816305034769583,44.45891366242125],[9.816179752158709,44.459319685784244],[9.816040040783705,44.46026741650436],[9.815984511086867,44.460644473522734],[9.815849994060036,44.46178877887175],[9.816069946887877,44.462237341869134],[9.819670132942507,44.46610100745297],[9.82177019083441,44.4667594268589],[9.82555416445147,44.46764345939098],[9.82807369990292,44.46800816782886],[9.832474047939881,44.46862804099473],[9.834738592605682,44.46876440707891],[9.85514140725955,44.47060776037689],[9.866453911318574,44.47042044449514],[9.874612884106448,44.46954019197097],[9.885932360470118,44.46983133989131],[9.892644128325228,44.47022148299765],[9.893806252106025,44.47058158853066],[9.899960768671445,44.472698439166685],[9.901462119720572,44.47132719128229],[9.903345195132498,44.470394054455745],[9.90550574900563,44.469324915931075],[9.90880028318627,44.468028091379956],[9.909226790945596,44.4679617837425],[9.913583653910091,44.46932581340909],[9.918196727891926,44.470788769913256],[9.933099152693867,44.47111111097801],[9.949214302633584,44.46891470481781],[9.953651155843843,44.46844575171914],[9.959907867234799,44.46707880240878],[9.97013711895168,44.46459765348479],[9.970712552532666,44.464440015318246],[9.970819969382472,44.464218858136455],[9.971002717302543,44.463842560622474],[9.971051100656345,44.46372931509576],[9.971256802183696,44.463246684957014],[9.96958530137339,44.458165366429554],[9.97144925822916,44.452189748495464],[9.971752808759504,44.45173635073933],[9.971976639621797,44.4514020233327],[9.972198087769705,44.4512110425335],[9.972904411527995,44.450601891798726],[9.976036777032196,44.44820672085278],[9.977448935583674,44.44729509921785],[9.981068435228584,44.44512246910038],[9.987974118002285,44.445145318940675],[9.991128476223823,44.44550075588046],[9.993648497895032,44.445889788779546],[9.994169655180206,44.446214490290814],[9.99424784177633,44.446249819864384],[9.994916460811256,44.44655193625652],[9.995068831310137,44.44662078362796],[9.995692970443129,44.44684090309763],[9.996040376641588,44.44696342111089],[9.99617958104165,44.44692756072043],[9.996329738901554,44.44688887766524],[9.99665471477152,44.44667897569027],[9.996937286641637,44.44649646026539],[9.99957919306049,44.444447761736996],[10.001067552785521,44.44303929764998],[10.004317491302885,44.43733006056274],[10.004705484772122,44.4365073969385],[10.006431730247918,44.432395958025865],[10.00549874198427,44.428460879744065],[10.002461206484629,44.42285197346043],[9.996217981299901,44.415623373433206],[9.990999347961687,44.407361091778974],[9.989284712433154,44.40433116180693],[9.990247522258656,44.40410675259811],[9.990488123289293,44.40396961826703],[9.990857016374553,44.403759358567605],[9.994027551312216,44.4016881748451],[9.99583869034233,44.399826835907],[9.996192868489775,44.399238560367436],[9.996373516258851,44.39876782006581],[9.996563676607542,44.39827227641795],[10.002191983274235,44.394290468761405],[10.008398149983451,44.390102928399116],[10.010263561823367,44.389063713660946],[10.012815833536596,44.38801893039022],[10.016484441795303,44.38695053872732],[10.020073983290052,44.38492040080981],[10.030214484718847,44.38124516766072],[10.042236556859333,44.37425003446712],[10.04389113747832,44.373813667208935],[10.04570519459999,44.37343508822262],[10.050823698517487,44.373150442617565],[10.053178321835142,44.373033354488015],[10.056405870239391,44.37175124758123],[10.059456636351932,44.370001844052844],[10.062515038168547,44.36809436784085],[10.063562521854188,44.36657395114247],[10.066923168249811,44.36341533888105],[10.074817873313775,44.35865355486962],[10.078083759021622,44.356707462739],[10.078848785072173,44.35687675982704],[10.079881429955533,44.35705606732193],[10.08073527608315,44.357129020808635],[10.086180552105203,44.35493310154116],[10.090361766781212,44.353220321531644],[10.092025643324423,44.35238516257518],[10.092437252438113,44.35197832076786],[10.092678801959774,44.35173892109979],[10.092923655746336,44.35126918935218],[10.09316285386363,44.3508099500556],[10.093272370848702,44.35059970555708],[10.09329474055314,44.35056817928898],[10.094164983594887,44.34934855643536],[10.094949417405576,44.348377913938265],[10.095261525837993,44.34814101474414],[10.09577830136257,44.34774876313633],[10.096738143904508,44.34712131526401],[10.097092168131125,44.34688988652432],[10.09735860905556,44.34675527654639],[10.097980047503698,44.34644131328257],[10.098272904156172,44.34629335516703],[10.098985732145046,44.34616743478647],[10.099247895313765,44.34612192475095],[10.101672601301923,44.34843027541057],[10.101845015726747,44.34853352231573],[10.10188766166218,44.348559059100936],[10.102220097895483,44.348758120843456],[10.102416033623962,44.348840532206744],[10.102617575994438,44.3489253009874],[10.103015216931643,44.34909254659147],[10.103682353282961,44.34934912017564],[10.104065738487256,44.34949652689454],[10.104942708061351,44.349765783370486],[10.105060688213396,44.34980200582377],[10.11182109537128,44.35153693994097],[10.118317951668336,44.35292299541782],[10.128233845479844,44.35392638547548],[10.13190295979719,44.35419364158498],[10.132631487199928,44.35423481789431],[10.133258053485438,44.35427022481107],[10.142034839972023,44.35386772600725],[10.144533144391845,44.35328325253657],[10.159860099627956,44.34471218534453],[10.163385140641722,44.338437322285344],[10.165267464908835,44.33407875887383],[10.167905837294612,44.3299104848749],[10.168522641896853,44.32939101281535],[10.169291211533576,44.329014033521915],[10.171508536669739,44.32827107695341],[10.173507433258415,44.327622637049636],[10.184877393569538,44.3215430556104],[10.187669852631359,44.317030616897654],[10.193196606197661,44.315109446352146],[10.194552410134335,44.31580646841069],[10.195257016905533,44.315925137333636],[10.195464838138662,44.31582213542215],[10.197242527001588,44.314941032811134],[10.199203139802847,44.313930145263036],[10.201689930634853,44.312382523088786],[10.202291734744263,44.31176402494797],[10.20330277134332,44.310236373214565],[10.206879347729885,44.305146886940335],[10.212372634382712,44.30279857155015],[10.215540448095508,44.30413788163699],[10.21566579137382,44.30418123115126],[10.2162684234554,44.304389496642386],[10.216857260039893,44.30455145327283],[10.216927943621972,44.30457017721014],[10.216975276666844,44.30457784667619],[10.217556398284346,44.304667649229664],[10.217717601500677,44.30469255963578],[10.218143924962895,44.3046880125888],[10.220486186943377,44.30356758547571],[10.221166584364992,44.30320905349833],[10.221872636486301,44.30279638538379],[10.226263478474664,44.29996744533574],[10.22670473834822,44.29948555154534],[10.228554587608505,44.297458015716096],[10.229177170648573,44.296731088211246],[10.229810878389298,44.295787965753455],[10.230332862309567,44.29497207513919],[10.23087364280639,44.29391136463121],[10.230886675235665,44.29388574301862],[10.230895951183529,44.29385089150937],[10.231460854338879,44.292019197994605],[10.232254898142317,44.29034974799153],[10.233250051861704,44.28833246498241],[10.233743215217492,44.28733684773381],[10.236090214474673,44.282755958189746],[10.23703037774645,44.281647415242496],[10.238639917101988,44.28013548905755],[10.238815977802517,44.28000752753399],[10.239758628180175,44.279322392244296],[10.246210126185845,44.27490345398749],[10.250975012262172,44.27103408064012],[10.253856660736478,44.26858093254834],[10.258808871024268,44.26972966295415],[10.262465220216864,44.27061054807214],[10.266070394344387,44.27162324806299],[10.268304988378807,44.2724364667956],[10.269115639404886,44.27284159817441],[10.269673808355192,44.27323153013343],[10.269960652063354,44.27375050886896],[10.269921266276373,44.27402197090936],[10.272966682591093,44.27603079564169],[10.280768321533781,44.279544753720224],[10.284946108547851,44.28119938676844],[10.29639696094244,44.28517531851512],[10.30049654472472,44.2852969913461],[10.307116001453693,44.284323905040345],[10.308027055766964,44.28411363795108],[10.30810103348901,44.28409656369115],[10.30855445026616,44.28373124440096],[10.308962507996588,44.28340246504635],[10.310684777474368,44.28195125375278],[10.311142694299653,44.281544328082205],[10.311495476350263,44.28123070855982],[10.31296926493468,44.27988134750498],[10.313527171619866,44.279365005119296],[10.313718520213946,44.27918778861538],[10.314140212012669,44.278757621035425],[10.322371878761961,44.27573923331501],[10.337135125484401,44.27150733711684],[10.35063527667157,44.26967394861103],[10.360587926154745,44.271518455721676],[10.369550297320304,44.26952375291253],[10.377049988231486,44.267083955424546],[10.38858197282969,44.25907255880422],[10.401304871450973,44.251270868118326],[10.407397256031848,44.24930836248029],[10.410286898497246,44.24330778099318],[10.41362368076156,44.23772600504997],[10.414030082259496,44.235843253371826],[10.41460423250653,44.235362060531244],[10.416099327264893,44.23450768271998],[10.419956116900137,44.23242511823446],[10.430782667676324,44.22664512592144],[10.432129655662248,44.2264301800329],[10.43330468885378,44.22635241875567],[10.43420438478056,44.2262961039133],[10.435054629318415,44.22624941270278],[10.43554323042081,44.22623666071866],[10.43571987530115,44.226232050036295],[10.438818729883362,44.22610308723281],[10.439443269940515,44.22627396029219],[10.44023101258788,44.226490362295195],[10.441476090655339,44.22723090034819],[10.442319549553353,44.22793149623534],[10.442589562029324,44.22820762866974],[10.452021113643923,44.22945162506905],[10.460040559257479,44.22960597382427],[10.466402780138202,44.2296684924493],[10.47012968806253,44.22605542228657],[10.475045650237485,44.22378631329141],[10.482806489885315,44.22322678147328],[10.483170507448405,44.223174792389294],[10.483779765775974,44.22308760327559],[10.483846575726531,44.22306685742418],[10.484611671974294,44.22282510190494],[10.487506014085742,44.22133289655402],[10.488393325856292,44.22086724248729],[10.48852827576504,44.22075744329566],[10.488739118942183,44.22058589297423],[10.48879815316807,44.22053785912614],[10.491787392108938,44.217558166394376],[10.490948304160185,44.21396465349702],[10.486739197901516,44.2068553772982],[10.486892465366465,44.202520658821676],[10.489243058447169,44.198456673259074],[10.493352847848536,44.19518892132528],[10.50525953811156,44.18857741853253],[10.510014481458882,44.18691390783749],[10.511121082300543,44.18583484506226],[10.513526004102658,44.18349847476915],[10.52217130232591,44.175721960584745],[10.522938734123727,44.174838429765494],[10.519702580614096,44.16719291904264],[10.52493093005767,44.15700374630545],[10.527231113524364,44.1560817072736],[10.542604108839248,44.149898493404706],[10.552601886264693,44.145007952318565],[10.568806880190474,44.136548676249255],[10.57577116747735,44.13188822194445],[10.581383506375406,44.12676997528443],[10.583487889762162,44.12026649855948],[10.584078923980035,44.119546879537474],[10.584728598845919,44.11907018230383],[10.584915405729761,44.11895789880791],[10.585481992792174,44.11861826532072],[10.585528190611408,44.11859061800943],[10.58641688183384,44.11816382177006],[10.589554701021406,44.11681507516228],[10.590271529156025,44.11651697175546],[10.591655950377435,44.115948502078346],[10.59184249753034,44.11587696117659],[10.59197191390471,44.115827333299215],[10.59253419459671,44.11561214284044],[10.592945114225987,44.11547000776709],[10.593103756892818,44.11541513357501],[10.599803426731162,44.11491559104632],[10.601050678860672,44.114825861240185],[10.603781190037077,44.11468050413982],[10.604238463548494,44.11468349360006],[10.605093567816663,44.1146890797373],[10.605396397413864,44.11493582613864],[10.605528050027553,44.11504309637746],[10.609846755250869,44.11861056977896],[10.624055891542973,44.12036613364534],[10.62524444937509,44.127062517522184],[10.622310192150536,44.13829060242899],[10.622564351306668,44.141177052561446],[10.62773418910144,44.143232688805234],[10.633156900210185,44.14619365350029],[10.634332582141198,44.14809016320752],[10.634795229644562,44.15038372409948],[10.635652195390444,44.15332460852391],[10.6361103379507,44.15406530012022],[10.640993598748471,44.15951994435189],[10.64255479646018,44.15988312619865],[10.643980907498497,44.1600913541236],[10.644172635933112,44.15998341772017],[10.644584041057849,44.15975053071483],[10.64472493752479,44.15964496118238],[10.644782357648703,44.159601937460685],[10.64490256607487,44.15951186653982],[10.645284883441434,44.158867173495494],[10.645382088559705,44.1586818632585],[10.661620110696376,44.15401563939102],[10.67166373647463,44.1542191307814],[10.672503206294744,44.154627486757526],[10.672782726210679,44.15470107232856],[10.672908143742847,44.154734088343076],[10.673410400533585,44.154866285574435],[10.67792106343097,44.156011009586926],[10.689221596550206,44.15719050147381],[10.696589807042992,44.156352145793605],[10.700591608969285,44.15510416554112],[10.707864473073037,44.1549504713257],[10.708730779290544,44.15496051038056],[10.708938187405419,44.154962914345084],[10.709681647023803,44.15509678761956],[10.709909042945785,44.155137768868975],[10.710084214096304,44.15516934368688],[10.710723769381351,44.15566393891636],[10.712396364709534,44.157212914518155],[10.713053703202428,44.156664365956715],[10.713791466402888,44.156230154857646],[10.71496826706689,44.155843359830236],[10.717248449580923,44.15555701126388],[10.722633566297288,44.15592401973672],[10.73590686286903,44.15642732446815],[10.741611896805939,44.1563994364019],[10.751924521727023,44.15467033072571],[10.75415945805076,44.154170908604904],[10.754260013953166,44.15414837059621],[10.756147016906414,44.153318364315595],[10.756791366927342,44.15302445248704],[10.757137942630866,44.15286616028013],[10.757678499688419,44.152619255685686],[10.758966845428011,44.15177086121744],[10.759781197917484,44.15101120977225],[10.760010758441075,44.150757494071705],[10.76050787370211,44.15020786848757],[10.764170812283014,44.14514563162289],[10.767368599408579,44.140009959372904],[10.773259236534747,44.13466038436828],[10.774369677413054,44.13406020229959],[10.774422330647772,44.13403176977559],[10.774477321135548,44.134002115197354],[10.779336464304032,44.131387853759215],[10.779801080919137,44.13116777146225],[10.780034126178961,44.13105738004835],[10.780790777130624,44.13069895571282],[10.780854769776816,44.130672155742865],[10.78230914450894,44.13006306210377],[10.78371590293936,44.129529344221574],[10.784620544965106,44.12919863743518],[10.784690483668115,44.12918406233246],[10.78518171328686,44.12908169437625],[10.788968051512887,44.12829315456575],[10.790298916146657,44.12807429651617],[10.79130765609086,44.12795055417474],[10.792430721162358,44.12788792197508],[10.794260470727592,44.12784118020636],[10.798093848017292,44.12627279410696],[10.801396734646989,44.1229932138463],[10.803159048466128,44.119310144871186],[10.803349447796709,44.11907306058764],[10.8041105111552,44.118619887238616],[10.805197979287763,44.118215570138844],[10.80620099521848,44.117911612340876],[10.813114766538217,44.116132009873645],[10.814762165206737,44.11618506156943],[10.814798982618855,44.116109213568805],[10.81503691726906,44.11562143330363],[10.815995467886905,44.11487463625022],[10.819149806281972,44.11245072682146],[10.821377761882577,44.11299778007461],[10.829172262478627,44.116665732970546],[10.83424250660385,44.11433754439639],[10.842804301753228,44.10962878571709],[10.84601767802112,44.10255018485635],[10.845979929839137,44.102465266439246],[10.846098849845779,44.102098716714934],[10.846173722962005,44.10186793308283],[10.846300953999704,44.101645293594785],[10.846741656524944,44.100874105977134],[10.84821549624197,44.09861021466181],[10.849214631348804,44.09814259714273],[10.852810776366672,44.09836656411233],[10.853086231431028,44.0983848489464],[10.853899927151584,44.09843887154536],[10.855000330855644,44.09856235175947],[10.855496070449098,44.0986791688037],[10.855780707162584,44.098746263655656],[10.855886418051655,44.09877982407194],[10.856718733631435,44.09907228068446],[10.856796636398757,44.0990914325491],[10.857486517839867,44.09925808359973],[10.857533545011929,44.0992669935915],[10.858454173114948,44.09944049233586],[10.859571445608088,44.09961137267192],[10.864236041329077,44.10008613788899],[10.868642458648463,44.100155664228346],[10.875524784631539,44.09999873375757],[10.875947122650276,44.09995561993048],[10.876260099370075,44.099923633907814],[10.877052600108343,44.09969468465388],[10.8787072794055,44.09861952233308],[10.879780614264309,44.098263178315584],[10.880444268208795,44.09803987066072],[10.88059646475981,44.09798865829175],[10.881152723711606,44.09779961727667],[10.881385505510996,44.097718489562595],[10.88162143921505,44.097611662043775],[10.892349011382084,44.09200552808288],[10.901936064564019,44.086349422843135],[10.904053899558368,44.083968665924665],[10.90521534123648,44.0799345834308],[10.90414655569029,44.07749238798932],[10.899463292415739,44.067227906168426],[10.899181404108186,44.06657414586973],[10.899139510522117,44.06647682425839],[10.899209684011442,44.065935672982974],[10.899334055612226,44.06571758291521],[10.899365416916362,44.06566290690893],[10.899395095196757,44.06561132088381],[10.899517079650577,44.0653992907709],[10.900260767103688,44.064837728611586],[10.900863212931895,44.06448793579793],[10.901092928620745,44.06436868365432],[10.901710063334427,44.06406996301899],[10.901795632832542,44.06402890955033],[10.901831862182489,44.06401853326256],[10.90269874193681,44.063770631121194],[10.904729843393342,44.063250754623816],[10.910063406539177,44.0625404559293],[10.910897469252681,44.06246348156717],[10.912006063444156,44.06238190557903],[10.91230055628258,44.062369885117846],[10.91312828893379,44.06233610255014],[10.915235642255903,44.06225550191441],[10.916148460647767,44.062294482503866],[10.916904911714171,44.06247738974521],[10.91696239082637,44.06249130917383],[10.917012179381766,44.06250841965805],[10.917716630310512,44.06277848222959],[10.920880609777933,44.066343160831245],[10.92670745556618,44.074877171126914],[10.929006476166705,44.07614716630286],[10.932867780028085,44.07740973472065],[10.939081941545084,44.07940336578101],[10.941826862719118,44.08028591936793],[10.941916269069901,44.0803172339175],[10.942635476498205,44.080569284854725],[10.942960677411916,44.08069894958187],[10.943457768651172,44.08089729642347],[10.944143299704788,44.081227872346744],[10.944732538092424,44.08167699676251],[10.964278657203108,44.10195604617382],[10.969610850428746,44.111746708970934],[10.971373316063618,44.116269236098546],[10.982250366495652,44.124255664931994],[10.985051231067605,44.12540508348971],[10.993466112849926,44.12921927631176],[10.993650146130898,44.12932864339269],[10.994040081866816,44.12956037255905],[10.99454182452841,44.12998375283236],[10.994817169468012,44.130366051147234],[10.994906072015926,44.13063952220407],[10.994955431230352,44.13079539544769],[10.99496025578416,44.13090347476155],[10.994968561531696,44.13115000729736],[10.994975111745195,44.13134462874194],[10.994875409070568,44.131724500882136],[10.994630023678049,44.1322329513723],[10.994466159831628,44.132459331227],[10.994429516900249,44.13250974225823],[10.994264659443129,44.1327353549959],[10.994211524060988,44.13280726082225],[10.99355902241167,44.13346705827238],[10.993181613336494,44.1337851099477],[10.99306106785054,44.1338857331969],[10.992871488281734,44.13404296535333],[10.996163119616908,44.13617651488724],[11.006391387009621,44.138833232618275],[11.006952946567477,44.13854579635464],[11.012381195763897,44.13816931703235],[11.01430919893906,44.1374874349853],[11.014424335942849,44.13728051025463],[11.01454462719102,44.13706030041043],[11.015145036507056,44.13254035321601],[11.015183100683824,44.12929848163431],[11.015012354012788,44.12618522763692],[11.014979693368518,44.1258032284065],[11.01492934422946,44.12521435483017],[11.01485856100421,44.124905063999755],[11.014755889833973,44.12445662234639],[11.01473838906372,44.124380345932586],[11.014537999680874,44.12399673452685],[11.01420270579594,44.12369655560891],[11.0140062395769,44.12356944630025],[11.013732217824963,44.123392159473575],[11.013525393344175,44.1232583472791],[11.013170348359585,44.12313404317621],[11.012766462448555,44.12299263752502],[11.011945393674162,44.122737008870665],[11.009382060156765,44.12196292792527],[11.008678538782934,44.12178282794209],[11.008296840470434,44.12168511173707],[11.007422990163533,44.12161390222961],[11.007295189851128,44.121603487501176],[11.006167439977743,44.121515270938964],[11.002110623795222,44.112351704096184],[11.011460024078445,44.1043794375796],[11.012695242970235,44.10359242054696],[11.013623190507133,44.1033238247906],[11.014481730975373,44.103218801668504],[11.023992680858159,44.09745057442705],[11.027674641491489,44.09611772873589],[11.028337899125823,44.09593304841242],[11.0291073343004,44.09581157881059],[11.029690024943722,44.095794941069165],[11.029976020757694,44.095787023629114],[11.030030744160971,44.09578696022313],[11.03148120066379,44.09582333251758],[11.032199004581118,44.0960075340399],[11.0363628743831,44.096420427180156],[11.040922487422273,44.09634502311669],[11.047130732449851,44.094949401934564],[11.048624455312195,44.093232137154494],[11.049427124629327,44.0902460680692],[11.050038933698078,44.09053969437038],[11.05063256221714,44.09076682586132],[11.050937792880465,44.09088359793044],[11.05141270453173,44.09103812103313],[11.051619938782851,44.09110550269153],[11.051987027336308,44.0911773512249],[11.05246258501813,44.09127042608189],[11.054281785368627,44.091498805200146],[11.06762488152044,44.091846128690165],[11.076696622119716,44.09163358445689],[11.082545007543988,44.08985215778162],[11.088796481752969,44.09001687593694],[11.09044950072995,44.090684918746796],[11.091789178913348,44.09206037413656],[11.092907479766273,44.09366047073465],[11.093220835446381,44.09445749992834],[11.095846263371936,44.095601671009454],[11.10898323722266,44.1005284875867],[11.114230860122161,44.10268734950006],[11.12398854574929,44.10693332947369],[11.124610710688989,44.107209853718764],[11.125412519936198,44.10761807556808],[11.12551357009945,44.107693751433466],[11.125658879935493,44.107802573109666],[11.126362680426627,44.10832963707771],[11.127043532276796,44.10884814166268],[11.127092768064234,44.10891472919436],[11.12745065093979,44.10939874330452],[11.127598326803463,44.10961863958272],[11.127642599320799,44.109684563974966],[11.130073908305114,44.108964135963525],[11.132554815167088,44.108459090581746],[11.138806646668783,44.10782050003633],[11.139417440317782,44.10780626149521],[11.139861813802867,44.10797768760549],[11.140162610956244,44.10827890007721],[11.140304594815623,44.10851289453971],[11.144680129269943,44.110501718794694],[11.154855738833971,44.11181087818379],[11.163875139211969,44.11071060818263],[11.16687002747113,44.10870326814577],[11.170292945628765,44.10756619377575],[11.170641315163921,44.10748202129001],[11.170899826074464,44.10741961409812],[11.172878560149233,44.10720191508583],[11.185824076295486,44.10586548246218],[11.194971167594968,44.103375802190776],[11.202419324702387,44.100737719843366],[11.208171312542206,44.09921045586805],[11.219685770478188,44.10060948591881],[11.229452065590793,44.10204213751009],[11.235444350148754,44.1013131892114],[11.23882172744107,44.09971609234194],[11.2400308704204,44.098467627804254],[11.241233195595711,44.09765660298056],[11.241284008901271,44.09763760391288],[11.24159141127256,44.0975280286671],[11.242136961974468,44.097346262411854],[11.243892629350784,44.09710878249387],[11.244561624853018,44.09719965957662],[11.247330360834706,44.09777093657294],[11.248669138491497,44.098446729725424],[11.250071643070621,44.10001561634832],[11.251250905628172,44.102289880417146],[11.256885402146752,44.104411147788106],[11.263687992820769,44.104272014305636],[11.263489625614367,44.10563972657785],[11.262286679365674,44.1108195382688],[11.261994002449741,44.11173756792251],[11.26110211167136,44.11371187032156],[11.260087610273361,44.11581077404812],[11.25955056190967,44.11568401583929],[11.258495469174111,44.115435043349684],[11.258354350411292,44.11540798818826],[11.25752030211337,44.11524840931269],[11.25736525669403,44.11521899394548],[11.255161803347193,44.11505113702416],[11.25503175707699,44.11507135764269],[11.251889110896496,44.11571519652372],[11.248962923041457,44.116816102999486],[11.243722739719878,44.119411942569606],[11.243628753666165,44.11946346836292],[11.243327573557124,44.119628589203394],[11.242980360886062,44.11981921891902],[11.24151950863812,44.12132474911491],[11.229417564254565,44.12734285749961],[11.215277985381274,44.131913093661765],[11.198642631251086,44.141329927279806],[11.195865332850323,44.1430084380823],[11.193843230901306,44.14560980070085],[11.19360007685646,44.146660539872556],[11.193779066863375,44.14727230098889],[11.193883640208464,44.14762965397919],[11.195730680406495,44.151414650202916],[11.198588134311033,44.151699036598636],[11.20547354484541,44.15089017614988],[11.207356582461628,44.15033604020082],[11.208580157139066,44.15012064994023],[11.21401636680636,44.15014512095077],[11.214652276795523,44.15029149632252],[11.215160183991756,44.15040848862387],[11.216261964244126,44.15066446611333],[11.216395403675348,44.15069553317796],[11.216470345592292,44.150713036277665],[11.227446005534913,44.15381702816052],[11.23029230268165,44.15499149892969],[11.230592890498865,44.15523935873609],[11.2316762910784,44.15613366884957],[11.23326631449515,44.15744585093214],[11.233845043524699,44.15792342956415],[11.23410484455996,44.158083191679005],[11.234270701751816,44.15818518313509],[11.234394763737852,44.15826147282139],[11.234639635336679,44.15841205013542],[11.23929132354241,44.15891624604862],[11.257688897649182,44.15879233093172],[11.268472979492442,44.15867637682832],[11.278192696202767,44.155714777048956],[11.281216425047374,44.15629811922364],[11.29282342298217,44.16554098028946],[11.294928621640192,44.16647134244639],[11.295092514801052,44.166544919714966],[11.296936872417637,44.167380329496325],[11.296994206947014,44.16740636255096],[11.297277793395844,44.16753874930738],[11.298100174787642,44.16792450515592],[11.2980650133087,44.16816346344696],[11.298056162378504,44.168223504486456],[11.298039115998392,44.16833647358549],[11.297202874368342,44.17012479665611],[11.29663712614952,44.1708991032887],[11.29595749684716,44.17155149585828],[11.295882534555831,44.17187187930191],[11.295802798237045,44.17239565042782],[11.298700774884091,44.17257577311252],[11.299354392270688,44.17254386385525],[11.299949278361186,44.17251461758438],[11.301850994188554,44.17241153964387],[11.30372305135782,44.1723023319534],[11.304348228001375,44.17229569288465],[11.306819336663322,44.172277203430625],[11.30747577918671,44.172305310003686],[11.307532558940043,44.17230774123252],[11.308106650704962,44.172444587573125],[11.308681534178914,44.17258161937841],[11.30952985185789,44.17284354726032],[11.310671620969664,44.17325259268398],[11.311852313324655,44.173696848803075],[11.312637282862893,44.174257140926585],[11.313849824138131,44.17512265821412],[11.322888570802624,44.181733049485246],[11.323822649998036,44.18861933064213],[11.324242510066433,44.19293213814708],[11.326581351848128,44.19601875045612],[11.330179015014654,44.19845487691036],[11.34054009567054,44.203771813225984],[11.346107779641205,44.20500717632264],[11.362851505228525,44.204059502037325],[11.363548488561337,44.20396380968906],[11.3652208518044,44.203542288796896],[11.367420054149424,44.20283049279703],[11.367487643926724,44.20279938151761],[11.368102065614131,44.202516555905945],[11.368341684213055,44.20240625463494],[11.368716400336059,44.2022317067177],[11.369159473897918,44.20202522180106],[11.369525664951027,44.201853606626685],[11.37151788527866,44.20088184753245],[11.37178520105517,44.200738118193414],[11.372022660183507,44.20061044139802],[11.372402869088033,44.200427218917554],[11.37278349097956,44.200243867745606],[11.373709604207908,44.19993626145504],[11.375613352095028,44.19935701323582],[11.376106928594213,44.19928515581349],[11.376729006002549,44.199194588892134],[11.376770177834517,44.19918859473411],[11.377353997233609,44.19917643179587],[11.377782401667547,44.19916750532125],[11.37861086684016,44.19931133262902],[11.378891600854326,44.1993600687141],[11.379378267193797,44.19951684091522],[11.379856327008824,44.1996708392552],[11.380545126045057,44.20000076225834],[11.382203113561197,44.2010825405936],[11.383040208187666,44.20166826681516],[11.383775094986822,44.202202101231855],[11.38409836712203,44.20245987819325],[11.38451217462505,44.202789903727],[11.387062323309664,44.204888649767],[11.387388485566158,44.20522359321516],[11.387482614135088,44.205500711214114],[11.387586143990795,44.20580550657965],[11.387559705933338,44.2059492433731],[11.387494861488484,44.20630177768708],[11.387470562967572,44.20640125169072],[11.387724906688023,44.20982148568601],[11.38923547021077,44.21245783167448],[11.393627841066404,44.217134963355846],[11.406504650629383,44.22715837775875],[11.41761229771586,44.23493959586127],[11.420877407149439,44.23822112125055],[11.421067784847429,44.239246033777675],[11.426994699684393,44.234588660592],[11.437402590393368,44.229010399872266],[11.451411079843192,44.22063071059184],[11.454871706464983,44.2130508397172],[11.454917063295888,44.212933185505484],[11.454934435762434,44.2128880655656],[11.454957866748808,44.21282719975674],[11.454984993621219,44.212756476381884],[11.454989324145831,44.212668173403294],[11.455002077323035,44.21239557297661],[11.454891224148243,44.21184344508832],[11.454844211095788,44.21161002309888],[11.447949786433512,44.204930493387685],[11.448108132594609,44.19984042965033],[11.454623884363107,44.193748402308465],[11.463548434206094,44.19128068740129],[11.467723316739516,44.18580116206242],[11.482280015960376,44.18491503552319],[11.483395454347741,44.18458460632398],[11.483594304638347,44.18448027767186],[11.48643848910555,44.182809751921006],[11.487079482869854,44.1823561502008],[11.488230407747913,44.18147001617164],[11.48926326825922,44.180648423833034],[11.489442031532853,44.18041976155451],[11.489514911960386,44.180265956481136],[11.48954544719089,44.18015987846908],[11.487348013164354,44.17943345592124],[11.486445182538892,44.17922459111849],[11.485357537167005,44.179081156276844],[11.486215883237236,44.17564197310946],[11.499731128200356,44.16612346105528],[11.510416616070188,44.163976944485086],[11.516128169307544,44.15951848090218],[11.516369510513131,44.15750460234426],[11.522067187828972,44.155484990584405],[11.523968788284707,44.15630054715662],[11.524947078667022,44.157663038727065],[11.52955540210909,44.157949003797356],[11.538558311702277,44.153850909715196],[11.539331303833258,44.15353338792452],[11.539369322229227,44.153517771113336],[11.540232234996553,44.153228490522686],[11.540567343619658,44.15314547548136],[11.541370555180134,44.152946573282826],[11.542300930065402,44.15277280796958],[11.544415760751857,44.15252763278837],[11.544818944330869,44.15260863335991],[11.551922931543874,44.15845599582513],[11.552054413258258,44.15859860720457],[11.552670658971845,44.15926701442613],[11.553475994605343,44.160636809700435],[11.553506259403777,44.16068829337559],[11.553532072760284,44.160944369435164],[11.553644496389303,44.1620596289846],[11.553045119437492,44.16357062731323],[11.552637978055426,44.16464412801159],[11.552538011604767,44.16501791053722],[11.552452080300611,44.165339213228684],[11.552616780159498,44.16546629284733],[11.55297560903347,44.16574281839318],[11.564068455130228,44.167474521801054],[11.568479454029733,44.166729452130305],[11.570709113264648,44.16490094194912],[11.577513292418296,44.161360133481324],[11.592824547731592,44.1609680446458],[11.604152449811838,44.15844401992562],[11.610285848947578,44.16040731634447],[11.615364507077619,44.15825439604206],[11.615188244794075,44.15814404837453],[11.614839302756781,44.15792559202626],[11.614193048391098,44.156600971048206],[11.614160682887146,44.15507098399409],[11.614532652257331,44.154459045126636],[11.615929739273252,44.15243156566831],[11.617250724970722,44.14980158448376],[11.617760494907172,44.14623496588916],[11.617781238385504,44.14608564837582],[11.617832993643525,44.145713077624066],[11.617804721526458,44.14553416942297],[11.617744990601366,44.14515723438491],[11.617094187685321,44.143975104963225],[11.616854945503716,44.14360920305209],[11.616705604105553,44.14338080627508],[11.616652229002174,44.14330985985355],[11.616346345223048,44.14290327549115],[11.615916488775975,44.14250836288571],[11.614591738235513,44.14169358770473],[11.614291316342912,44.141644425594905],[11.613168840638032,44.14170613457795],[11.612319553639203,44.14171657138265],[11.611719651742227,44.14172129621875],[11.611342457021468,44.14171583924009],[11.610989481598823,44.14171069140989],[11.610845778096774,44.14164222304649],[11.61070558554011,44.14157542709752],[11.610356294625042,44.141408950326515],[11.605283598620375,44.13865430047458],[11.603612762843262,44.13721483411794],[11.60191553803208,44.132466424266646],[11.599715136189484,44.125150758454346],[11.591768948560304,44.12464720388778],[11.590580921204092,44.12450807576215],[11.590288497856585,44.12447372978639],[11.589632270868709,44.124382323106474],[11.588627199378264,44.12424231701396],[11.587832084733385,44.12369973487836],[11.584155507182114,44.11681542415912],[11.583993629065889,44.1164626309832],[11.583894283507158,44.1162460264938],[11.5837577696687,44.11541955855598],[11.58378633578396,44.115248997847026],[11.58389832037343,44.11458036056618],[11.583925587556898,44.11441757000918],[11.584272103226272,44.11273759526512],[11.584574208203309,44.112205154969125],[11.585048223974368,44.11229389075441],[11.586466782128824,44.112559438765246],[11.59072766284862,44.11358096053485],[11.595761259109528,44.11592309259967],[11.598044382302104,44.11753604426323],[11.60082769491969,44.11860728714039],[11.611608837546983,44.119535482735785],[11.614095065140386,44.11923454309653],[11.621405827182091,44.1171463417324],[11.638746380964337,44.11152252979982],[11.643512470507087,44.10631633155584],[11.65257375820234,44.100857410280774],[11.666386080669442,44.10998461761046],[11.673196440924155,44.113444899669794],[11.67665160622182,44.11864688544042],[11.678303207530933,44.12134449125742],[11.681737638833672,44.12269631679523],[11.687350644615332,44.122450708047865],[11.696466567957112,44.12149311344393],[11.69667944195844,44.12146783216958],[11.69730097298744,44.12139401480645],[11.697412844293774,44.12138072736844],[11.700549919164219,44.12064934562143],[11.710704786805527,44.12183887728084],[11.715893788492476,44.12254661158948],[11.716265312482374,44.12208146569127],[11.716666616037735,44.12178368502142],[11.717037809239221,44.12160580119825],[11.717397762554144,44.121433485571245],[11.717914343698128,44.12121821306209],[11.718119521412827,44.121132709909276],[11.718222575927486,44.12108980215877],[11.718268531117292,44.1210707757859],[11.718798897253556,44.12088327928932],[11.719006363155327,44.12080999743081],[11.719144856114909,44.12079899499938],[11.720301395673316,44.120707114246045],[11.721649464155682,44.1209096236832],[11.72216351298544,44.12098684106851],[11.723956509406989,44.121385207613265],[11.725536053815452,44.121761643035136],[11.728047456860873,44.122795927780786],[11.729490268825497,44.12349476034843],[11.731590015836465,44.12430881780749],[11.735289674176803,44.125131417625646],[11.74312874140562,44.12592063627732],[11.745004769762977,44.12596942267987],[11.747830899652698,44.12493628878684],[11.748965447762068,44.12399525551324],[11.752937176671084,44.12053625367707],[11.752565321331353,44.12036734910514],[11.752391474856664,44.120288212597295],[11.751791063561736,44.119665355394],[11.751561452311254,44.11942688993646],[11.751479832202753,44.11925832523884],[11.751076985120127,44.11842112171537],[11.75027678809336,44.11539705770679],[11.74961870544963,44.110434644705435],[11.74374900927779,44.10139370245889],[11.736581859922067,44.09143206987214],[11.733401797990785,44.08470722072543],[11.727382319385372,44.08092486623447],[11.712732523929946,44.06921926176786],[11.700695303734994,44.05555900292783],[11.696849541035526,44.04509834210429],[11.695828390755317,44.039099433400885],[11.68951667577022,44.03173980926477],[11.683820280062884,44.02468935982859],[11.681888778409146,44.02120405839899],[11.670933219725864,44.021569743789385],[11.662877422983446,44.020340587912635],[11.661967217356162,44.02010972547065],[11.660697043194327,44.0197067111442],[11.659695845404881,44.019188757580736],[11.65766082214017,44.0177277097409],[11.656937986292748,44.01641857095257],[11.65848783219206,44.01484297114838],[11.66032570842034,44.012666431109004],[11.660884891676158,44.01181611672849],[11.661045060129199,44.01152488836569],[11.66157705225618,44.010557558303155],[11.663854374717653,44.006198481217076],[11.66390575744738,44.00582163497814],[11.663922098006086,44.00570178913055],[11.663942709717077,44.00555061529848],[11.663526185253584,44.0050940791512],[11.661188658708847,44.00374360586897],[11.66057988504065,44.003612413595725],[11.65952909486736,44.00371013816066],[11.654584044059229,44.004688966892274],[11.650145118158267,44.002992246941425],[11.64852537245309,43.99468850541464],[11.646018482474025,43.99067122606946],[11.646191152566832,43.98832211070506],[11.65030417575282,43.979655567687225],[11.651247363528242,43.978157160517625],[11.653373432000622,43.975838987743394],[11.65399734982955,43.975257288384526],[11.65477872252999,43.9747868965233],[11.654930709912193,43.974695401530376],[11.655264723594511,43.974620972439766],[11.655652283264002,43.97453462734624],[11.656239204667843,43.97440388079814],[11.65683387163814,43.974396081355806],[11.657599443084184,43.97439000470274],[11.659024920288521,43.97449224056213],[11.660139654547997,43.974610453103516],[11.660253889621352,43.97462316915682],[11.671730298121577,43.966689885086396],[11.679004771192208,43.96204189532479],[11.681580407785034,43.96076626070192],[11.6816389115132,43.960737674566374],[11.681897969319769,43.96064009430298],[11.682717021829658,43.96033417751965],[11.683429424344697,43.960074726613094],[11.683831616368089,43.96004728832784],[11.684444823310216,43.96000547054846],[11.684998734761503,43.960024058888806],[11.686726742375356,43.9597244765834],[11.688693580112595,43.95904199335042],[11.690470015722607,43.95697995523731],[11.691262394729733,43.95595796219119],[11.69197849648876,43.95489438801734],[11.692048828953684,43.95474416434778],[11.692319469161554,43.9541660932003],[11.692544892082994,43.95363859897698],[11.692561937450707,43.95351448485886],[11.692599679132648,43.953239658768915],[11.68966478412125,43.95058237620027],[11.682381493391523,43.93826638327529],[11.682198669193054,43.93784964004019],[11.682903339092146,43.93663350769003],[11.683282178182687,43.936192458984465],[11.684205203289277,43.93512639379484],[11.684944499097364,43.934652059068725],[11.691595803169793,43.9308199669927],[11.700374095621573,43.92799456690158],[11.709746492218674,43.925141826751045],[11.717031647445062,43.92181760366623],[11.717607915020585,43.91997624759549],[11.715857638946275,43.91600246798693],[11.715132869565918,43.908285808262875],[11.715570335886342,43.90421513545572],[11.71547433978769,43.90320005506047],[11.714334851297671,43.89977881959499],[11.713936711164814,43.898663368523906],[11.713886022504019,43.898613484166546],[11.71340125987298,43.89813551709085],[11.712334987571802,43.89686439319101],[11.712298260995562,43.896820497669744],[11.711980503008789,43.89644063751785],[11.710814842172054,43.894370592222],[11.708727070352204,43.888176403072926],[11.708474366186865,43.88586407193353],[11.710136394148728,43.88079184274706],[11.710166734969004,43.877445943278914],[11.716108475985811,43.87675548801154],[11.717670732707635,43.87635875598859],[11.718504303545076,43.876077821152506],[11.720053389603382,43.87538369318507],[11.720390842015158,43.87522678336715],[11.72093092885543,43.87497564805089],[11.721684605580453,43.8745125509344],[11.721890386765342,43.87438366806705],[11.724165587249503,43.87168671852601],[11.725675294796172,43.86956001912727],[11.72728833107686,43.867828655149],[11.729538720968073,43.865622937168894],[11.731379783750992,43.863949808479816],[11.731576851964073,43.86377355289196],[11.731774206005246,43.86359704163266],[11.732021554276123,43.86338505387151],[11.73228966544413,43.86325634365892],[11.732476119811151,43.86316683343509],[11.732902745270323,43.8630572556159],[11.733017278439805,43.86302783774738],[11.744003841259655,43.86057647966924],[11.75867132330712,43.855344586034015],[11.765905807002095,43.853079671028226],[11.770914647771534,43.85189585865847],[11.784168361967314,43.847648062661904],[11.788468001277812,43.84508475593188],[11.793362116322783,43.838923767304095],[11.803771378422683,43.8319707291791],[11.807177268201078,43.82896085480927],[11.812105202612095,43.82538272224131],[11.817427533529393,43.81903928625565],[11.820910038302532,43.81603060697692],[11.824603431877966,43.81545795517122],[11.831941438283877,43.812874770462926],[11.835183356206347,43.81167631322286],[11.83621607905734,43.811254257998186],[11.836403028385098,43.81117785087012],[11.83682435768143,43.810968339259695],[11.837203453945321,43.81077982588347],[11.837431683059565,43.8106663330915],[11.837508356841441,43.8106282048103],[11.839730294716077,43.80942815968302],[11.841673810374619,43.80802399677731],[11.842100567427487,43.808014854774996],[11.846326520344299,43.808869191749594],[11.850504098967518,43.81104761819428],[11.852020481186997,43.81302989322705],[11.85327465141341,43.81431342368854],[11.853407423602532,43.814427545538834],[11.853764223966907,43.81473367839288],[11.85536604453369,43.815675056907324],[11.856060657552266,43.81590077691467],[11.86666075798409,43.81664304711264],[11.871153269225154,43.814883056382506],[11.877971570954953,43.81052490689562],[11.887025946786137,43.808684167470346],[11.897594733849456,43.808210516064904],[11.903534327808377,43.81056278249049],[11.910378086319703,43.81343989562988],[11.912183381419476,43.81159321998274],[11.913853515843133,43.80947876498296],[11.913900247594132,43.8094126532024],[11.914245136798533,43.80891988139288],[11.91431619095954,43.80867842588748],[11.914437145326856,43.808267295159915],[11.914442311342752,43.807647619082516],[11.914281257126099,43.80748823918359],[11.912762463171529,43.80419397470365],[11.912478225106135,43.80347378152305],[11.912367535209237,43.80249524797629],[11.912295526625023,43.8016867890274],[11.912286728827691,43.80158800745701],[11.912336490179854,43.80083048616727],[11.912473714876308,43.799783602708914],[11.91273312966888,43.799428579829545],[11.913098448944222,43.79892869670188],[11.916980522220744,43.796137629237556],[11.923987452332105,43.79403234913188],[11.933505095355827,43.79227191034407],[11.943925714855018,43.79078306661793],[11.943997344317188,43.79080236875034],[11.944505097109985,43.79093918785218],[11.945193979807335,43.791047467147315],[11.947062140244451,43.79087323917057],[11.947719339687492,43.79066917717073],[11.947821106012793,43.79063757743758],[11.948284669297454,43.79038147104506],[11.948324399479196,43.79033638297988],[11.948763195292026,43.78983840056718],[11.950719706164252,43.78757139230271],[11.951172356747202,43.786985093518744],[11.951332242341575,43.78177768474265],[11.951214234687779,43.78128547566056],[11.951113617892675,43.77899238669037],[11.951208623729249,43.77817627462035],[11.95122154805447,43.77808389318103],[11.951462645670915,43.77757201379106],[11.952655773945272,43.77657746574932],[11.953380467626546,43.776088692409445],[11.96311770800206,43.772165357251424],[11.97394985690994,43.768259124308976],[11.979784460424886,43.76540174587799],[11.98283663572055,43.76384409075914],[11.986510523157142,43.76192759247721],[11.988162389555278,43.7621668686428],[11.994732965255979,43.763529326325106],[11.999044738942889,43.76466109493396],[12.009565117510432,43.76465501187306],[12.021403453352915,43.76075978632278],[12.035737297473194,43.757218912411396],[12.044412746150265,43.75519726646978],[12.046325719651916,43.758466998288654],[12.052887459666746,43.75697655030181],[12.053844874718877,43.75657400266861],[12.06039680796726,43.753625554092864],[12.060780294304703,43.75342789923301],[12.06107856475266,43.753274163394444],[12.061136857963847,43.75322757506875],[12.061395116562306,43.75302078662095],[12.06149840004145,43.75276772056651],[12.061583563226213,43.75255804740341],[12.061627752436268,43.75231408969503],[12.061670379170435,43.75207875492807],[12.061528083783251,43.750749442763784],[12.061327858125422,43.74944541244131],[12.061674675693999,43.747846300333094],[12.064364667736534,43.743247320802496],[12.064590688837072,43.74290887988362],[12.06502903270663,43.7426703911234],[12.066589777517787,43.74194438999682],[12.067225440582186,43.74166606670639],[12.070317553231792,43.740811224204975],[12.071306706088796,43.74068677735891],[12.077060609425697,43.74065395075143],[12.081475303218202,43.74322664073004],[12.092004508617647,43.74754318367591],[12.101864864770254,43.75145251076511],[12.107443242772554,43.75377371937857],[12.108553628256448,43.753062957439596],[12.11037837588828,43.75256310548264],[12.122792213913819,43.749334234049435],[12.123577437369459,43.74915048372766],[12.124203301797314,43.74918309280524],[12.124725447191011,43.74922282418651],[12.12520869088493,43.74929062782962],[12.126007518783169,43.749426317397514],[12.139802694818751,43.75245072980985],[12.148183893101676,43.755537939836685],[12.152521374099639,43.758717942360256],[12.160047018822546,43.761688042269476],[12.164805718141755,43.76108808180288],[12.169489809287098,43.75443532500542],[12.170871843299718,43.75217766068998],[12.170957017981015,43.752031239123305],[12.171076786933767,43.751825345272],[12.171172100512242,43.751660639887184],[12.171527168038645,43.750741453162675],[12.171708779625707,43.74975955174576],[12.176928967929141,43.7452118578759],[12.192609199791194,43.73356549207236],[12.194632657386748,43.731924322771306],[12.195995183673643,43.73297108643725],[12.198387169866432,43.736860226934255],[12.199887231386707,43.7417117309076],[12.197665261072732,43.74481139287017],[12.204418659954058,43.74818506765181],[12.209292502823955,43.75505645233998],[12.21751629320576,43.75787723496796],[12.228089328324812,43.759596636283334],[12.22816915047074,43.75959430651573],[12.228554262319117,43.759583063491554],[12.228619678488133,43.759578860241895],[12.228788809661237,43.759567677065014],[12.228992285579217,43.75955422227028],[12.230998822322551,43.75898540037757],[12.231846739549185,43.75868547602379],[12.232228114998435,43.7585505730031],[12.232456116544567,43.75846826037562],[12.23263245838977,43.75840459715342],[12.2326931278922,43.75838269321043],[12.233020497344132,43.7582550435924],[12.233064683133751,43.75823604518968],[12.233362012584944,43.7581082026427],[12.235755310816984,43.75703770042128],[12.238517230835827,43.75569569385511],[12.23957446091919,43.75513034781581],[12.2412597128906,43.754225597629016],[12.241326416726395,43.75390862329933],[12.241343520588908,43.7536560177128],[12.241351457599542,43.75353878244781],[12.241281544627297,43.7532249049951],[12.241172021684877,43.75283262433958],[12.241162437105594,43.75254029320964],[12.241276366795105,43.75185729668749],[12.241393642674007,43.75141733354824],[12.241948998605661,43.751207997642815],[12.243629707676957,43.751052223511174],[12.244111888481905,43.75101151439767],[12.245910273893271,43.75119448324273],[12.248246110568367,43.751497182611274],[12.24832079256066,43.75150810813397],[12.248581002276378,43.75154617484879],[12.253098767783412,43.752632970993744],[12.25369055732858,43.752809676194964],[12.254205973416894,43.7530380730242],[12.254530614040428,43.75322779605358],[12.25461722387103,43.753278411300435],[12.25466133697857,43.753304191489654],[12.254798544169423,43.7534345060737],[12.2550754787218,43.7536975279766],[12.25520940527208,43.7539052843246],[12.254386222476622,43.75450045388741],[12.258026786609523,43.76042742546586],[12.270859250918221,43.76271773711778],[12.277019937407795,43.764589292433826],[12.277678044682267,43.76477297198553],[12.277926663560232,43.76484236080853],[12.281428400020856,43.76498485337307],[12.283780955023417,43.76491721240244],[12.286622987245757,43.7627512019485],[12.301364060689941,43.756014677228336],[12.30739774421429,43.756411744034175],[12.319094100994375,43.75464980623382],[12.32707417098214,43.75100981677612],[12.327350580496685,43.75072728276159],[12.328614639824039,43.74934436353773],[12.32898872489694,43.748883309472696],[12.329985574310372,43.747643669994275],[12.33065095670463,43.74658404033074],[12.334574723109766,43.73992419467235],[12.337700353482752,43.736911749229066],[12.338771381544985,43.73623178895289],[12.340413635910657,43.7352564244761],[12.345547051569586,43.73123024923465],[12.347605683246647,43.729558665283534],[12.360401133029429,43.72005325039156],[12.360724592234623,43.71994535654796],[12.361037682266392,43.71984091997667],[12.361586630926464,43.71964019284299],[12.36309012906562,43.718835146252566],[12.363927860358347,43.71830628757251],[12.364465204000846,43.71789881476185],[12.367377352818291,43.71565219733094],[12.370040256306691,43.713006088771756],[12.370094067469648,43.71294917364114],[12.370632393796573,43.7122204716121],[12.371033680424823,43.71165845521521],[12.371106427190053,43.71137818338639],[12.371354486805435,43.70941266699546],[12.371320155287941,43.70902204197614],[12.37042647712016,43.70769344834638],[12.370102060175318,43.707275373785336],[12.369479950756848,43.70655547453059],[12.368579121284792,43.7059833450618],[12.368006952929898,43.70573913314146],[12.358236779451827,43.70232661764742],[12.357324790356024,43.70202482551905],[12.357241080812958,43.70203991495287],[12.356907054408518,43.702100127563035],[12.356699424461828,43.702196430301804],[12.3564017997714,43.702358068010106],[12.353639572985495,43.704215987819396],[12.348789465658776,43.70733975999513],[12.345696658609667,43.70898800844047],[12.341772593034378,43.708697790039004],[12.334838134506239,43.70716742941079],[12.33448545778221,43.70718667095226],[12.333163383625562,43.70757195859414],[12.332138532290994,43.70797100494485],[12.331786526937563,43.70808931664167],[12.331433221949485,43.708180655363776],[12.331076182182171,43.708231580036134],[12.330488986095729,43.7079651167976],[12.330309371029816,43.707607941017464],[12.330116779814407,43.70704414198259],[12.329359156241994,43.701965922062044],[12.329355485285168,43.7016059034066],[12.329353558082047,43.70141688986856],[12.329356815911408,43.70115570521056],[12.329362433492339,43.70070538108504],[12.329364961873356,43.700502731785896],[12.329704580132253,43.69859765128573],[12.329737292010456,43.69848437779358],[12.329885503012017,43.697971154001834],[12.330089281815113,43.69731391882535],[12.330101414096351,43.6972761356334],[12.330572954955015,43.69615717752818],[12.331344158320878,43.69490352496872],[12.336244269595047,43.67813153289437],[12.33619059668123,43.67799801564328],[12.336046838896566,43.67764171120909],[12.335827429063501,43.67725235986977],[12.332619496050112,43.67431637965774],[12.332261621596707,43.674061232270695],[12.332219157188653,43.674030957267185],[12.332106082957049,43.67396311929076],[12.331847075301727,43.673807731149715],[12.331469351411826,43.67366576840055],[12.331169255625927,43.673552980124434],[12.330832517546483,43.67362125406517],[12.330786387765842,43.673654179717865],[12.330545678834987,43.673827755118516],[12.318875169649173,43.677228616794046],[12.31571892099292,43.67791910073668],[12.316870291247854,43.679564763760325],[12.320404230586812,43.687852866433005],[12.318702658281019,43.69590632326076],[12.314015157195941,43.700818751715175],[12.314709673805757,43.7021985903164],[12.314768745605715,43.708134491735215],[12.31395155861429,43.71961028314701],[12.313688074867054,43.72092578069239],[12.310809543832578,43.725156466584586],[12.308318914177823,43.73017681968407],[12.306158400165584,43.72884841345231],[12.305606373161256,43.72849076463638],[12.304816310506974,43.727923927819276],[12.30412652387689,43.7270930908161],[12.303842597896866,43.72672767438083],[12.303544432326733,43.726272637499505],[12.303269825548076,43.72579441095421],[12.303103531312209,43.72547960884232],[12.302793264951788,43.72480434180351],[12.301519312654772,43.721646127369475],[12.301132888537376,43.720206008719856],[12.301104788713397,43.719467840846875],[12.301512275548001,43.71736873758862],[12.30156663451402,43.71728501178212],[12.301833029776295,43.71701749187672],[12.301906186648262,43.71696080112198],[12.302010054685104,43.71688067615778],[12.302262414269197,43.716702536903966],[12.302410655764804,43.716663014108946],[12.302616750199286,43.71662342299795],[12.302690281331621,43.716613451502305],[12.302726063361574,43.716620614842945],[12.302772719738666,43.7166299557186],[12.302963088470715,43.716607645091536],[12.303194545838307,43.71649966232878],[12.303378288927812,43.716398687527345],[12.304193199161078,43.715449905094296],[12.304230268586615,43.71539044609904],[12.304356028377162,43.71518872467517],[12.304615308278697,43.71474006383576],[12.304772240246768,43.71443391377699],[12.305096923851076,43.713681751733276],[12.305264324749569,43.71300277210039],[12.3052251808755,43.710540421408],[12.30443626520922,43.70482821181603],[12.30331303280562,43.70048065036325],[12.305766701328102,43.69793827367576],[12.30262073338239,43.69521546334542],[12.298630810211714,43.69012268666047],[12.295589819201872,43.68666526751915],[12.293353927892822,43.68461475662193],[12.285283536574823,43.68041487210709],[12.280023015869222,43.67790114526012],[12.27435380912045,43.67663688894347],[12.271551455123205,43.6765506099755],[12.262817227622824,43.679726582677205],[12.26222298719335,43.67997764602247],[12.261383167881936,43.68050588543504],[12.245070548961223,43.68147627235142],[12.248182071400047,43.67748794640682],[12.248462426367556,43.67716479036321],[12.250295867026127,43.67501162700723],[12.250422354687654,43.674862109423415],[12.25084117057772,43.67412601495157],[12.250865039030748,43.67406633925058],[12.25100519538516,43.67371573032276],[12.25109566027492,43.67332648194894],[12.251136694224318,43.67293817271051],[12.251115128330042,43.67279930157076],[12.251079622000463,43.67257066426846],[12.250931971151154,43.672133707849255],[12.250790152634039,43.67180462437574],[12.250634695192836,43.671449388019155],[12.249481557809409,43.66893381407366],[12.249335646919478,43.66871490828111],[12.249157641248729,43.6684478508926],[12.24877718289355,43.66795006152841],[12.248412663291077,43.66757329149441],[12.248236019668713,43.6674027520662],[12.233343891664248,43.65649538079958],[12.231242355250675,43.65513874634769],[12.226776647144856,43.65277373812698],[12.221723001675247,43.65108355174285],[12.22014035922848,43.650705037092855],[12.219843539033272,43.650677311228094],[12.218881744632581,43.65058746589428],[12.212923099645385,43.65022407845415],[12.208290045878456,43.65088741032721],[12.197601069308151,43.647953151503906],[12.188050183469423,43.64272816190493],[12.185508575456431,43.64182823694129],[12.185453631465167,43.64110356415411],[12.185969851813784,43.63937853044539],[12.187240149302868,43.63633717026027],[12.188303836749608,43.634757703856614],[12.18966730500061,43.63288294756282],[12.189943415338895,43.632713174829995],[12.199343274991708,43.62811788338374],[12.203927297074848,43.62621743619568],[12.209575802654891,43.62126904526821],[12.212458528707645,43.61420139319171],[12.213832684495852,43.61088614381951],[12.212726248320042,43.610228886205356],[12.20396606092012,43.606427900060865],[12.199807964481156,43.60324796295781],[12.196268539495454,43.59929267567575],[12.19677172473678,43.595006199424034],[12.189793160259777,43.58661475611707],[12.180616382592671,43.57799883940189],[12.175791101108935,43.57254745262402],[12.172750718579563,43.569569806225104],[12.168011515359849,43.56513342610861],[12.164022642398379,43.56252616116811],[12.16266220141282,43.5613666660541],[12.158690129507544,43.54979629334492],[12.15853536488045,43.54679266876037],[12.156446206287395,43.53860401643163],[12.154093907148473,43.534627082272586],[12.153363504689437,43.52904508692492],[12.15323667941088,43.5287054407653],[12.149509024727761,43.529737047704465],[12.149442633125766,43.529767796814525],[12.14823711207382,43.530330541168425],[12.147233402182986,43.53081391571183],[12.144743546702854,43.53252215235822],[12.14381449701589,43.53328682948446],[12.143465916549701,43.53366516226447],[12.143101129900463,43.53406658473027],[12.118860016476232,43.531169770407885],[12.107060087269206,43.52982102739628],[12.1027280475681,43.52993264432839],[12.095345906373415,43.52179781263637],[12.092197863199658,43.51460212791188],[12.091454890220426,43.51289007799812],[12.091308882489214,43.512532372485865],[12.091110751523615,43.51202969065626],[12.090892289079704,43.5112299378139],[12.0909117976251,43.508691102045056],[12.09095314451296,43.508432728168145],[12.090986447523198,43.50822462108969],[12.091027538562082,43.50802261657365],[12.091038555422818,43.50798219756039],[12.091060589193203,43.50790276588971],[12.09113533870532,43.50768194328577],[12.091176333331564,43.50338554455422],[12.091183697064142,43.50330051970832],[12.091207799567252,43.503023700171234],[12.091212843162442,43.50296578310757],[12.091878846734826,43.501786325067144],[12.091994204579338,43.501651888774035],[12.092014387518542,43.50162836798462],[12.09210420180787,43.501523782040024],[12.09239195222516,43.50119099336537],[12.09249953566006,43.5010668033312],[12.092914602418732,43.50072319978184],[12.093110415019304,43.50058278352691],[12.09417498775632,43.499820068346736],[12.09509482425908,43.49916490986592],[12.095710338470482,43.49885026221163],[12.095922543436568,43.4987417828376],[12.096715513180358,43.4985233270787],[12.097499379792946,43.498307372558564],[12.099465427029056,43.498055992223975],[12.099782926985917,43.49804389260474],[12.10101731402157,43.497996844623586],[12.10110712381392,43.49799342154675],[12.104682017260172,43.497040999349174],[12.108347334245584,43.49570826969872],[12.115833852630688,43.49239766287317],[12.128850502211627,43.48613333336218],[12.141183939760401,43.48185786575335],[12.144306657578023,43.479841826203504],[12.144825776964026,43.479574035121416],[12.144867284150127,43.47927075776921],[12.144940976957624,43.47868462588423],[12.144951195861704,43.47859770201208],[12.145001031022217,43.47817379196491],[12.144928676837498,43.47743015984934],[12.144189074611926,43.47341912923468],[12.143244515841328,43.47029294184471],[12.141254182571435,43.468968775569856],[12.13821329136645,43.468448278723514],[12.134990663850767,43.469171480206676],[12.124350162745962,43.467318862694825],[12.109485257253763,43.462556601095166],[12.108439958357751,43.46217968710231],[12.10455231164047,43.46058823248858],[12.103765125632851,43.460050926798274],[12.10284915247079,43.459040878729844],[12.10168995861983,43.45772177729465],[12.09949580437747,43.45436002151223],[12.09945525673666,43.45418105227799],[12.099371222248902,43.453809675416906],[12.099423092046218,43.45328156736432],[12.099593576543299,43.45237659231348],[12.100022599073192,43.45143869535876],[12.096577378047577,43.445648559985436],[12.087655332547897,43.438155254092756],[12.087527211581124,43.4380534475975],[12.082273937146278,43.43457402601635],[12.081967408565875,43.43439680359739],[12.081360097707675,43.434045705504474],[12.08106522114308,43.43399036608517],[12.080441228992242,43.43387326205239],[12.080287761254503,43.43384446538628],[12.077616560245014,43.43375624157012],[12.076968915089942,43.43384714555282],[12.07581570329083,43.43401161102216],[12.074937814421654,43.43434339918944],[12.072137553016924,43.435328674833734],[12.069448789647419,43.436098633514725],[12.066489344391883,43.436910902692944],[12.062070337719673,43.438047115174534],[12.062033390871083,43.4380556748278],[12.061417812472467,43.438198165865806],[12.060503150544202,43.43840984874804],[12.060285505918364,43.43843419321891],[12.059710217322532,43.43849853779266],[12.059671229526304,43.43850287639306],[12.059302585592787,43.438543898625056],[12.057878922343455,43.43849622026812],[12.056878587244679,43.438253889261446],[12.05362569948043,43.434938668885465],[12.052824163730076,43.43247748910466],[12.050093130924921,43.43011945163972],[12.043598128938534,43.425972924776346],[12.039892850983009,43.42561262831582],[12.03554407846371,43.424938169970574],[12.033645978866284,43.424502407143216],[12.033196745775214,43.42426626064179],[12.032138194405109,43.423709689118894],[12.03136418027713,43.422964837829085],[12.029883146395775,43.42146900178136],[12.02941301982381,43.42094573989344],[12.02669752947864,43.41763905963283],[12.025337641960052,43.41575572125047],[12.025210449791935,43.41557388429967],[12.025213802221488,43.41541660849758],[12.025221476696556,43.41506938640174],[12.026394870913512,43.41181715027472],[12.027288129149754,43.409576436297215],[12.027672623735363,43.40873256648418],[12.030628973609076,43.40350324280165],[12.033664382830379,43.40023624860141],[12.042353473973659,43.39988899126643],[12.052104621920465,43.39831888519763],[12.05579400959786,43.39908462790635],[12.06435506360195,43.40283043726882],[12.065995218183662,43.403494342979094],[12.066707328671368,43.40374518070198],[12.067189151298527,43.40391489634456],[12.067503421885013,43.4040255918293],[12.068873050127044,43.404493018608285],[12.069073791455308,43.404553107772976],[12.0702255567282,43.40489786112429],[12.070327089670293,43.404911297929175],[12.07096070495525,43.404995143846314],[12.072136021745651,43.404549377648316],[12.07370251469067,43.403810025616714],[12.073769811644636,43.403777511554324],[12.077306100840424,43.4021444599894],[12.07732186912739,43.402108274322174],[12.077460144699092,43.4017909315302],[12.077525938063303,43.40147693565185],[12.077634212095308,43.400749313534895],[12.077693935411123,43.40023070947861],[12.077770158173594,43.399443914613045],[12.077832742240385,43.39868774673589],[12.077834137954344,43.39830393097988],[12.077794060729518,43.39804392882387],[12.077786827719715,43.39799701800422],[12.077628828549674,43.3974688552918],[12.07736048551068,43.39679740796367],[12.077324534189604,43.39677411755888],[12.07722359619201,43.39670873203781],[12.076408478117845,43.396061240797486],[12.075755144687395,43.39514982457268],[12.07456263900819,43.3929943314586],[12.074527509505732,43.39292057825226],[12.07448623831857,43.39283393039395],[12.074164623597326,43.39215869079273],[12.074047733893414,43.3918692182001],[12.074038481095155,43.39184246316324],[12.073884237719325,43.39139643011531],[12.073737578865304,43.39097227083208],[12.073676579696734,43.39078496315406],[12.073642163887698,43.39067813775204],[12.07333160601348,43.3896075323612],[12.07327298181577,43.389405049579125],[12.073024275800133,43.38756149434969],[12.072991158967117,43.38691862701532],[12.072947742115142,43.38600034584054],[12.072776498727443,43.38125682415894],[12.073026257932668,43.37041506723192],[12.07321673908954,43.36980559587791],[12.073410103868529,43.369259256568085],[12.073735933340899,43.368595506427795],[12.075430760962865,43.36703152459804],[12.075860609678445,43.366671340216016],[12.075923029079451,43.366622262305704],[12.076995860489424,43.36583274881895],[12.077086636687033,43.36578159568159],[12.077406416498317,43.36560390635183],[12.077440022074349,43.36559158177281],[12.080977262283195,43.36554521156542],[12.088996167309258,43.36624838313568],[12.096373300392383,43.36873019606278],[12.09792662649774,43.37013852974273],[12.099754946625412,43.37175746931489],[12.099805334165106,43.371790759504066],[12.100138343913434,43.37201030687793],[12.100457947675835,43.372220905381525],[12.101061620661838,43.37261867929126],[12.102570269655933,43.37245073963382],[12.103237736585625,43.37223318030343],[12.103626453759578,43.372098652270395],[12.108202133851794,43.37034560367978],[12.10960682103339,43.369792637982975],[12.110496907625603,43.369422653932546],[12.110949258646485,43.36923461965787],[12.111273199276159,43.36909996104045],[12.111701359901764,43.368841846446],[12.112352302429766,43.36844941898491],[12.112447476694804,43.36839204047077],[12.118769209677568,43.36435900771241],[12.118871370155867,43.364257446289194],[12.119417946364806,43.36371406695597],[12.121218327190684,43.36189945534465],[12.123964628566233,43.3589529531316],[12.124363024901104,43.35851438565347],[12.124782383031025,43.358052734154],[12.124820125124096,43.3580111851228],[12.125178653150513,43.35759171260825],[12.125521417345707,43.35719067586368],[12.12719805853343,43.3551613944689],[12.12763195738726,43.3546359607175],[12.127841840765814,43.35438177592106],[12.127906494420852,43.35430053175314],[12.128209874228558,43.35390506692025],[12.128597794230709,43.35339936936715],[12.128660338288014,43.353314642260074],[12.129939839017123,43.351528534894015],[12.130236257420812,43.35108198348036],[12.13072981515061,43.35031653732131],[12.133998761763293,43.34462060032888],[12.135430090332148,43.34065403235318],[12.136819036620135,43.327204772451715],[12.134322356233726,43.31624306802425],[12.131253390157546,43.31208941766251],[12.126833807872334,43.308175556579975],[12.126886517249346,43.30399697544826],[12.131845409855577,43.293977801823],[12.13191089840664,43.293890053893634],[12.132488561192647,43.29311603810304],[12.132602517968444,43.2930373209121],[12.133834264124653,43.29252135772187],[12.145441460528334,43.288347310563786],[12.15297569952299,43.286020844800575],[12.166308678757623,43.28251215998178],[12.173014090140457,43.281517887496115],[12.173808287681283,43.28145312341953],[12.174020376829858,43.28143591483582],[12.175515280730075,43.2814461498463],[12.17563662411166,43.28147279372069],[12.175797402997617,43.28150814843438],[12.177041170594853,43.281781891521824],[12.177151281364084,43.281878105101775],[12.177262478485599,43.281975269781675],[12.177310846684431,43.282017784224756],[12.185219451115923,43.294384524674804],[12.183162297454732,43.300835326686325],[12.193819235801307,43.313072812412614],[12.195082321335502,43.3142239504759],[12.20114740599443,43.309622293873964],[12.206122917725569,43.304761890012266],[12.212779883273615,43.30138945395036],[12.219688558599675,43.29884408489244],[12.221601733701345,43.2976997457454],[12.223708113502322,43.296262862482116],[12.2237242271013,43.29622136783775],[12.223889502739707,43.295795749357396],[12.223615297235378,43.29529358365913],[12.223439983962404,43.29498157812993],[12.222907095433271,43.29435979622743],[12.221882074986656,43.29324457754468],[12.213371155693668,43.28671409554466],[12.212648531099898,43.285573236186465],[12.21152639107107,43.2843148777056],[12.210063635522662,43.2827279606869],[12.2086478031506,43.281959808253895],[12.208285380200158,43.28187570311058],[12.207067299114108,43.28159613678281],[12.205200327787644,43.28118381271094],[12.198710416064765,43.27922872157553],[12.182157268019372,43.273699352613995],[12.180506434685327,43.27381678632749],[12.177242627350584,43.27384441699961],[12.175735200656646,43.2735450335886],[12.175529102980667,43.27345351894863],[12.17521329057493,43.27331325000696],[12.174705074068857,43.27308752041104],[12.166982556866389,43.26901474989401],[12.16643136443024,43.26872396718873],[12.166348974664663,43.26867074243276],[12.166150450338174,43.268541954615266],[12.163862568034522,43.26693416069975],[12.163789901249705,43.26688308780244],[12.162110535229907,43.26570269855422],[12.16208154098331,43.265679184212075],[12.16187104283091,43.265507710675905],[12.161660590184807,43.26533459498718],[12.15458106241214,43.25950979426159],[12.153651245512554,43.258668939924476],[12.153192025879395,43.258231455825964],[12.151868450501157,43.256970485415394],[12.150922435219671,43.256292656328036],[12.150581670073437,43.25604858518705],[12.148771051405951,43.254751688555466],[12.148311141264895,43.25459567888875],[12.146618966369893,43.25411907982176],[12.14212333381669,43.25301564603875],[12.14056276491585,43.252880515160626],[12.139265036718793,43.252884062160234],[12.139059520494884,43.252884665294495],[12.131131932996565,43.25377388590107],[12.128635375792701,43.254085754419776],[12.127413053875978,43.254250051331745],[12.12591179352725,43.254729816100664],[12.124850472128715,43.25492395035938],[12.123478280840391,43.25507453030995],[12.121822610421045,43.25519400516217],[12.121547535239857,43.2551079023223],[12.12105480227368,43.25495341824381],[12.118287552105947,43.25374322815073],[12.112044087799672,43.25078938900687],[12.110694008989197,43.24957754773369],[12.100856383445992,43.24101139645793],[12.098753583499715,43.24059110971063],[12.098042268623733,43.24037533671423],[12.095872843367104,43.239519778234246],[12.09432150399191,43.23837251501394],[12.094837645624445,43.23721196126742],[12.094641554172789,43.23684586955411],[12.093746095286766,43.23642890683187],[12.093005048625447,43.23614284906081],[12.092683389607275,43.23602484642793],[12.092365093357408,43.235908076366236],[12.091511579442402,43.23583214507178],[12.085921448752385,43.236334310820546],[12.085298759528223,43.23644119023571],[12.084923898923948,43.23657737192109],[12.084647912478388,43.236698828488265],[12.084357656854852,43.23682672550144],[12.08335828470295,43.23727689648409],[12.082968316107516,43.23760254321317],[12.08284847030759,43.23774509244651],[12.08257270167145,43.23807391861434],[12.082532360697428,43.238150605206954],[12.069827082302952,43.244934259764044],[12.055659396156745,43.249536706233776],[12.05455110441804,43.250709967482656],[12.054052502421706,43.251024781715635],[12.049598171055564,43.2527715534452],[12.047820385944618,43.25252399424062],[12.043988540094889,43.25101864634483],[12.043466713065785,43.25077808884043],[12.043323104361756,43.25071184553164],[12.033837719901332,43.246021252539485],[12.035230088767092,43.24078477471103],[12.035290075644477,43.24064600150707],[12.035385669096586,43.2404249304078],[12.035458271255683,43.24026027614822],[12.035659223009542,43.23980473118727],[12.035672981429576,43.23977354173194],[12.035806563955953,43.23947099770112],[12.035877256682651,43.239348778037765],[12.035964117093483,43.239198608378715],[12.037025347581793,43.237806360967],[12.038150583613447,43.2367409841604],[12.039042257270626,43.22884773343311],[12.035531045936464,43.21723150752974],[12.030969030546528,43.2066144084856],[12.027706828118196,43.19537951660678],[12.026053385524794,43.19034190108627],[12.023350465948946,43.18726014097915],[12.021073791635617,43.18581487646195],[12.019765278812853,43.185200483006795],[12.018623013995276,43.184084253212404],[12.010508123310814,43.18170314648673],[12.006424276135117,43.180525965915585],[12.006142243148895,43.18049064497442],[12.004939541000883,43.18034001453862],[12.00428336079585,43.18027469752119],[12.003579826378314,43.180204987219575],[12.001867986094966,43.18015141891284],[11.996721540512505,43.1803566187587],[11.987846050754765,43.180832845741016],[11.97886098204105,43.17610497711963],[11.974170411362941,43.1723849173752],[11.973940442299085,43.17197223380999],[11.973157594732971,43.17092491680098],[11.972261597033201,43.17035507855179],[11.971063266927613,43.16959334229856],[11.970168825961904,43.16917524415186],[11.96553671392322,43.167712116564786],[11.963667352326643,43.167212795202644],[11.962188592689856,43.16695939802606],[11.961808920559237,43.166937898988],[11.961636409345182,43.16692813043698],[11.961339936659448,43.16691256531268],[11.961246984682312,43.166907685355675],[11.9480166426947,43.162439299664236],[11.94033008932617,43.159128809510136],[11.928744060333258,43.15262330899769],[11.928586798960556,43.15249838677288],[11.928023806496858,43.152051079682664],[11.92796266472398,43.15200096856223],[11.927762965325842,43.151837078356635],[11.926754012475314,43.15093165759291],[11.925712804617147,43.14996290360049],[11.924981927584742,43.14925338558564],[11.924029184452776,43.14777835053108],[11.9223035946091,43.141416092829296],[11.92204465556262,43.13741948347374],[11.921810753678864,43.13482014976976],[11.920424073942176,43.13166776458305],[11.919711721184168,43.13116754250871],[11.918853055977564,43.130868803320865],[11.918038972659039,43.130585571931796],[11.917634988547881,43.130484560178196],[11.917070041000601,43.13034329900934],[11.913251014395746,43.12765843726588],[11.916071329037576,43.12343789523781],[11.918985691281168,43.12013989451102],[11.921928132441147,43.11049804161602],[11.92499895217719,43.10446307535604],[11.927503499490253,43.10036324814686],[11.930407864755503,43.09429612457123],[11.930519087301484,43.09398314142769],[11.930729562552472,43.093390849172714],[11.930924891343727,43.09250301003154],[11.930948150286667,43.0923972669832],[11.931110510098023,43.091546561094034],[11.931214709698146,43.09091645829575],[11.931005429607945,43.08990976892359],[11.930829108549414,43.08948590293192],[11.930614786185151,43.089029690826436],[11.930050009071508,43.08806991746869],[11.928051769578845,43.08674855312388],[11.923135496075949,43.0800357585703],[11.923751403463402,43.07521592492989],[11.92541997874325,43.074597083478324],[11.927659243468753,43.07237457593178],[11.93245595363466,43.06692429361126],[11.934730149718574,43.061460761724625],[11.935819642071955,43.05720502125457],[11.935926905775768,43.056474512949436],[11.93596629621674,43.056206301446885],[11.936067001191454,43.055925074808876],[11.936380398740788,43.05563071198292],[11.940071856503085,43.05328252281622],[11.940830583020448,43.05298406270347],[11.942030306507817,43.053124091807916],[11.94223456988305,43.05315936112248],[11.942495450632393,43.05320666677607],[11.943131101466038,43.053388412862596],[11.943447202610985,43.0534995122867],[11.943501054775838,43.05351844034306],[11.945649132223505,43.054444132251476],[11.947211856780767,43.055194148648006],[11.947840043481019,43.05549623950155],[11.948179407693178,43.05571256829608],[11.948703561438768,43.05624769504363],[11.950630534760363,43.059250372788],[11.9510653915486,43.060589765362714],[11.950805613038503,43.0610466801504],[11.950591647621774,43.061657659338636],[11.95044922986053,43.06206433133187],[11.95034784370103,43.0624091023199],[11.950174417501286,43.0629988445572],[11.950011306405978,43.06367835935289],[11.950368557649007,43.064405235061884],[11.951002210556636,43.065206000222496],[11.951212578009766,43.06543917474901],[11.951307104254408,43.06553577892793],[11.951460214256336,43.065692253112275],[11.95148970400614,43.06572097872883],[11.951810827488694,43.06597302553953],[11.952035204188483,43.0661491196059],[11.952067251041115,43.066174260222525],[11.955599022711928,43.068360250728986],[11.956026775471601,43.06850233278976],[11.9565888365665,43.06867678500588],[11.956701864458191,43.06866486079721],[11.957066731119617,43.06862543851703],[11.957139725612809,43.068617545810426],[11.961512357498222,43.06787409341133],[11.962278581107853,43.06771918412327],[11.962909517328015,43.06754976453473],[11.964508565488897,43.067103128480106],[11.964968985171279,43.06695308608131],[11.965379094051311,43.06681943672222],[11.966885803624074,43.06623110292445],[11.972538175880654,43.06401334906003],[11.972801523994804,43.063843971010904],[11.973121738432168,43.06363801549017],[11.973396273477865,43.063444400429255],[11.973691745991907,43.06323601721103],[11.976354831784649,43.061138532985744],[11.977813515690373,43.05985124941716],[11.978318207655962,43.059369898899355],[11.978716074386332,43.058972359375545],[11.980370079280117,43.05711976804611],[11.980601139109464,43.05681627552278],[11.980673060437336,43.0566707194875],[11.980821982646829,43.05636931546026],[11.982278261015997,43.05141511563746],[11.982402941614378,43.05094814641413],[11.982432764000828,43.050560193024445],[11.982415087770613,43.049966380014595],[11.982217545610643,43.048877535989675],[11.98135884516302,43.04685599783598],[11.981036935032272,43.04616658287467],[11.980815445126892,43.04577616906519],[11.980555180716419,43.04544170629032],[11.980501249945085,43.04537371061688],[11.98043652026111,43.04529212276936],[11.980130925908849,43.04490711696441],[11.979913018583465,43.04463366489307],[11.979502912179331,43.04436072229461],[11.979210646552188,43.0442259312077],[11.979003788714166,43.04413061259264],[11.978955074772664,43.04410888236794],[11.978590933484417,43.04394644832521],[11.97832673950957,43.04382860339581],[11.977598491626535,43.04349275939849],[11.976794237444508,43.0429726029292],[11.976628441199232,43.04282831864788],[11.976522115732042,43.04273457250371],[11.976450491993148,43.04266446294183],[11.976351010311058,43.04256545112484],[11.976169197314134,43.04237366643431],[11.976110026666092,43.0423111084756],[11.975983646636509,43.04216983658849],[11.97568201424085,43.04176085345604],[11.975513881061541,43.04149686192613],[11.975388525060467,43.041298295217835],[11.974082473951105,43.038955311848966],[11.97337468436934,43.03757660538011],[11.972385752814892,43.035339250974275],[11.971861115123385,43.027479163890945],[11.971730489225893,43.02282255145589],[11.971937437884598,43.022299438527654],[11.971957327306079,43.02195676092799],[11.971367964230351,43.02067097555781],[11.971023137703211,43.020000125760525],[11.970472370618477,43.01897896387248],[11.969952979957613,43.01808966935332],[11.96937167421861,43.01721122740999],[11.968201946828573,43.01550374039403],[11.965985641920955,43.01134609256887],[11.964110699782568,43.00654239436334],[11.962046789272106,43.001179104944576],[11.960845264548949,42.99686062269807],[11.958594364395864,42.9899305455401],[11.956082814629976,42.982861933770145],[11.954649319516504,42.979508689520486],[11.954627364919407,42.97946015918552],[11.954504114998057,42.97918894742253],[11.954472786765976,42.979121791683134],[11.954296038878688,42.97874310018676],[11.9542212353225,42.978629234994735],[11.954165880236301,42.978544980331705],[11.9495172665871,42.97652528599522],[11.949543701972878,42.97644051782566],[11.949572945490763,42.976344906315916],[11.949821294987474,42.97553291301408],[11.94994243144148,42.97513683932967],[11.950418710663534,42.9725313458325],[11.95063030589661,42.970559641210066],[11.950060221697045,42.97012308698979],[11.949497734759703,42.96994426327644],[11.949048322230407,42.96903626475354],[11.948510091740278,42.9672729954661],[11.948472738639731,42.96336000968234],[11.948476003356365,42.96264541736924],[11.948553546226202,42.96196319024159],[11.949162411844751,42.96086721164399],[11.95034127585746,42.95885587014574],[11.950671595951416,42.95832516532198],[11.951228710200812,42.95767156334157],[11.951564165910208,42.957370021269945],[11.95292249200423,42.95469232720019],[11.952083971415801,42.949698690525956],[11.951666575341777,42.94840060544977],[11.951427817399088,42.94807265610497],[11.948453439653951,42.94467786775927],[11.945461465526174,42.94162423941975],[11.93909623724309,42.932516352959716],[11.937227986290958,42.92126300922209],[11.933493825906721,42.909914377576555],[11.93314818709236,42.90928413551631],[11.932722791515818,42.90849706256564],[11.932730913067301,42.90844047984056],[11.932825068580598,42.907784544583386],[11.932850460668178,42.90760765027861],[11.933483969169117,42.905418749036045],[11.93560673911948,42.90399575190704],[11.935703728201839,42.903949711293436],[11.936731290867197,42.9034619216272],[11.93699676473416,42.90337854768076],[11.93779290434969,42.90312851043117],[11.93811311003743,42.90310211066189],[11.938723125581468,42.90305181549225],[11.939333141178599,42.90300151706534],[11.939379327017432,42.90299770904793],[11.94120935345349,42.90293121620071],[11.95016200810304,42.90158490578251],[11.952084228253106,42.90098940594731],[11.956639898262642,42.89384888714281],[11.958798290173082,42.89156141659877],[11.958974319649428,42.8821979141335],[11.958189894695806,42.87672029535309],[11.95859411131263,42.87432450044346],[11.959041894503425,42.870587533797746],[11.957350144280175,42.870099053115034],[11.951841295164332,42.86996038212866],[11.944571898926736,42.87155298672663],[11.941864972624327,42.87125554213302],[11.936757474805752,42.87042319676396],[11.933746401821415,42.869711605279534],[11.933456746388197,42.869476463768365],[11.93329773186595,42.86934734098203],[11.931558946829433,42.86979244769347],[11.93050200333985,42.869720482260455],[11.928668138673833,42.868917092089056],[11.926817677607573,42.867730305433255],[11.926011299358905,42.86718923335594],[11.925363934137236,42.866224438599026],[11.923988944198502,42.86340542558207],[11.920004306841818,42.85679888339003],[11.91485244539705,42.85216220150766],[11.909228388930286,42.849147046812305],[11.904216569930627,42.84773607669104],[11.893288648333082,42.84390578121358],[11.893082055655105,42.84377504835036],[11.892968521615131,42.843703202173444],[11.89219065191006,42.84311169831903],[11.891888767786366,42.84288070697271],[11.893133474730675,42.83907054941113],[11.894965120763246,42.834669882566736],[11.894592608675033,42.8342884024667],[11.894472833193436,42.83425677102579],[11.894110836820154,42.83416117270313],[11.893230887296593,42.83404385620613],[11.89105766760253,42.83388327013692],[11.889614211326736,42.83416002586635],[11.887525479122386,42.834854335677356],[11.867838172192556,42.83477774859999],[11.861496992664284,42.8355252121221],[11.856969501048068,42.83652183045697],[11.847437642203165,42.83765564177715],[11.84206519851089,42.83258000428494],[11.83287055292987,42.827414378508706],[11.82628181471299,42.82610437498468],[11.822105530966184,42.82599208238357],[11.815446794503753,42.82376209629588],[11.814779192141927,42.82344863859455],[11.814572587121535,42.82335162512596],[11.81369934119374,42.82267092908837],[11.813645047602899,42.822558718920035],[11.813156796263756,42.82154836899409],[11.813143925160594,42.821521481862085],[11.813158882451637,42.8199482102279],[11.813265460346441,42.819594402974566],[11.81329639332446,42.81949171465498],[11.814598990328353,42.816057321751806],[11.814571282195642,42.81461145829175],[11.813657468569826,42.81193259334014],[11.810908463654984,42.80691929818386],[11.811211951450003,42.80613647547062],[11.811353371176628,42.80577162741455],[11.811382031785708,42.80568569331559],[11.811547158361119,42.80519057893464],[11.811412393657637,42.799634864949354],[11.810849792599878,42.7984273469573],[11.809682964332831,42.79697025888612],[11.8068502157086,42.79485626120389],[11.80604498136825,42.79506055058498],[11.80484359305249,42.79567529594259],[11.80277309213707,42.79829316573952],[11.803285564167808,42.80119808626421],[11.79138351037759,42.81214335842577],[11.78704236332532,42.815285081478365],[11.775874034047321,42.820673629179346],[11.77580151566788,42.82069186683938],[11.775594631173508,42.82074389396554],[11.775259790688155,42.820828097413106],[11.774589058713284,42.820987347613155],[11.774240115214909,42.821070176502026],[11.769066694827945,42.820188011153434],[11.76850476792141,42.81995834718679],[11.768937282378053,42.816424251617114],[11.768878911646683,42.816264935368075],[11.768864993241907,42.816226955054155],[11.768565493180565,42.815409746012065],[11.764621654633624,42.81191552333031],[11.75803478830578,42.807634625644695],[11.753349305397183,42.802236015438744],[11.752993319576639,42.80157581150019],[11.75292369795736,42.801442973215885],[11.75198108275425,42.798354131118636],[11.750322376197879,42.79186213248586],[11.750206739854844,42.79140735892066],[11.75009519788743,42.79096879234522],[11.750059093414183,42.790826887496756],[11.749966508272937,42.790463143685834],[11.74969707359625,42.78987355839094],[11.749553036640458,42.78956128095122],[11.749321003031554,42.789058318080954],[11.74875922125663,42.78829743573865],[11.748683801438961,42.788195507975026],[11.74601785992857,42.7857596544892],[11.750204152077599,42.783430785236405],[11.75705907917231,42.78208947499992],[11.762024543703156,42.77959781363008],[11.76282255915034,42.779854663076],[11.763250299610247,42.77967766316603],[11.764107185105965,42.77926162967133],[11.76416352567357,42.77922309049847],[11.764191888338473,42.77920352990781],[11.764482545847514,42.779002475256966],[11.76452663930407,42.778971495796675],[11.766664229152376,42.77593246812678],[11.77694280283969,42.76699654860786],[11.780318316926381,42.76234027205206],[11.779742615850214,42.76175546107522],[11.77966672806834,42.76165160273898],[11.77946926900293,42.76138136251176],[11.77909667993718,42.76067708214157],[11.779001549440572,42.760427272715546],[11.778965761804322,42.76026170026157],[11.778939653152783,42.760140812333795],[11.778940102617298,42.759863934338334],[11.778984025812415,42.75920326250382],[11.779030903557697,42.75885094629984],[11.77910693194851,42.75832249575359],[11.77941952196435,42.758017663939654],[11.783915385207575,42.75718785313377],[11.78881371531221,42.75641504293454],[11.793609017200964,42.755974541525894],[11.800357346351522,42.75497964901841],[11.806955271321304,42.75357224617404],[11.80864374370872,42.75317244861734],[11.811830149050346,42.75074685777494],[11.812502659046162,42.74994578974206],[11.813083902401408,42.748852091490996],[11.813335109924388,42.74791395134965],[11.813258206581812,42.7475646643827],[11.813203399437684,42.746883902587264],[11.813210252782962,42.74681404643918],[11.813247175506037,42.74650240184665],[11.813306042014727,42.74617940322278],[11.813440401141161,42.745921360218],[11.813691248369995,42.745771108139465],[11.814334664296041,42.745504462903206],[11.814898037230797,42.74546464098997],[11.815199255304995,42.74544712368996],[11.815507252208603,42.7454293028483],[11.816193093739104,42.74546645667751],[11.816719912996948,42.74550751157902],[11.81865835467126,42.74577193936748],[11.819159920730124,42.74566803990372],[11.81948605185553,42.74542588963356],[11.819577346823452,42.74502293288924],[11.819497510219852,42.74459496347284],[11.819420923957983,42.74425240377244],[11.819097261268363,42.74330138779915],[11.818944108716895,42.74290413326728],[11.812508117783436,42.73557552847171],[11.808809051484658,42.731303666725914],[11.80849496338815,42.730192536245326],[11.80491938625165,42.71763326521902],[11.801555697526368,42.707191578337714],[11.800554567527966,42.7070230042486],[11.798577734220434,42.706701037262846],[11.798021805891302,42.706625777671356],[11.797792417587365,42.706594782235264],[11.797080992179707,42.706513122216926],[11.796390764146881,42.706529987738875],[11.795781550544245,42.70654937246851],[11.784942630512608,42.70702827635845],[11.78470593521251,42.70704071886215],[11.784160502732933,42.70707128906137],[11.782176429568077,42.70733565074699],[11.781442408587939,42.70745704267993],[11.779960389623549,42.705345322463195],[11.782079629642357,42.700832158978066],[11.785423660655443,42.687459180487785],[11.784286616442921,42.67952306088446],[11.785159040657385,42.67219249662077],[11.786191004757594,42.670593754768646],[11.794156288433081,42.66922704533023],[11.79993850077995,42.66845235461018],[11.801782714659522,42.66697207696333],[11.80664184966526,42.66217890701428],[11.808407118160268,42.65975116362553],[11.80871283326313,42.65918807874292],[11.808941181739822,42.65866675014054],[11.80903768688334,42.65826613055792],[11.809265549917752,42.65725652168115],[11.809347270125915,42.65684480161193],[11.809420572803237,42.65634775120186],[11.809456347911754,42.655847111327084],[11.80946617130116,42.65539663801418],[11.80945599667187,42.65438386855021],[11.809436316690144,42.654153866352615],[11.809413323077296,42.653885153067996],[11.809357659746158,42.653357544973936],[11.809282467739955,42.65295188279685],[11.807863521265254,42.650037671834255],[11.804776157679273,42.643999159210196],[11.796445530153486,42.64349014167658],[11.79533095268718,42.64235726173031],[11.794988378238763,42.64206198440565],[11.79415287657521,42.641371674288145],[11.793827992836206,42.64119906477706],[11.791846078709034,42.64023616841119],[11.79151400725202,42.64013170360533],[11.791107340857394,42.64003806862003],[11.790850069313922,42.639980702739315],[11.79064517819264,42.639935056821585],[11.79023304773712,42.63984329974018],[11.789497907614784,42.63976452930764],[11.78869192187043,42.63972774215397],[11.78813003422877,42.63972567608361],[11.7876519530707,42.639663024625335],[11.787158204799134,42.63953097737886],[11.78657347239734,42.6392673985942],[11.784567504064595,42.6379821889954],[11.78432647737701,42.63779618254219],[11.7841376582428,42.63765046375447],[11.782057215827273,42.63582355993815],[11.781411356845672,42.635244950819626],[11.780886173733109,42.63468291084056],[11.774458869919991,42.63528084833563],[11.768187950595918,42.636616841897485],[11.75863324668436,42.638348964123466],[11.75425069144585,42.639006038332454],[11.74975657852777,42.63964887022539],[11.74978974690476,42.637607678481494],[11.750120705909074,42.63564977227588],[11.750222256417048,42.63526463150851],[11.750336193537986,42.634994356289106],[11.751830313557972,42.62559542856614],[11.751810735347807,42.625559105538706],[11.75082769225612,42.62373531010445],[11.750442718672327,42.6230475830849],[11.748943015827537,42.621451642195304],[11.747912933694142,42.62083959300146],[11.744301034315422,42.61828927247768],[11.738501580833475,42.61327688347783],[11.73593924087869,42.60989976969474],[11.736303984547435,42.60701260040539],[11.73597409595439,42.60666401889361],[11.734422268007163,42.60631087776345],[11.733620594943968,42.60614020376177],[11.733129579825617,42.60606187741],[11.730977358965927,42.60590612352623],[11.729892811415604,42.605913985776446],[11.729343492811386,42.60596776207066],[11.729293474537416,42.605972685187496],[11.729216030572909,42.60598088158473],[11.729012160849434,42.60600251469324],[11.727945180996931,42.60619453004521],[11.727410248256502,42.60637359169482],[11.727147422534049,42.606533211468935],[11.726812031219604,42.607156178900524],[11.726726471736121,42.607554294801986],[11.726650181564231,42.60790927727668],[11.726621839522757,42.60862132594599],[11.72664275186159,42.60917912006935],[11.726714748066023,42.60974695895008],[11.72678569002184,42.6103328361304],[11.72676748846917,42.61080601389865],[11.725990352251971,42.61092763422324],[11.722269300300384,42.611088654484],[11.719350943562734,42.6109373997693],[11.710291878922865,42.610022117493926],[11.70852819361178,42.60753725510672],[11.70401473408533,42.60409940658865],[11.700422388008402,42.60137389221306],[11.69909838829015,42.60084504423439],[11.69779518293811,42.60039052488713],[11.696624073040136,42.60021044649466],[11.691932323499898,42.59951445981438],[11.683188538974788,42.59664907295819],[11.67985146801979,42.59524602816589],[11.681205827331095,42.592697382028376],[11.68328197356718,42.59017533126369],[11.68459748459217,42.58787236897321],[11.685604811178889,42.58584066555308],[11.68577997134707,42.58483210737922],[11.681735352898038,42.58181166254799],[11.679607488420807,42.5804551314072],[11.676314761519695,42.57890836540202],[11.668194412931433,42.576103770495266],[11.667158769336869,42.57609243335234],[11.666415466932033,42.576149346195805],[11.665956837565641,42.576202527833246],[11.665479968855674,42.57643264400266],[11.665427956867964,42.57645545488893],[11.665132614152741,42.57658473989251],[11.665033604728531,42.576626045617076],[11.664594005166379,42.57680895582776],[11.662611690218156,42.57697553141791],[11.65841752085793,42.57704482667137],[11.655756882584955,42.575280828655586],[11.652960005163028,42.57182389991627],[11.647734362442243,42.56882311516653],[11.64603426961774,42.56786665770336],[11.643761703181951,42.5666996891223],[11.63711293765447,42.56524809033006],[11.633287561073542,42.56638513551995],[11.633186834070427,42.56708629752009],[11.632799471124265,42.56782819074947],[11.63264061355016,42.568121090384054],[11.632393642626127,42.56831474489113],[11.630834373047579,42.56919708039102],[11.630194794610073,42.56948100428126],[11.630021496755337,42.569557933928024],[11.628713173673521,42.56973430900187],[11.62827362039984,42.56972699966078],[11.62803084259643,42.56972295645796],[11.627493805693074,42.56970819660976],[11.627440114050021,42.56970026879087],[11.627101480894632,42.569649449627285],[11.627055453928683,42.569639527676024],[11.626972317651454,42.56962136026516],[11.626107332769408,42.56942941024562],[11.626020978038111,42.56940633081003],[11.625765678645852,42.569338048551835],[11.625478977456089,42.56925246681475],[11.625021159047694,42.569090969370734],[11.624126391907264,42.56835596954385],[11.619976641715821,42.56429973761717],[11.61723129172471,42.561471952340625],[11.615006354469179,42.55799285708101],[11.61446055040031,42.55744702138306],[11.61401258122285,42.55723360437537],[11.61388560519883,42.557323592717346],[11.61372905294967,42.5574345433211],[11.612783762390846,42.55812914433374],[11.611958511209165,42.55878525157728],[11.611675737024406,42.559014389842126],[11.609778399450992,42.56055246460303],[11.609231756442675,42.56117275315593],[11.608920050021382,42.56158507111476],[11.608774991982374,42.56220521762137],[11.608678760626425,42.562819505949314],[11.608703427297895,42.56323247129244],[11.60871300036406,42.563390302184416],[11.608490715370364,42.564812047150475],[11.608271064071653,42.56597627846897],[11.607246547103282,42.56679563266702],[11.605181650507038,42.567867365026494],[11.604754883214989,42.56802464533914],[11.604595035536342,42.56808355476274],[11.604140408908977,42.56821681627317],[11.603836560272363,42.56830587927041],[11.59871555544907,42.56965871054011],[11.589243629522974,42.57140128897914],[11.580241436987567,42.56798795583598],[11.578717721979586,42.56719940139655],[11.57855719816654,42.56621097371801],[11.58057932799355,42.560118786026734],[11.582399931121422,42.54940151079868],[11.586889074797437,42.5453355458031],[11.58584315756647,42.54176188823665],[11.577752811125695,42.54002174142993],[11.570117917026293,42.53448871067382],[11.567919964825313,42.53221023229739],[11.564939812855652,42.52710826384851],[11.560857026110689,42.5170281357544],[11.562110762249196,42.51485943430758],[11.566106010787319,42.511809575754114],[11.571270582223292,42.51031190767382],[11.574514354057978,42.510778918227494],[11.578456240521716,42.509564616130696],[11.578626009466923,42.50950675902172],[11.578803964073723,42.5094461112835],[11.578852331104377,42.509429627157154],[11.579320272616533,42.50926600349082],[11.579752426667751,42.5091141954205],[11.580230002877288,42.50890748063898],[11.580541319969065,42.508770242547236],[11.583631306277049,42.50714270620559],[11.58442147080383,42.50667462898997],[11.585943687405322,42.505495790891366],[11.586312629018302,42.505191199847324],[11.586642113031562,42.50487302944012],[11.586854844420406,42.50462255767146],[11.587061186337747,42.50431876228895],[11.58713158658002,42.50404908416916],[11.587113180047714,42.50366702620069],[11.587066762119191,42.50346419743475],[11.587027948935186,42.50329533595515],[11.58691590789275,42.503016318042775],[11.586842120791705,42.502833484445745],[11.586662353989357,42.502459412128324],[11.586511824398922,42.502195382068464],[11.586460422272399,42.50211874185668],[11.586158653943178,42.50168556441768],[11.585557119129339,42.50092494793431],[11.592827020304412,42.49536578833898],[11.599270559062314,42.494557756056565],[11.605938048677004,42.49349905187527],[11.606133059127309,42.49346085737838],[11.606614328355782,42.49336659494328],[11.608782578616163,42.49280723407821],[11.608908139978166,42.492765901683626],[11.609392517192868,42.4926009418055],[11.612594443721854,42.49090029262405],[11.616172167898888,42.48862647498215],[11.616294307326003,42.488481490573264],[11.616598701640292,42.48798356916832],[11.616849832428077,42.48750745128704],[11.616052121914972,42.48612752306247],[11.615934630155392,42.48564392948395],[11.615935480943248,42.48509910806443],[11.616038903727837,42.48444855756836],[11.616208589832604,42.483929246966554],[11.61643849143766,42.48335206454241],[11.616525469651005,42.483181417151236],[11.616705336523765,42.482828839758206],[11.617904967005417,42.480700192467104],[11.619428343185234,42.47725697577766],[11.619447546276026,42.47720651071904],[11.61962018490543,42.47675280753308],[11.61978239827029,42.476258327109996],[11.619901675459527,42.475771512122755],[11.619993270291909,42.475168440722776],[11.620004494864379,42.47503996068538],[11.620032250728977,42.474721759954704],[11.620032673302292,42.47423098259996],[11.620020725102483,42.47380802267195],[11.619976409870073,42.47356576057799],[11.619949608634752,42.473450499890056],[11.619900187015265,42.47329233771948],[11.619857312824443,42.47317361929233],[11.619750751405464,42.47290733698752],[11.617816661427211,42.46915780372817],[11.615966856713047,42.46666154646006],[11.61573786315155,42.461164324018995],[11.616343707848364,42.45502655729447],[11.617500165608751,42.445087127799944],[11.617555201485965,42.445009803068665],[11.617872265459136,42.444448813880825],[11.617971440732505,42.44422834973413],[11.618095283407424,42.44395304787069],[11.618337417706393,42.44335099920653],[11.619169806879578,42.44079705131077],[11.619178315948693,42.44059874231699],[11.61918788821225,42.44037565303179],[11.61919740564354,42.439909420436464],[11.619131711215621,42.43954849433289],[11.61911905750431,42.43947897505426],[11.618099306681287,42.436760245363],[11.617709304356001,42.43604425110956],[11.614109153447652,42.43627054956602],[11.606323141648833,42.43647048322684],[11.595104200237463,42.436470802195345],[11.585546662592176,42.43679570932676],[11.582347780122802,42.43701021484947],[11.575658895953737,42.43748375406725],[11.574547175926801,42.43758716641625],[11.572356396940132,42.43810727103634],[11.565772341956594,42.439360301702074],[11.555984350019086,42.43878893075849],[11.555569572224714,42.438773624967205],[11.555184951533276,42.43875969998266],[11.555145723383992,42.438758336297354],[11.554943789180038,42.43876116714165],[11.554520788376223,42.43876754527667],[11.550992909080033,42.439584560886956],[11.548258832143421,42.44039735450155],[11.548103541794204,42.44060342866926],[11.547844858529784,42.440845943568974],[11.54756410963666,42.441101699919145],[11.54743126774827,42.44121461889434],[11.547340897380035,42.441291434413074],[11.546223856854878,42.441628915481935],[11.545897620740675,42.44171742450635],[11.544279816886482,42.44215569363881],[11.543511318154492,42.44211478359435],[11.539079773356754,42.44060117905876],[11.526562133900043,42.43622484219714],[11.52166981973719,42.434144028225404],[11.521587580703395,42.43406718983505],[11.520835463562575,42.43393705167503],[11.518129588374514,42.43358496834801],[11.51570312054908,42.43389214856517],[11.511354588387109,42.43478930810406],[11.508364147469363,42.43561484656712],[11.505651404304233,42.43642495635883],[11.497447073712031,42.43859874745873],[11.488888402081715,42.43937035650826],[11.488603569120459,42.43922124611708],[11.488447589471802,42.439136787781834],[11.486703935984115,42.43800376032182],[11.481909018541169,42.43449278318311],[11.481343709088987,42.43403644993495],[11.48114562708901,42.43376022681674],[11.481032194157057,42.433601882760456],[11.48105051704862,42.42731550737347],[11.481433972389745,42.42268344070563],[11.481519365823484,42.422341684158894],[11.481625292556888,42.42197690394151],[11.481757984024647,42.42165434478334],[11.48189159864898,42.42136254084086],[11.481993825466786,42.421140437341606],[11.48009377546291,42.41802456097307],[11.476852938151673,42.41404756917091],[11.473314018625619,42.4114867302573],[11.467189624922112,42.4077516593705],[11.462182736721187,42.40469855260171],[11.456697043056193,42.40114937665365],[11.450807831843118,42.395047803425115],[11.451817206672656,42.38997807566608],[11.453667797855006,42.38527977311408],[11.44985198639534,42.37754018126047],[11.449059071908769,42.377815438173485],[11.441740568595522,42.380095211609685],[11.439338518081115,42.38079700367924],[11.43602907272772,42.381749925572464],[11.419466858304975,42.386400856524425],[11.41760038012473,42.38690627525889],[11.404487093919249,42.390165203919196],[11.399479426522182,42.39137107514213],[11.390399894920847,42.39340725384748],[11.381135424556605,42.395387385267796],[11.36889563859849,42.397761430154056],[11.364422378384443,42.39859704113891],[11.361871321965678,42.39906852890691],[11.355619027046863,42.40011249994065],[11.34833525261625,42.4013189121288],[11.341431037675513,42.402304455602014],[11.324369676891106,42.404635253312],[11.319539245583119,42.40516913379369],[11.315680067373371,42.40558115660743],[11.314954460749659,42.40575791449099],[11.311674956451833,42.40629015095572],[11.30409720311522,42.407496405506876],[11.303643832303957,42.407559552790524],[11.301681092576109,42.40780161704635],[11.301084874107033,42.4078631218877],[11.298194949749297,42.40815217770369],[11.29523592558352,42.408336147430816],[11.294668245702422,42.40834751861791],[11.294232251632799,42.40830446858336],[11.293914240683051,42.40824779908509],[11.293612312671883,42.4081322719121],[11.293400145754104,42.407978926784814],[11.293234748746103,42.40769181701156],[11.289860227968019,42.40545395245513],[11.282964433034447,42.40679376504131],[11.280322605914478,42.40850109581494],[11.279605274088796,42.409496946606716],[11.279008057573797,42.413054660631666],[11.278959255333659,42.413636471793666],[11.279124176013147,42.4143311015206],[11.27917346613824,42.41544002271082],[11.279167210209271,42.4158543900796],[11.279116615671574,42.4160512612478],[11.278780091716268,42.41674235656893],[11.278586652590752,42.41685426703844],[11.27772790495688,42.417220300205926],[11.277380432548174,42.41735778403157],[11.275472633089016,42.41795401700081],[11.275054585350452,42.41807263331901],[11.274182293789819,42.418317333850574],[11.27325732274712,42.418533806433665],[11.270474458612155,42.41904825660027],[11.27026904753268,42.41908159339928],[11.269645926174967,42.419159227336436],[11.26861132749527,42.419285529966174],[11.267351632540825,42.4194050202895],[11.267124476362463,42.41942527462262],[11.2661882834166,42.419500078699095],[11.262127261701373,42.419708655996374],[11.260229644219338,42.41974672326308],[11.258953398763403,42.419746510664396],[11.258165098169412,42.41974055483848],[11.256357293199754,42.419712115744915],[11.254982282727761,42.41966714337167],[11.25265638844865,42.41954179605705],[11.24956801466407,42.419251267631346],[11.244724367264695,42.41864610336602],[11.243533783085432,42.41848931642412],[11.242479838112471,42.418329842908484],[11.238878878776697,42.4177203637653],[11.237854519460663,42.41753775597977],[11.234241669038019,42.416802082964736],[11.227234250815478,42.415143881664136],[11.221663772000465,42.41365087887237],[11.218343657801972,42.41250481564098],[11.2151359796996,42.41126117768029],[11.212459717223439,42.41013108748437],[11.211236688376045,42.40936365596637],[11.21024986725909,42.40855677176367],[11.209258217958775,42.404293440138126],[11.20554071704802,42.40235547189031],[11.205531456800049,42.40131102960127],[11.206629971570033,42.40101971958922],[11.209223166359267,42.400474457745084],[11.211859704127368,42.4018554436669],[11.210944782200688,42.39762289694672],[11.209612993460658,42.39567495984202],[11.207248382390468,42.394920187707996],[11.211231178554721,42.3919189111204],[11.21294860319697,42.391181116495915],[11.21300061457729,42.39110755079456],[11.213120961968928,42.39072751990058],[11.213169898321468,42.39056447792096],[11.21335281822562,42.38980418613796],[11.213446185471195,42.38935242359668],[11.213396351660341,42.38888510822744],[11.213248580571817,42.388482720673856],[11.212825134369554,42.387581357809125],[11.21270588728183,42.387385542729746],[11.212516838400663,42.38719107526855],[11.206849801611169,42.38476084330206],[11.206254582526512,42.38450898104038],[11.20029245454072,42.382041243821924],[11.199536625210724,42.38187632212742],[11.198351322998537,42.38193441337347],[11.196925382002107,42.38204284018224],[11.191957396610466,42.37935525422856],[11.188699915359079,42.37466325681457],[11.18826755047779,42.37331111654495],[11.188137825152626,42.37201712048875],[11.189861607631698,42.36474765647702],[11.186671753670584,42.36372381186599],[11.181462938733022,42.36339082394228],[11.180318227053897,42.36540280382235],[11.178842730988487,42.36672200203606],[11.176118953879477,42.36825648399335],[11.166166678888183,42.368014832249926],[11.165707842810878,42.368003242786095],[11.16482530534234,42.367765514311344],[11.164336006156827,42.36741364246415],[11.160221766723783,42.36437179142321],[11.159031162428219,42.362937601461134],[11.157725197969945,42.362122442867566],[11.157140896296948,42.361991606820936],[11.154158635471351,42.36142407770821],[11.152900734668156,42.36119337185019],[11.152022266135456,42.36233549054329],[11.150829721650316,42.36405144366904],[11.150555716148585,42.36455133899446],[11.15022368965951,42.36576429612787],[11.150176070815224,42.366251732322944],[11.151043177902151,42.36794785172256],[11.151623162150932,42.36905202430079],[11.15089552133595,42.370893417468224],[11.142809007136588,42.37644852488161],[11.139976609816458,42.377717183220035],[11.137190096585611,42.378372547275546],[11.130559094909218,42.38351203832988],[11.12733770713063,42.38568815741161],[11.126098554394334,42.38640457100352],[11.117143374084883,42.39003745267577],[11.115414810370913,42.390204456276294],[11.112022403116153,42.3895101879051],[11.105464678591238,42.391000640793614],[11.09806825831378,42.393252006463456],[11.096563198266523,42.395330041561095],[11.093818888547606,42.402650328170395],[11.09047956980864,42.40893403005259],[11.091540360063794,42.41205755374811],[11.09119932496567,42.414954942118285],[11.0887635888245,42.42135914908491],[11.08855535280337,42.42725847642261],[11.0908058755674,42.428992068691265],[11.097410276394175,42.435391246796556],[11.100759399708226,42.44148005536198],[11.103529541174591,42.44659878702412],[11.104357392657628,42.44714151561679],[11.105205933567834,42.44754957829169],[11.106023742925721,42.44767282884041],[11.107196663749,42.447810158274656],[11.107757184923189,42.44775482199159],[11.110513647588458,42.44719077454528],[11.112431667381449,42.44664219978263],[11.11412558259748,42.44449472124186],[11.114588613507003,42.44389182395425],[11.120061289303509,42.437081645316525],[11.121083102656883,42.43592806028621],[11.12163621517653,42.435386504493216],[11.122354852877992,42.43470679970415],[11.122582120229511,42.43459677700489],[11.122929970783996,42.4345475567809],[11.123305307699397,42.43450232885464],[11.124028733061955,42.434774839861035],[11.124311511698487,42.434958704932605],[11.124566656472595,42.435224129558605],[11.125346400946695,42.43617324005749],[11.131251807179018,42.438774141274976],[11.132044634475355,42.43902954079165],[11.132114802300165,42.43903724049834],[11.132384821803974,42.43893315690407],[11.135685104034927,42.43757491914545],[11.137569706723513,42.43579273935634],[11.147652597751248,42.43512690280599],[11.147672395860445,42.43526161099207],[11.147690349503524,42.43534232311311],[11.147736906170838,42.435548572948],[11.14803971087242,42.436227300965],[11.148093805276817,42.43629832914733],[11.148261243940077,42.4364843024617],[11.148411958755158,42.43662556119171],[11.148496429289624,42.43669602049579],[11.148654719476522,42.436792110732746],[11.148802975047687,42.43686137273103],[11.149033240098953,42.43692909637347],[11.149106753516357,42.43694572831827],[11.149237361428966,42.43694327844365],[11.149367969325302,42.43694082842031],[11.149707234764819,42.43690744736708],[11.152435427394815,42.436252869815576],[11.155450485844895,42.434836384621775],[11.156852611722144,42.4340221280519],[11.157687696232085,42.43404472572288],[11.158319803294127,42.434131878841946],[11.160244627992746,42.434426549153116],[11.160686322219851,42.43454429436605],[11.16305988782856,42.43558443091983],[11.163693156313037,42.43598913104525],[11.166126634776141,42.43763615030556],[11.16652627759443,42.43794378013166],[11.166782182661821,42.438168702662175],[11.167015207189044,42.4383735133593],[11.167426764149793,42.43876196314836],[11.16841482055244,42.43970861396971],[11.168618053916056,42.4399033281545],[11.169058443920509,42.44033400085902],[11.169736207384732,42.441037089766],[11.17110805532218,42.44247446471455],[11.171703849222386,42.44317909482047],[11.172385484144492,42.44399240914199],[11.172791341916254,42.4444777540421],[11.173990425443892,42.44600422484796],[11.174171502291419,42.44624411858887],[11.17615493581485,42.44898025315044],[11.177985355668472,42.45181733611549],[11.178614807557665,42.452796616132154],[11.178892029409443,42.453274374019124],[11.179928195936581,42.455153182145644],[11.181576000619208,42.458323099626554],[11.18266305068889,42.460553714738786],[11.18369855604409,42.46286634821559],[11.184321873074706,42.464312134351594],[11.184396692198922,42.464492750898394],[11.184539757158964,42.464845818844346],[11.184609199309651,42.46501780257611],[11.184812153422731,42.46552428145396],[11.186051129599726,42.468877264693376],[11.186826849364575,42.47115456087572],[11.18739071277929,42.47307091983427],[11.188145769684708,42.47566514613769],[11.189197817753497,42.479790340877116],[11.189954402720707,42.48304478473547],[11.190706634133415,42.48716829066709],[11.190958104004963,42.48870787887245],[11.191047707194205,42.48944459423083],[11.191243444856617,42.491478285005904],[11.19136368241486,42.49274347096797],[11.19207083501031,42.50134565095842],[11.192078339155884,42.50562297409365],[11.192043294628315,42.50653542184484],[11.191988936570613,42.50759376533783],[11.1918948705049,42.50890078569144],[11.19184252798303,42.50958304494504],[11.191469618652333,42.51310446125225],[11.191388433081219,42.51356925846202],[11.191123009439295,42.51494139978188],[11.1909861666833,42.51547528345709],[11.190908688639828,42.515767061187425],[11.190508791613883,42.517055041071174],[11.189384672792613,42.519886992677435],[11.187872192809522,42.52278806312048],[11.187024827835511,42.524407636114596],[11.184117140977227,42.52985786140526],[11.182972753443574,42.5319913422365],[11.180883001826109,42.53540975945166],[11.180790352811194,42.535546601344336],[11.179761083333396,42.53704055920725],[11.178970296168995,42.53818370757712],[11.178189820498254,42.539283636226166],[11.17586037578367,42.54221334278292],[11.171768366422842,42.54685842964633],[11.168351636494588,42.550418373017926],[11.164425719443143,42.55307716914058],[11.160732874109849,42.5574378376866],[11.158309500544298,42.56168204299703],[11.158373496959431,42.56187233860787],[11.158172324298086,42.56205138924133],[11.156918942805458,42.56270119735587],[11.15678720085635,42.56276671395509],[11.156684730826884,42.5627979105096],[11.153914220213162,42.563442136077626],[11.153664022123088,42.563499143369825],[11.1535578493546,42.56352328632095],[11.153482095186018,42.56354031494505],[11.153166121139014,42.56359358967414],[11.153057157937104,42.56361127654095],[11.152471773397387,42.563651608471034],[11.150815473637422,42.56366471425202],[11.149415229742013,42.56341859508144],[11.142812773617651,42.56191015529602],[11.14255797988642,42.56185185822252],[11.14226315925699,42.56178080049285],[11.140269454969996,42.56118771205295],[11.139033044794624,42.56074254162508],[11.138881072923487,42.56066208213459],[11.138523086043422,42.56043463230133],[11.137793410894615,42.559934959651066],[11.136542080614367,42.55902421733271],[11.13649723390639,42.55898658798916],[11.135548924635334,42.557968678251214],[11.134913818977767,42.55649016236734],[11.134742349496136,42.555480275984465],[11.134706473483211,42.55451739280094],[11.135965049757289,42.55329623975716],[11.136038719018336,42.55314166767218],[11.134153299598118,42.55142091512877],[11.133010505206661,42.55201853442718],[11.122715534001019,42.55848468491052],[11.115804071722762,42.56807804903862],[11.109542182618545,42.57864247161226],[11.107018635251714,42.58520640474359],[11.105511219082695,42.59373048044259],[11.104838805007692,42.59683610843969],[11.099390469560996,42.60454545309205],[11.094951632314855,42.6059599550421],[11.091688083127602,42.606235268186055],[11.090618557682546,42.60669604860788],[11.089806667483854,42.60720614924261],[11.08623315842483,42.60971169308961],[11.082466522282274,42.613472356973304],[11.082286063777463,42.613727781086624],[11.082062516932549,42.61424513805178],[11.081958507520408,42.61450817690971],[11.081784198328439,42.61522275061788],[11.081743773014006,42.61539777019013],[11.08173626510323,42.61543073960371],[11.08172403282194,42.6155210129942],[11.082404923656933,42.616562232452544],[11.082491495160241,42.61663381730671],[11.082564782244328,42.61669440249278],[11.082711256240545,42.61679079495792],[11.082741466199773,42.616805514746034],[11.082852984162317,42.61685957808733],[11.083360823814457,42.61707614841714],[11.084013113111547,42.617073256429165],[11.08514997368898,42.616980549734485],[11.085412594350858,42.6169037261921],[11.085627579402962,42.616792425122576],[11.085774740399112,42.61668100818189],[11.085873345036445,42.61655314047762],[11.086129571206813,42.61646742837354],[11.087198158925595,42.617203390424436],[11.088435186483744,42.61805532827773],[11.08839135516517,42.618344410637654],[11.088319122734067,42.61877785161728],[11.087648065926434,42.62223003811102],[11.086222523022693,42.625822035348946],[11.086118475271283,42.62594844808232],[11.085326039830237,42.626819921541575],[11.08387097222029,42.62787767339529],[11.083184154457973,42.6283494720948],[11.081166894573476,42.62973410997991],[11.080216738946474,42.63030745856225],[11.078733444600992,42.63120247957055],[11.077007369306429,42.6322439371193],[11.076724352649949,42.632389502002916],[11.07080279880946,42.635433665475134],[11.062590139812684,42.639026668018865],[11.05278434233477,42.64258786580304],[11.04574742773546,42.644917396503544],[11.044657878696668,42.64527800500248],[11.043451485776222,42.6456772177236],[11.04196652882318,42.646168579735225],[11.037027654343428,42.647730892033294],[11.025955288775863,42.6515712224909],[11.013565603766068,42.657021636246284],[11.010636807624142,42.66224037848283],[10.99994300765263,42.6813786039957],[10.996224414631918,42.68926687883158],[10.994076372172495,42.69382260797573],[10.990916664957219,42.70006244590668],[10.982019296116786,42.71327504932067],[10.981383083569987,42.71418354843209],[10.980254123491868,42.71570773190993],[10.980217781619478,42.715755367093635],[10.980157995881553,42.71582609968212],[10.97946365240198,42.7166142504393],[10.979262265427007,42.71682898987117],[10.977826162498513,42.71832162741536],[10.977760608328175,42.718387776634465],[10.977683904405845,42.718460511129635],[10.977277156107139,42.718834942552256],[10.976154419957892,42.719868382528404],[10.975485683945664,42.72040410972655],[10.970845727892115,42.72400995800879],[10.962117091509143,42.730522437955905],[10.96191112527556,42.730662587392835],[10.955963283814553,42.73424414760231],[10.95154518277184,42.73689365593148],[10.945503726115142,42.7399907518344],[10.944532808957828,42.74047062200036],[10.94155603514714,42.74191736889305],[10.935380237190405,42.74464311389425],[10.934705829537693,42.74493384750397],[10.931611805117456,42.74618762922576],[10.929972904362533,42.746841297503565],[10.929274056641578,42.7471177328507],[10.928544907195688,42.7474021494914],[10.926728547909484,42.74810360492369],[10.921288002754897,42.750136154906265],[10.920868622137553,42.75028925268348],[10.918885565025345,42.75095952232729],[10.912201124133826,42.75308470260397],[10.911342127159648,42.75334488363062],[10.907148696549967,42.75453216369506],[10.902116181497467,42.75595010090577],[10.898299790457829,42.75696645486378],[10.893517419487846,42.75811778888831],[10.8839367580634,42.76040672043032],[10.867465885867913,42.76465695936561],[10.855150866326193,42.767300747864425],[10.853933833995185,42.767537738235376],[10.846454044196092,42.7689936011848],[10.833465396705895,42.7712523077402],[10.824318488614177,42.772698441627234],[10.813236019077005,42.77440311072261],[10.81068545613766,42.77475636624578],[10.803391698641157,42.77559521895373],[10.801895876352456,42.77576172142045],[10.799664918117498,42.776006471712776],[10.798614126271803,42.7761154007797],[10.796813810810876,42.776279973563156],[10.795445334796545,42.776377681471686],[10.794152924346347,42.77645884079684],[10.793840023804988,42.77640377550983],[10.793412708298915,42.776315917686865],[10.793230901174567,42.77626953472943],[10.792158162613331,42.775203126791595],[10.790890228562715,42.77375546144691],[10.789705082900786,42.773836903271274],[10.786256896005527,42.774462850513125],[10.784965355463772,42.77483344780151],[10.778216887267684,42.77975248355596],[10.776263808068501,42.78105652599349],[10.771544350308874,42.78382434828409],[10.762870904752988,42.7877061753342],[10.755741317842999,42.79116452779028],[10.75222952446282,42.7935301670189],[10.742881779401612,42.79820773071069],[10.74039874711778,42.79926809918001],[10.736264334955395,42.80085089241249],[10.732338038542558,42.80147105171423],[10.730845945474593,42.80190334934315],[10.731334905208843,42.80354378434572],[10.73219821730704,42.80472647380416],[10.735356333833778,42.80905240144418],[10.73614280739089,42.80907649685953],[10.736150344478782,42.808799478473624],[10.736722314160518,42.80585740599093],[10.747265113990197,42.806212484215834],[10.749820065400675,42.8064998878038],[10.753473844812213,42.806937002193166],[10.753661033574403,42.806961150012945],[10.753934303067657,42.80700198791889],[10.754433217590774,42.807129417881775],[10.75472584338221,42.80720597750185],[10.75526550991624,42.80736879941588],[10.755509238573152,42.80744610675124],[10.75596104308428,42.80763728699737],[10.757835529147542,42.80850901693758],[10.758015340223013,42.80859630542824],[10.758229535682137,42.8087100807159],[10.758435071992265,42.808841998731765],[10.76014308767384,42.81009445637242],[10.760648439937398,42.81066300432213],[10.760803375587205,42.81084297459858],[10.764770456992743,42.815833677258276],[10.765458740192573,42.816917168641275],[10.769551354849304,42.824285324585844],[10.770559950507051,42.82622535899962],[10.771917303251048,42.8292306196151],[10.772201194962483,42.82986418138324],[10.772727790652846,42.83104788213636],[10.773100729583305,42.83200617657271],[10.774776404178319,42.83822152652936],[10.776017609807568,42.84371240218935],[10.775164884052083,42.84929517691472],[10.774488509101307,42.85357443068809],[10.772262281477456,42.85927485928251],[10.769855948707752,42.862551608875116],[10.770670400707905,42.8674837844185],[10.772204078295825,42.872420704422844],[10.777490974295311,42.8788713721871],[10.784727922163325,42.88677287217083],[10.786623989436103,42.88836921166514],[10.786572203414071,42.888696443602406],[10.786428463937842,42.88933803232262],[10.785136512408078,42.89358372120787],[10.7832510791622,42.89679182635216],[10.78030612503445,42.900856089093885],[10.780158211152388,42.90104973994851],[10.780084966003496,42.90114551821564],[10.777726776995877,42.90422625377619],[10.776559170857016,42.905705599590384],[10.775962065818225,42.906454624260604],[10.77549249471678,42.90703840821922],[10.773621400918234,42.90880468347487],[10.771713550796484,42.91026746770141],[10.76777498185861,42.91290726471116],[10.754287443534519,42.92158633266239],[10.753736065748011,42.92190994851856],[10.752628320583232,42.92248971730946],[10.746531790395405,42.9255664081466],[10.744515183434263,42.926553799601585],[10.741396767376125,42.92796727265585],[10.740646485145675,42.92830286389752],[10.740246841435086,42.92847102891803],[10.739746397103625,42.92864972894351],[10.734108136343583,42.93060479355067],[10.718560082390145,42.93727485130927],[10.712290676552742,42.94000930516942],[10.708795980637916,42.94119542252592],[10.707031935910047,42.94175377334188],[10.706973425447911,42.94177100527016],[10.706572982970721,42.9418889370833],[10.70630444277784,42.94192896088271],[10.706263575073404,42.94193060127187],[10.702612009139193,42.94281215128641],[10.69353072073909,42.945673526310195],[10.679848872342005,42.94892325928163],[10.677010454595273,42.94958544372637],[10.67652452648938,42.94967601814416],[10.675109921295677,42.94989216717811],[10.670344377750517,42.950603958664445],[10.665497668220114,42.95122529468083],[10.663722743700331,42.9514422275891],[10.660570722099786,42.9518112370203],[10.649989205398265,42.95275671726429],[10.645768283414055,42.95311535321979],[10.633141169414488,42.953893775034864],[10.628856082649824,42.954105433133854],[10.6208935907012,42.95433108278553],[10.61832149271239,42.954390723118706],[10.618078780049908,42.954391091634804],[10.600627479943537,42.95385892700992],[10.599022987729636,42.954159788637966],[10.598182117895197,42.954267498040956],[10.59785187879051,42.95427277304492],[10.594814755544892,42.95427935575688],[10.59386153202876,42.95427709490523],[10.591842608101052,42.95418813326903],[10.581218698257885,42.953536237938415],[10.5803346340032,42.95348091347645],[10.57787951667569,42.95323109549197],[10.577832041682035,42.953225938274414],[10.57738190598967,42.95317648229411],[10.577218967986756,42.953157017136114],[10.567534566316127,42.95196629749656],[10.563485656004179,42.95146338435367],[10.562577682538697,42.95130919591847],[10.561914799201169,42.95115165555368],[10.561207778371829,42.95094518637822],[10.553819808472996,42.94828821300324],[10.553888092507341,42.94534590510044],[10.559767266208876,42.94738757186001],[10.56267622221738,42.94443170050181],[10.562968646414513,42.94368436356246],[10.562580017582363,42.94267948333127],[10.559432158973749,42.93719497181575],[10.559270797492443,42.93696844839393],[10.558610428007064,42.93717303998767],[10.559039487323211,42.93855040570222],[10.560713777269521,42.94115793394434],[10.555051317296579,42.942477041977156],[10.549123027863951,42.937811445913724],[10.54606625903574,42.935428260075355],[10.544081169780318,42.936175449812296],[10.542773892661698,42.93474329398965],[10.544205034891956,42.93033198004315],[10.551345090591333,42.930417641253854],[10.545151917526042,42.92164967943072],[10.543953575085945,42.921010744965265],[10.543141610724721,42.92075605141958],[10.537437648388185,42.92024968132523],[10.533815973844836,42.920205974525736],[10.525444202295917,42.920441680035886],[10.52118369426889,42.922569514144726],[10.520872090153548,42.922852807723466],[10.517803398433852,42.92587416757004],[10.517129099449043,42.92710777419434],[10.516855429379602,42.92793985170432],[10.514517069917412,42.92990237308848],[10.511348534617694,42.93237558048266],[10.510275056572057,42.93282874040637],[10.509927169338884,42.932885108216134],[10.509194304566746,42.9328847537283],[10.507576929250657,42.93254097598247],[10.506467523056363,42.93219896482023],[10.504064339661566,42.93140630908616],[10.497541574707855,42.93190425846948],[10.495896100339195,42.93431203356044],[10.498628590963383,42.936441961855124],[10.497203635127272,42.939832942828644],[10.490112785373858,42.951762400217135],[10.48725997539227,42.95694490064176],[10.485808574865171,42.961638166606825],[10.484510056187965,42.96601787018769],[10.485486843599109,42.97132255676094],[10.484936908742892,42.97929897677057],[10.483390909014043,42.98207450485853],[10.48328748772507,42.98236400043338],[10.482795321435782,42.98382916067118],[10.48316845043052,42.988101615597145],[10.485018535271871,42.99007669088957],[10.48525759346475,42.990325724391234],[10.494303615484677,42.99461130657831],[10.496357613344957,42.99457996418038],[10.499254327641278,42.99354443059074],[10.500008298260024,42.993116162571916],[10.50083002175505,42.99260562119483],[10.500946184829091,42.992499497841294],[10.500979634155085,42.99246850284631],[10.50100087288562,42.992343917289645],[10.501011303352007,42.99227159735026],[10.50097930669085,42.992198982050226],[10.500934594413392,42.99210041486208],[10.500843434205851,42.99201581378304],[10.500801302689627,42.991977205013555],[10.500768295111415,42.99194725993291],[10.500671874282862,42.991908132119555],[10.500637914673199,42.99189451002768],[10.500640916166928,42.99165354775492],[10.500764423859176,42.991422349497775],[10.500951263665748,42.991287077903365],[10.501038139712874,42.991234161211366],[10.50126713921056,42.9910946783006],[10.501888900836844,42.99075249621801],[10.502266932608778,42.99056528882864],[10.50236143008718,42.99051871407147],[10.502886872856317,42.990384177562724],[10.503343460858872,42.9902899080617],[10.503909005825397,42.99021719163951],[10.504079844977888,42.99021219804607],[10.50432882931701,42.990204919868354],[10.504693218651495,42.990214536042544],[10.504841277815508,42.990218443206075],[10.505316966405225,42.99026171367492],[10.505923190594752,42.99035126135857],[10.505988593576097,42.99036093367],[10.506466840985203,42.99048070627431],[10.506824273635846,42.99058405800646],[10.507138767569254,42.990675073747774],[10.507582272421898,42.99082395817195],[10.507776528408572,42.990898680534976],[10.508272622412658,42.991089507459776],[10.508395922439666,42.991146871443256],[10.508827868311174,42.991347829115476],[10.510444406592152,42.99236655800563],[10.510887359647558,42.992652207399175],[10.510947356551759,42.9926911339503],[10.510992822289262,42.99272095570532],[10.51120650991829,42.992861419569834],[10.51125467222037,42.992893194786106],[10.51133489306485,42.99295049594161],[10.511521370911966,42.99308427495264],[10.51154763607154,42.99310335334145],[10.511719279978054,42.9932280610456],[10.51177003605285,42.99327904879972],[10.51188358248197,42.99339328386878],[10.511907944749643,42.99341789469633],[10.512004671302256,42.99351578019263],[10.512112889610606,42.99362545602117],[10.512921882236926,42.99447472158289],[10.51314505272925,42.99474988546714],[10.513186018267161,42.994800423921596],[10.513206993233645,42.994826328231795],[10.513226206423678,42.99485007485473],[10.513245853594901,42.99487440915662],[10.513316639689052,42.99496227103035],[10.51494948964203,42.99723037949963],[10.515811929878582,42.99863721364333],[10.516062146828093,42.99908413774571],[10.51637500666474,42.999957959586254],[10.516474738315974,43.00027180553621],[10.516532782632314,43.000761796908066],[10.516545762849734,43.00091470756904],[10.516510732068962,43.0010099489119],[10.516041081562207,43.00197653345034],[10.515829806523175,43.00236512673242],[10.515753604987312,43.002471964858266],[10.515717284737272,43.002521782686046],[10.515534806604048,43.00258498239939],[10.512291484361487,43.00428252183475],[10.510586483169007,43.00590784123868],[10.510878397141639,43.01146624691567],[10.512007409603049,43.01334723843413],[10.514441355446671,43.01500579483268],[10.514676383651993,43.01511201092419],[10.514804323063377,43.015169829434946],[10.515221513960539,43.01527548056767],[10.51654102539006,43.01555654240604],[10.516790076162984,43.015516912264985],[10.51692207819906,43.01545696234813],[10.51719325930518,43.01538571281022],[10.517405307318905,43.01539652630479],[10.517439981362454,43.015405091146384],[10.517607264747257,43.0154474034049],[10.518319379311562,43.01588866794091],[10.519025582059145,43.01641057637809],[10.520061094718605,43.01742696804671],[10.520339802478336,43.0177010645837],[10.520653039221552,43.0180863588457],[10.521145628213514,43.018759670490375],[10.521452744048217,43.019205825582226],[10.521638815774411,43.01949150338531],[10.522048241141132,43.02054381276472],[10.529510495428248,43.04496390098688],[10.531250548049726,43.05104154400262],[10.531721935030575,43.05285820804514],[10.531808168280516,43.053251717013225],[10.532882899881821,43.058714640122176],[10.533464630188703,43.06172664014588],[10.533933320365186,43.06435995739107],[10.534252309884025,43.06647718736504],[10.534734969262308,43.069745043695235],[10.536571771951808,43.08394124214847],[10.53736295654513,43.09672890410074],[10.537934201120269,43.10408534159281],[10.538984471796779,43.11356559595361],[10.539408391636417,43.12066903390822],[10.539571356171503,43.12594128836414],[10.539777367587437,43.13413935993065],[10.539745061538403,43.14497914917636],[10.539687172109177,43.14660300200575],[10.539490256841024,43.15178327761625],[10.539093239162154,43.15917909293271],[10.538786565056208,43.164691817248894],[10.53867577816088,43.166480368054096],[10.538624738642635,43.167226475433225],[10.53843879958246,43.169617858355956],[10.537621242198387,43.17688607346818],[10.537437380098067,43.1785071078916],[10.536756920338934,43.18399777000224],[10.535626846971635,43.19235560970983],[10.535254313866272,43.19486637314907],[10.534090780381911,43.20216815442916],[10.532775283662602,43.2094010936045],[10.531692732470008,43.21518507133481],[10.530774718591113,43.21997437684417],[10.530324128157597,43.22214147817984],[10.528161014263688,43.23156758072596],[10.526966359974717,43.236143258983454],[10.52598463826839,43.23975813429105],[10.525105804254565,43.24238990835238],[10.524064744052911,43.24530570360064],[10.523389886869502,43.24708518302661],[10.522864706599172,43.2484460630262],[10.521676174064035,43.25140649147171],[10.521373583259072,43.252118483645724],[10.520969618609492,43.25295569704337],[10.52017739056327,43.254541952913556],[10.517054852876266,43.261131874988116],[10.513975214068315,43.26764573001851],[10.511344553453847,43.27338270429477],[10.511243209889436,43.27372944306922],[10.509963355740771,43.27653118714563],[10.509710641805704,43.277036287116736],[10.50889415824701,43.27866506473492],[10.508123841860698,43.280181185820766],[10.50692321215831,43.28254020094809],[10.50569717355501,43.28459885437513],[10.504581850233562,43.28643451374459],[10.50420059396747,43.28698669956002],[10.502884525325214,43.288852150248424],[10.50188812939771,43.2901866313283],[10.500501442156509,43.29182129970377],[10.492188699842721,43.29856609956663],[10.490940309545396,43.29956835921269],[10.488201710601423,43.301643596008006],[10.48234748665173,43.30565896023631],[10.481455346440322,43.30652593491977],[10.479358210077995,43.30848408055693],[10.479047212484781,43.30874285003921],[10.478744609216013,43.308978733441776],[10.478111579376536,43.30945039913186],[10.476593773569155,43.31054397241617],[10.47405927219798,43.312051131780514],[10.470395388562801,43.31415804527391],[10.470213344225172,43.31425889324337],[10.470105076034882,43.31431677522303],[10.470039424637003,43.314351767522226],[10.469548612471472,43.314603326318725],[10.469495706743226,43.31462876741344],[10.469304986827273,43.314705925847555],[10.467740380879292,43.31530150257996],[10.466635622063501,43.31591210369013],[10.46518847188132,43.316723582976934],[10.464725374722113,43.31700129922874],[10.462952754854042,43.31815687817881],[10.462858699840272,43.31828878670358],[10.462742174870241,43.31845990953286],[10.46267805536448,43.318761273471964],[10.462790982332944,43.31905991537614],[10.462064281653259,43.31893139350017],[10.459956630545097,43.3212094049172],[10.457182949564064,43.325404755034846],[10.455187827749064,43.32862669734063],[10.455135210563546,43.32892450929218],[10.455114483837184,43.329041829289196],[10.455256622354405,43.33073283333454],[10.455273885997654,43.330889640361356],[10.455390244387523,43.33193771155642],[10.455721873992129,43.33461914067631],[10.456055918158999,43.337307127170035],[10.456082735052565,43.33836698070016],[10.456097237382478,43.3390691324263],[10.456111953074775,43.33997440666402],[10.456003035048973,43.34097447195213],[10.455830103643343,43.341970076299035],[10.455307112741028,43.343329221348384],[10.455129814570492,43.343779333629286],[10.454786953024588,43.34464146445821],[10.454485553803009,43.34519456076738],[10.454199275072414,43.34570004873115],[10.45394097219968,43.34615594163566],[10.449753411631061,43.35285428161755],[10.44855551804738,43.35437513054637],[10.447430218014713,43.35487365897257],[10.446759986678765,43.355050315250615],[10.446539954252076,43.355065010794696],[10.446075379655344,43.355075272857704],[10.444221784327091,43.35421197445672],[10.442899863621024,43.357893326122024],[10.440826843565768,43.367127502483804],[10.440933412792763,43.36725555922117],[10.4410622822187,43.36754900032028],[10.441122395705516,43.36768714460808],[10.441219070037334,43.36790988307119],[10.44125047524337,43.367985354221204],[10.441265041375203,43.36802437643066],[10.441467438219737,43.368567953786496],[10.441460056491602,43.36877739597054],[10.441338185556095,43.369234659012065],[10.441225632025334,43.36957722873461],[10.440744863970293,43.37076059479092],[10.44044170754411,43.371363254821],[10.43729799737761,43.3774421670387],[10.437121374048935,43.37773282541049],[10.437082651632144,43.37778923706651],[10.436957190866382,43.377971423514474],[10.436912574721081,43.37803613643188],[10.436867499868873,43.37810113603055],[10.436846253117228,43.37813173229726],[10.436114537821348,43.37918380408563],[10.43588994570579,43.37947476040154],[10.4356679575498,43.379745424737955],[10.434801751155772,43.380703995344525],[10.434681864405665,43.38081355063517],[10.43451910354073,43.38096128897176],[10.434489930458435,43.38098759552266],[10.433816631600799,43.3815942669492],[10.4334521795031,43.38171364066172],[10.432940529982464,43.38187312634428],[10.427887199083772,43.39194906203054],[10.4261260296534,43.39681980229092],[10.426224345399708,43.39684498201219],[10.42652840779842,43.396922855215344],[10.42630808672435,43.39740057620417],[10.42549023562366,43.3991215780911],[10.419751427343435,43.402963500424974],[10.419344608365082,43.403126125430546],[10.418678156732314,43.403276213184384],[10.417368463592284,43.403513059259254],[10.409279838484489,43.40152414543678],[10.40498065667801,43.405192215068226],[10.402963538827597,43.41170447652335],[10.399852338967294,43.42235548452509],[10.394662579118789,43.428207187336845],[10.392441733907566,43.42875199723452],[10.389421129056837,43.43171510649102],[10.387666649109153,43.43395157476485],[10.38728270092641,43.43451607908373],[10.380410555243452,43.44673145899086],[10.379101626161091,43.448867180371785],[10.37865916188126,43.44855714689706],[10.376633703027236,43.448495655119494],[10.375603366429903,43.45004326608077],[10.375003328476067,43.45083384878446],[10.372406693190193,43.45351226859243],[10.367473581780597,43.45673183752416],[10.363676139044953,43.45896523229991],[10.354582237537334,43.463394561296525],[10.35353032547492,43.46384949503005],[10.35023368660842,43.4643575598338],[10.347958626855162,43.46469790836739],[10.347934712473457,43.46463443865051],[10.347829117661142,43.464375219419715],[10.34748493522566,43.46406027228916],[10.3474272256216,43.464045785732495],[10.347251373284152,43.46400247683681],[10.346942125297867,43.46392677989982],[10.345528855404623,43.46374533019966],[10.345299440236435,43.463753082196995],[10.345121224726615,43.46375913104957],[10.344800953340712,43.463798885862346],[10.34464043842121,43.46381881106287],[10.344591013234984,43.46382924386483],[10.344535996958493,43.463840968772686],[10.344283635664882,43.46389504066606],[10.343952546619398,43.46401598709323],[10.341649117339278,43.465034844043906],[10.340065212362923,43.46596974617663],[10.337236838719576,43.46797824049591],[10.331366042058152,43.47293309770058],[10.330446321020137,43.473835405573816],[10.329237197050597,43.47606907175299],[10.32922975766106,43.47632597888846],[10.329226688686802,43.47646347276147],[10.329339612568898,43.476688615541725],[10.329785091210562,43.47735174759326],[10.330501471678875,43.47802408734296],[10.33142448744343,43.48403469634086],[10.326170179451847,43.48974134854396],[10.321888176976508,43.49571317462431],[10.320428875673041,43.49982037233139],[10.31981660355094,43.50249894894709],[10.319019826338923,43.50710306522274],[10.318483871025457,43.50985689202667],[10.31551050207871,43.51505748228412],[10.312543176647896,43.520239103294536],[10.308167018907385,43.525528893164065],[10.30583667728278,43.528078847225565],[10.298962002297177,43.53682764217945],[10.295578797105144,43.54136584984002],[10.292500845980427,43.546953605944864],[10.294714343255789,43.54748078387834],[10.299881445147134,43.54622891656359],[10.303839209046487,43.54881227680102],[10.301151236126817,43.55127241682081],[10.29587961402589,43.553693644439925],[10.299592859351286,43.55991472793292],[10.303179207250224,43.56370165866151],[10.304089066679749,43.56439816468723],[10.30722585450035,43.56679399686395],[10.308165924590428,43.5675094850246],[10.312264793894515,43.570612564345936],[10.31450508102071,43.57230819252135],[10.316549011872535,43.574539894899736],[10.319385457743428,43.58276057859804],[10.319823407638266,43.58403347427315],[10.31992517571509,43.58432928051052],[10.318832468313008,43.58453977669256],[10.315648270585454,43.575600548659565],[10.315435653328514,43.575003552145006],[10.315137183799315,43.57448855607882],[10.314927122961743,43.57420317945947],[10.314535060271217,43.57375748931042],[10.314247157788438,43.57345836413191],[10.313883574986669,43.57308067066741],[10.313640861980305,43.57285836039936],[10.313240090811053,43.57253194355444],[10.311259974551996,43.57145401708232],[10.309375622594787,43.57110358265437],[10.3086724472589,43.57133566528809],[10.307067504994935,43.571875419439344],[10.306629902195095,43.57473022393085],[10.306494355926208,43.57563209562507],[10.30395820397639,43.57586621734911],[10.305273584175392,43.567294834529534],[10.305279141241584,43.56724796970262],[10.305103622675214,43.56651882134571],[10.303848824920896,43.56545213387806],[10.302967689324866,43.564805020991834],[10.299434061935393,43.56262541976818],[10.298142311023517,43.56191148967743],[10.294402695453604,43.56065024788389],[10.295648518649593,43.56869935895409],[10.29947718357012,43.57902150149618],[10.298982129524173,43.58145399213607],[10.2982295984825,43.581224485845986],[10.29569756264159,43.58511077096973],[10.295070243035282,43.58645956683987],[10.293650078527802,43.590131261106286],[10.293468431620163,43.59061502930955],[10.29305251799866,43.59187353755223],[10.292550683751156,43.59345940926982],[10.292272460546936,43.594351696352206],[10.29181255944015,43.59616218915879],[10.29137644196573,43.597927391656555],[10.290322501723539,43.602524557437825],[10.288951144415135,43.609527092892485],[10.288592003764846,43.61156828359048],[10.288280181426025,43.61365168030922],[10.288229258498093,43.61402366680924],[10.287746777434478,43.61769145317988],[10.287606716661577,43.61882302404698],[10.287482237275697,43.62024929723912],[10.287220363552839,43.624385047502905],[10.287275382512446,43.627398488770204],[10.287267074350531,43.62817066781805],[10.286867917079451,43.63458819716616],[10.286544221492834,43.63655694229729],[10.28559810217175,43.64218602023132],[10.285265774947536,43.64331749514714],[10.281207287223127,43.65609905237015],[10.280842078941678,43.65700353279918],[10.280383830866262,43.65805311641345],[10.27998515500841,43.658696857179216],[10.277974884231247,43.66170187382956],[10.271628591972233,43.671443034913715],[10.269709602352254,43.67690027590943],[10.273542038509495,43.6793494559868],[10.274601518198269,43.679388702947804],[10.27489336783316,43.67940152969458],[10.276854299234873,43.679488092159566],[10.277174864217326,43.67950924322454],[10.280244908184082,43.681419669862976],[10.280611035102835,43.681863508783685],[10.281447412728664,43.683416299055665],[10.281842614658453,43.68435051602398],[10.282000714108694,43.684783177366626],[10.282597009725315,43.68641968623382],[10.282827399786918,43.68849698357885],[10.282767273927336,43.69091518494842],[10.282723307934353,43.691229749450684],[10.282702675804943,43.69137735580339],[10.282452009168722,43.69286129703297],[10.280162527289443,43.7030613247335],[10.280042396953036,43.70353987107955],[10.27881765765926,43.70751975617058],[10.276919164350563,43.7136815697256],[10.27688277072059,43.73461571808385],[10.277031605876203,43.73475361345865],[10.277113974775785,43.7348314755919],[10.277251550354602,43.73516982983441],[10.2774111945006,43.73567000517491],[10.277551358999624,43.73612988080047],[10.277641680121574,43.73672761997596],[10.27759945937739,43.737515920207585],[10.277498969599073,43.73804601452811],[10.27741394180014,43.73842737283754],[10.275524267392157,43.74636952414804],[10.274532447482182,43.75049372594923],[10.273640932347252,43.75170498328556],[10.27399174075344,43.752176858180476],[10.273894004817656,43.753388110669604],[10.273190261537199,43.75871490307008],[10.271706120355343,43.763714985380034],[10.267403042709049,43.77955742693559],[10.265923165384487,43.785068477499735],[10.265262492478586,43.78850623686284],[10.263844005275834,43.79579675336453],[10.261844411710126,43.80162821896865],[10.257949014640054,43.81387989814069],[10.257885435528493,43.81569582326982],[10.255084375980031,43.820716830834876],[10.251993818968636,43.82745227004303],[10.251371042773243,43.82880933925931],[10.247849890241074,43.836709043004696],[10.238332919476237,43.85558330415208],[10.237875168804397,43.85775008883716],[10.242586972679327,43.861063065637154],[10.239762958096025,43.869651627536896],[10.239537277234302,43.87017178103917],[10.238555485203158,43.87219247099726],[10.238126065843034,43.872942169492056],[10.236458828468132,43.87552623592534],[10.235915834445317,43.87635368457327],[10.231220045737741,43.88283966389775],[10.228975192972184,43.885814741481624],[10.22741946874983,43.88780097659582],[10.209922476150048,43.910567042528804],[10.203117585744954,43.91850178261411],[10.199847635705991,43.92246542978419],[10.197648703677407,43.924900842250196],[10.190293637385043,43.93297724061128],[10.18981051530928,43.93349115725858],[10.187145558730341,43.93621564377007],[10.181487305646078,43.94199681452141],[10.18064959169191,43.94281150949912],[10.1778700826522,43.94543591046051],[10.171139799498258,43.95173866275571],[10.16514688956554,43.95719508191277],[10.158194013953112,43.96334105386709],[10.154451047619922,43.96656351367492],[10.150696418318542,43.96966766191057],[10.14957872331316,43.970588098347704],[10.143623046313436,43.975378547774135],[10.143494890700529,43.975469373733816],[10.143143886883387,43.97563324546987],[10.13690407826571,43.98014078447492],[10.129079699945882,43.98621013292127],[10.123375789399601,43.990560979646006],[10.115795243873892,43.99630514901608],[10.114173345181065,43.99744189834014],[10.11203753200892,43.99877945192516],[10.109733365714954,44.000123110559656],[10.109223614223941,44.000377904675716],[10.09407292547552,44.01024988158992],[10.09291969363988,44.011136497097155],[10.090782019849572,44.01258635106045],[10.088671965653418,44.01385569341451],[10.078260818711946,44.020045058507385],[10.068806299181782,44.02541884741077],[10.060305733904045,44.02932086956346],[10.056352168361082,44.03044830343168],[10.048042333914479,44.03181613727079],[10.035283164526133,44.034679165403084],[10.03325622884287,44.03617631319915],[10.030871873895673,44.03775993089989],[10.030062945262449,44.038253407127364],[10.02637922800191,44.040492375896406],[10.024478385332854,44.04154481942223],[10.022466124697031,44.04265449958442],[10.019445131596818,44.04426830564835],[10.019098043268189,44.04440870308495],[10.018772970142269,44.04447690754418],[10.026657182797488,44.05659202110596],[10.028991370493427,44.0596719698373],[10.034894738335563,44.06426109820706],[10.046337460544256,44.07102602573449],[10.059960245483524,44.07935450976679],[10.066365618767328,44.086635155717666],[10.068914056633657,44.08995794318848],[10.070407894993263,44.09235683741862],[10.070191016197475,44.09401255861568],[10.06915969593872,44.09713574065026],[10.068780579836226,44.09828269869192],[10.06602633425053,44.100703279079305],[10.059994374207323,44.10579671307906],[10.053607621685904,44.11007632042795],[10.052983270332414,44.110101056040556],[10.052505644837805,44.110119977170044],[10.052359005373628,44.110130689733474],[10.05173502142219,44.11017627395072],[10.051095963955989,44.110222989215075],[10.050942464140684,44.11030007768313],[10.050903160503834,44.110319816128126],[10.05043955230407,44.11055315246245],[10.04825741330004,44.11292302610163],[10.048163208270061,44.11310845508054],[10.047738127600505,44.11394515264996],[10.047717808387777,44.11401286181065],[10.047384560772496,44.11512331386591],[10.046141548049514,44.11547237169441],[10.038810057648597,44.117065272841124],[10.037371142287192,44.117591531692476],[10.036039008566965,44.117882720648076],[10.031814632646698,44.11863220776034],[10.030345130245053,44.11880733841307],[10.024478844625294,44.11932845657273],[10.02148126865923,44.11946552220219],[10.018610566860138,44.11924714229608],[10.011029934322826,44.11471709072745],[10.005605925254775,44.11087107517672],[10.003807836239,44.109473384248716],[10.003343703203816,44.109007149478586],[10.002981576914237,44.10864334172322],[10.002127617007922,44.10765147859572],[10.001925678976717,44.1072267809093],[10.00159482048222,44.10653074828587],[10.001532123595497,44.10633229811314],[9.998521690615776,44.10067854135479],[9.99751900738416,44.099003696186514],[9.994714056729473,44.09470941232279],[9.99341979783092,44.09284048303936],[9.993311108134403,44.09268425541913],[9.986715767040094,44.096869093437796],[9.989135324681998,44.10294849367304],[9.990759474259642,44.10371705853269],[9.992834378103458,44.104860603693936],[9.992916370367228,44.10490777692978],[9.993113581832127,44.1050212418881],[9.993450999459,44.105215372323535],[9.994072358121091,44.105759164733314],[9.99434766000628,44.10792654607645],[9.995079528346116,44.115725458238074],[9.993134407895848,44.12035252289693],[9.989843926257294,44.12098429660661],[9.986751525523777,44.12236741193489],[9.98543532073834,44.123246203573665],[9.983598092588613,44.124756568380846],[9.983281828483943,44.125281477038726],[9.983259271279477,44.1253345185822],[9.982970554721364,44.126013414297375],[9.977281823315728,44.14008018686704],[9.980427402809418,44.14506799877908],[9.976789613186497,44.15092353931242],[9.976709864076192,44.151104956536955],[9.97651288269708,44.15155679933647],[9.976414392143528,44.151782720145036],[9.976457992109134,44.152862726708555],[9.977210904651246,44.15605240793436],[9.97853571380479,44.161303386863565],[9.975656896751536,44.164103865876285],[9.974691178387813,44.1659703235409],[9.97334395603106,44.16710958929004],[9.96802970581568,44.168923906190685],[9.966170785833066,44.16920087723794],[9.96082585163074,44.16782346280385],[9.96024532906875,44.16750423146404],[9.960194048372493,44.16747530666599],[9.960150971747211,44.16745100806014],[9.959538829304577,44.16710564957321],[9.959394876655912,44.16700720396707],[9.959070431089991,44.16678484731257],[9.958778800139232,44.16658922663582],[9.95730467134052,44.165926354542094],[9.955025411927837,44.164973093172485],[9.954674089834157,44.16490400500765],[9.953569510489988,44.16538154905525],[9.953184913890617,44.165582673702644],[9.952722635999686,44.16585662367581],[9.950965889309693,44.166816591360735],[9.949341652489785,44.16765839086046],[9.9491072791181,44.1677166075324],[9.947886696186227,44.16784603380962],[9.944325113919275,44.16814128827449],[9.937190206139855,44.1678957891089],[9.933690227578989,44.167220191941176],[9.921841620418526,44.17001736351364],[9.91864665146479,44.16950470446035],[9.911817693952806,44.168317448454395],[9.906899751870013,44.16722022965134],[9.906175762551609,44.16698687140158],[9.902765434754482,44.16566617885115],[9.89785886995794,44.16359257925189]],[[10.480693083417579,44.189470197046305],[10.480802706560366,44.18949128634353],[10.481080265093958,44.18956875967382],[10.48139533762093,44.18967266690132],[10.481686649821155,44.18981293268562],[10.481782380596002,44.18990934849735],[10.481827849781096,44.18995515436767],[10.481847240777329,44.19014443825293],[10.481860979450715,44.19027883322428],[10.481801599739537,44.19040564637489],[10.481555465164421,44.19050787188688],[10.481289270586148,44.190448174855185],[10.48064449026983,44.19016856516327],[10.480425982379813,44.189937320993316],[10.480322085194361,44.189785614590946],[10.48031915599843,44.18966860929748],[10.480414941123719,44.18949631303732],[10.480626685271854,44.18945755673169],[10.480693083417579,44.189470197046305]]],[[[10.106779274964863,42.58451660101687],[10.10686403273102,42.584374044813686],[10.1070459421277,42.58402667289438],[10.107063580515023,42.583770998199164],[10.107089885974133,42.583370018081155],[10.107087885420459,42.58325069335364],[10.107052756974584,42.58315056538546],[10.106950911487653,42.58308541500781],[10.106774080591144,42.58307811780565],[10.106536846840102,42.583100671952785],[10.105724329625838,42.5833942167518],[10.105614233474492,42.583474633046634],[10.10548021384804,42.58362926831652],[10.105336723523916,42.58380343159321],[10.105311495697274,42.58392750112935],[10.105385868123667,42.58434328910662],[10.106019320371828,42.58450152601745],[10.106284384957453,42.5845233945003],[10.106461645844087,42.58453327740721],[10.106779274964863,42.58451660101687]]],[[[10.079652079118201,42.61935464916133],[10.082845086590797,42.61873220559206],[10.088787790417923,42.615845904467314],[10.089149562172441,42.615569285484035],[10.089566506751746,42.61485699376356],[10.088907117476756,42.614647040753624],[10.087747943921586,42.613932868640276],[10.08607678229152,42.61216672505883],[10.085262813517929,42.61128457833063],[10.086891206838866,42.60143711071009],[10.09373322843409,42.593273786502905],[10.098257105619258,42.58852962769469],[10.100305276799604,42.57678927397281],[10.099933369206738,42.5746945534659],[10.093269225942183,42.57090846813478],[10.087566551311749,42.56819579416144],[10.079202361421155,42.57123320389951],[10.067556878850205,42.572670978300806],[10.057011534505506,42.57372124716989],[10.0521341804565,42.5738691983245],[10.051961561092371,42.573929319995344],[10.049929296506056,42.57503500340983],[10.049583092477057,42.57523442618737],[10.04870559078924,42.575847589484155],[10.04853235046646,42.57597349689017],[10.047222123330302,42.577409136949065],[10.04693017774809,42.57783291541808],[10.045607230008025,42.58121669633885],[10.045574288476613,42.581433130102866],[10.04554405623865,42.581811638512896],[10.045536967176,42.581937781005074],[10.045537593387268,42.58306572024224],[10.045999770445324,42.58556279022371],[10.046188417833871,42.58577704490459],[10.053533843041373,42.588994763968074],[10.057553640121531,42.58903607342344],[10.059886655633685,42.587364596398544],[10.059992298832732,42.58730283205947],[10.060386858674306,42.58721302779845],[10.060715335793045,42.5871790681256],[10.063699010778556,42.586872232121756],[10.065977128764004,42.58722389502401],[10.07124656214065,42.58940450585539],[10.0730756643001,42.590526587113736],[10.074027925987254,42.59133041299419],[10.075064269146461,42.59259272282472],[10.07807875056065,42.59671368791959],[10.081451436182656,42.6014123825907],[10.08150110640741,42.60148812254212],[10.081670704689245,42.601779200080685],[10.082867402723709,42.60411926980508],[10.082614969543187,42.607736426044255],[10.079146056414617,42.617589797198484],[10.078902173209086,42.61758969077206],[10.078751854001462,42.61763922938684],[10.078693797222408,42.617666904420794],[10.07863876609972,42.617693482877314],[10.07857045515822,42.61779768907612],[10.0784727524506,42.61796520994596],[10.078544988959823,42.6180883553912],[10.079326626919624,42.61926532526124],[10.079352393312211,42.619300993948755],[10.079484065501532,42.619340425950426],[10.079652079118201,42.61935464916133]]],[[[10.080288600410892,42.6219667961078],[10.08025273724169,42.6218320519249],[10.080199637030043,42.62175825774088],[10.08015001918795,42.621733324539626],[10.080088313181491,42.62170279937264],[10.079977775408944,42.621681449217895],[10.07987554408211,42.62168944089321],[10.079726145143423,42.62170158734462],[10.079467735316497,42.62174264296037],[10.079407359959145,42.62177698268631],[10.079408526590539,42.621844512433846],[10.079442947829895,42.62189597001664],[10.079767678945226,42.62234093224823],[10.079823554859262,42.62239894074661],[10.079927666042865,42.62241568765492],[10.080147499353755,42.6224454172553],[10.080185995127733,42.622379764026626],[10.080288600410892,42.6219667961078]]],[[[10.26537231849995,42.74474394753268],[10.26048549407651,42.74415845368393],[10.260109055020498,42.74412659250241],[10.257429005767353,42.74394772533716],[10.251933804357634,42.745864223606134],[10.250072152023558,42.74655546214906],[10.246184557497399,42.748130224948746],[10.245234236015866,42.749629423574255],[10.245138322918194,42.74987361272734],[10.244885749059437,42.75007447752729],[10.24468867663529,42.75014866140089],[10.244457647108028,42.75020520424185],[10.243237321297265,42.750283747300934],[10.242637012075347,42.75020471361878],[10.242293516131097,42.75013639897397],[10.241036089260694,42.749733541170336],[10.240703646533966,42.74960656739374],[10.240540434864648,42.74954079665769],[10.238998747655558,42.74882130943079],[10.238560192124385,42.748580661454675],[10.238284935581198,42.74841028680568],[10.238012600175919,42.74823312681735],[10.237560403529839,42.747920579890085],[10.237181550579674,42.747609490107294],[10.23666860756151,42.7471602656436],[10.236231796833607,42.74669896031458],[10.235884715222893,42.74629521679791],[10.235727770156599,42.74608303230577],[10.235524243432705,42.74552465152734],[10.235446853106952,42.7451652771264],[10.235398869165442,42.74490239085283],[10.235403560820737,42.74467720891208],[10.235429610139152,42.743681847464465],[10.23543905278158,42.743542163926755],[10.235857090344904,42.739175671145986],[10.239418426577735,42.734316050528875],[10.24079752211154,42.73276595237312],[10.240515114142422,42.72774383460082],[10.24051080513251,42.72768084383223],[10.240423168094864,42.72757372982529],[10.239811237493035,42.727206637978504],[10.239034813729317,42.72685933247707],[10.2372314750932,42.726158407625036],[10.236789352281358,42.726037109304514],[10.23670405044494,42.72604703587333],[10.222161282801485,42.72875841260861],[10.213662522963384,42.7306709486472],[10.211641510933836,42.73155166266262],[10.210579949511388,42.73210009646126],[10.208344891149753,42.733282439928125],[10.20653536980677,42.73445990227579],[10.200054473332017,42.73550978075838],[10.187873646294722,42.735878986631455],[10.173392099969016,42.73433625147149],[10.162424358703234,42.7318979460917],[10.152231240741251,42.72997125715224],[10.140677046210408,42.73228737045327],[10.134338094938903,42.73481797359508],[10.122579993832327,42.74165447043125],[10.122151658900984,42.74195948077966],[10.11957893011544,42.745499330216525],[10.118350454274058,42.74725574915325],[10.117061961244486,42.75034812956954],[10.115073003344497,42.753908838975136],[10.109816363326747,42.7596084558931],[10.103747360234152,42.7679654588813],[10.103175501933428,42.783628890999026],[10.104663524027037,42.789004765935],[10.106721331048602,42.79134810351162],[10.10935581138541,42.79371799764275],[10.12502520437738,42.80349108710958],[10.136577497029686,42.80741581911685],[10.1406099854056,42.807558074472276],[10.158216497636154,42.808103986848316],[10.164507726043434,42.807871325273105],[10.168717353279678,42.807510999947695],[10.169803697037676,42.80626607258699],[10.17107445176079,42.80636126872269],[10.175958118967516,42.80721173099677],[10.178709462493591,42.80783181109591],[10.178933060281862,42.8092261241447],[10.180359875541338,42.81101164343329],[10.185173945377416,42.811394159701564],[10.19153233825034,42.809392053666045],[10.201141162630943,42.806317697215874],[10.206042195235616,42.807096900594786],[10.21242146699084,42.80121190993062],[10.222037676399522,42.7927261370235],[10.228668652315791,42.78938310059358],[10.23579978279585,42.78828295377848],[10.240848571813244,42.787480919908475],[10.240944202244048,42.787371821303324],[10.241102389990838,42.787334085734294],[10.241322235887692,42.787322697293966],[10.241517994155227,42.78732958013272],[10.241861514677668,42.78738889167213],[10.242304266248953,42.78751916585778],[10.243534201828284,42.78788403286928],[10.244075472371147,42.78804925119905],[10.244617285734215,42.7882414768305],[10.245394785514947,42.788602234686444],[10.247100295993409,42.78951120556349],[10.247627096700326,42.78986792445813],[10.248056154604532,42.79022795855805],[10.248513717633333,42.79063720818789],[10.248769655464407,42.790900069367254],[10.248945863821767,42.79115029269106],[10.249287512650199,42.79263467053916],[10.2493144525687,42.79306212232227],[10.249311668250519,42.793379585909236],[10.249205222308415,42.793558599157755],[10.248752561003302,42.79400253913117],[10.248476139606401,42.7942419394719],[10.248179116456555,42.794368999040906],[10.248036740799852,42.794415577266676],[10.24797867039554,42.79443421981593],[10.247829771743337,42.79444767374041],[10.247780338065992,42.794451971260216],[10.247731196663812,42.79444939366964],[10.247538570750235,42.79443901585646],[10.24735499797318,42.79427892321379],[10.247192194870346,42.794124977949686],[10.246311239686605,42.79466850694315],[10.246569077804212,42.79697177500709],[10.24690243441356,42.797658279970875],[10.247483282663405,42.798746341006684],[10.248232423754768,42.799454086677535],[10.250087135762206,42.8000124338271],[10.250440447912002,42.80009862725418],[10.255701380366927,42.80052732793587],[10.260236452212288,42.79878002765535],[10.261354943097796,42.79784711029735],[10.265218206623587,42.79960769387177],[10.26628499463314,42.80799320720112],[10.268467458988058,42.813203181624864],[10.268834684140586,42.81321712294435],[10.271204758965425,42.813677109500325],[10.271499723911386,42.81374587491373],[10.271820436220544,42.81387739003551],[10.272049975635465,42.81402950269084],[10.272092438601241,42.81405771069816],[10.27213985728693,42.8140893513438],[10.272167945378584,42.8141081753213],[10.272229319611055,42.814155228170335],[10.272463316225883,42.8143347995744],[10.272503203021499,42.81436542514104],[10.274815897246107,42.816939638011696],[10.275114344558853,42.81732578605219],[10.275209811128988,42.81750707727753],[10.275318182116472,42.81846491632095],[10.275267220598744,42.81866359664704],[10.27520338016945,42.81883090308196],[10.274976418467418,42.81939400013736],[10.274408540174258,42.81999244083268],[10.273241886211911,42.821155776102714],[10.269943562083565,42.824215909240344],[10.269714401837122,42.824376040956764],[10.269329528884802,42.82454915428913],[10.269071650217406,42.82465107023817],[10.268858944997708,42.82471871458047],[10.268462455011505,42.82477263670142],[10.267987876504048,42.82479095758379],[10.267948859173169,42.824792142537],[10.26713254089833,42.82464997940319],[10.26692916850333,42.82457568682566],[10.266391872083258,42.82430226214169],[10.266381340983363,42.82427455707183],[10.265727016139664,42.8241162133317],[10.26487401299482,42.82413014308224],[10.264372425383247,42.8241858658856],[10.263726627093659,42.82440621388052],[10.26331570301486,42.82461767304617],[10.263027996131415,42.82479213791703],[10.261738896270787,42.826672664366825],[10.261140718998684,42.8277891362927],[10.262402460993728,42.82970441643554],[10.263785116906748,42.82984856481574],[10.266701962682845,42.829175312351715],[10.266979813868415,42.82910263672802],[10.267200405461038,42.82887037658191],[10.269642713330192,42.825532868919964],[10.275799981725694,42.823905214028926],[10.281083436044764,42.823094423815405],[10.293572483220785,42.81937220601253],[10.297011606023462,42.818871783422665],[10.304017055075457,42.81901435866228],[10.316879623203315,42.819709831651366],[10.32882813006469,42.818002774844466],[10.32958698018753,42.812036932755035],[10.324000327666218,42.8123134111343],[10.314084042362488,42.80972600489199],[10.314475821289124,42.807146038880035],[10.315203269570864,42.80626868924769],[10.317641632701845,42.80460193353628],[10.32193631395791,42.80283907705413],[10.323821504866729,42.80206760484403],[10.337127407478512,42.79769850076256],[10.339499517457881,42.79684649618946],[10.339596475408998,42.79681364363737],[10.339712191980066,42.79677481447279],[10.340783643499586,42.79656816845199],[10.340832990613961,42.7965595227905],[10.34104565526435,42.796522661890776],[10.343471086824346,42.79649022046376],[10.34412939774303,42.79648900567985],[10.345133225773946,42.79654001275089],[10.345505544008809,42.796571018583194],[10.34557733533833,42.79657738806955],[10.34983793125212,42.79736447511411],[10.355819089404495,42.79899378751526],[10.358195371168557,42.799861860291124],[10.360781157084391,42.80254200899396],[10.361055635202106,42.80283466907201],[10.361467119358315,42.80337768202674],[10.361519430536918,42.80353239789024],[10.361700261551603,42.804262003657634],[10.36167388431328,42.804334971326284],[10.36164963245731,42.804400910366816],[10.361626487115737,42.804463103586635],[10.361612539490512,42.80449963966383],[10.361598669682614,42.80453543098421],[10.361470345278189,42.804634164547195],[10.360775331687503,42.80501358275257],[10.360362586467234,42.80933869548362],[10.362919202374089,42.810478820321855],[10.359380981897747,42.812830697861024],[10.362281237138472,42.81780669048098],[10.370959998533822,42.82095481283363],[10.379518049195726,42.82843208109353],[10.382809547571513,42.83312613208913],[10.388356189504476,42.84245416016215],[10.390500325897278,42.85130036608229],[10.394574812839606,42.85628462264416],[10.396210163187412,42.85787161213061],[10.403122712865795,42.86459086631101],[10.404032126515407,42.867042588966974],[10.407386809527146,42.87015765215865],[10.408756501290819,42.871337462252576],[10.41144241855027,42.87298932015785],[10.411751899294032,42.87313858929875],[10.41185872329179,42.87315891011325],[10.412329833969626,42.87324852540522],[10.412709469961845,42.87325284502459],[10.413557824307176,42.87287316730792],[10.420984278258576,42.86731517505559],[10.420863762339314,42.86526352742232],[10.420450937957584,42.86380983733896],[10.420391046107845,42.86333331497118],[10.420406556722465,42.861874308609416],[10.420420504884214,42.86141487915254],[10.420747252532879,42.860717438018675],[10.421240460076458,42.8598063103857],[10.421624091110033,42.85945485313894],[10.42181657581754,42.85930838184479],[10.423994596257929,42.8582097102357],[10.42958380868135,42.85695138453932],[10.434816451993342,42.85463465994091],[10.442206574270307,42.84815722238565],[10.440918380931262,42.841176526076865],[10.435454943244684,42.831411642026666],[10.432504188888458,42.82708114574922],[10.432073593627369,42.82644717294392],[10.431358128047044,42.824601075320345],[10.428623559547145,42.816134393368735],[10.429664065831062,42.80789078954807],[10.434281118344677,42.802862358474755],[10.432957314803016,42.794924066137604],[10.432947560654425,42.78641756557517],[10.435089956623354,42.78124879902226],[10.435120174567274,42.78096926047955],[10.434516410610534,42.77652828668381],[10.434205871139566,42.775784749972864],[10.434070700906513,42.775489273450326],[10.4337116199276,42.77502550239967],[10.433425362747016,42.77480395771334],[10.431529986467533,42.774773640164554],[10.423321448586146,42.77342614707912],[10.42036037924091,42.77276051587921],[10.418863921996367,42.7719782866885],[10.410836904844004,42.76738197966708],[10.398828269883788,42.7637682928649],[10.395106445608995,42.76348050415481],[10.388081606414715,42.761404638143716],[10.387477107190048,42.76115081400297],[10.38673460362315,42.76073656524096],[10.38605535248563,42.760306913324676],[10.385883853578576,42.75998819483159],[10.38575800515436,42.759550715156415],[10.38571094995524,42.75934788641699],[10.385785282676961,42.75926672204869],[10.386502063494067,42.758528624299466],[10.386724117663286,42.758348083192],[10.386958838427562,42.758187649162934],[10.3872335586751,42.75807400948498],[10.387470547361096,42.75798108638992],[10.390336853587982,42.758019974888896],[10.39050591325584,42.75802683361594],[10.39055456105726,42.75802892100757],[10.390775580758351,42.75809180941553],[10.391048536884593,42.75827535110588],[10.394797564534727,42.75802037360538],[10.40236646652481,42.75686306083316],[10.409703736247316,42.753855292913514],[10.40846193191341,42.751691924814374],[10.407215152780912,42.74999117340608],[10.406313094300607,42.74914000837032],[10.406193435159263,42.74898163617506],[10.406159978176616,42.74869839996246],[10.406164376795777,42.748619973985704],[10.406172512163268,42.74848038065169],[10.40617990876654,42.748357725393426],[10.40619812374751,42.748283928649805],[10.406244221744805,42.748102323284],[10.40625542216904,42.74805939719018],[10.406337838721774,42.74776416570433],[10.406400486818447,42.74760129778485],[10.4064528084019,42.74748358752401],[10.406546558005475,42.747306835001275],[10.406639720190967,42.747208730850396],[10.40826686131513,42.74584384857746],[10.411015070720183,42.74379158741699],[10.41126917057801,42.74368264493353],[10.411355199919955,42.74366302024847],[10.411466780631002,42.743637710701364],[10.412704107921076,42.74338578917617],[10.414842809686156,42.74323243369411],[10.42332205363953,42.74195200054879],[10.43090298015077,42.73578193257648],[10.433077930650631,42.73211671313285],[10.434341004048536,42.72585180692371],[10.434660267647795,42.72158134244072],[10.434360822887488,42.71758595519482],[10.432010484120617,42.713106814483446],[10.431663015906643,42.71260011187088],[10.431551281726861,42.712520461752746],[10.430629531745852,42.71199842015914],[10.423927627890347,42.708353778330235],[10.423259523230602,42.708105433673246],[10.422191969205933,42.70774272773505],[10.42006454345257,42.70772643298371],[10.41903555658103,42.708518559376486],[10.41612548151266,42.71108906471716],[10.414600541985852,42.71351573208614],[10.413318907086188,42.71563559508746],[10.411159894217962,42.71635306323731],[10.410132387510311,42.716435590785906],[10.409802271856465,42.71642952159918],[10.409695664928833,42.71642745968436],[10.408445593389809,42.71601901045305],[10.403429133953718,42.714377232831964],[10.398171621451635,42.71213365823893],[10.39326775255177,42.71221636996328],[10.382330191032706,42.71540737094897],[10.377052935519089,42.719357370403685],[10.374091054438667,42.726815520986435],[10.37168793385072,42.73236003788232],[10.368242643145539,42.73539099250762],[10.360633634087497,42.745797137612925],[10.357011786793068,42.75202041389188],[10.35706558843807,42.75361998092747],[10.35744356814842,42.755284344030144],[10.358075351688225,42.75705249800113],[10.358200723762653,42.75817665993509],[10.358152242290172,42.758334825407125],[10.357352452650515,42.75927321056473],[10.357150351192159,42.75946334974794],[10.35690682597895,42.75964408807035],[10.35662930765468,42.75980721898357],[10.356121271156383,42.760047372114656],[10.355017701272091,42.76043865437682],[10.354371908550348,42.760666922823525],[10.34485642650216,42.763876322673795],[10.344764347583823,42.76390387058112],[10.344626871584097,42.76394483805711],[10.344379507984748,42.76397702050481],[10.342748292417898,42.764135741475776],[10.341765424929799,42.76418103271116],[10.340105247850802,42.764130684760055],[10.339735435235132,42.7641098047308],[10.335704205005001,42.76364629981114],[10.32351358168769,42.76222995808697],[10.322475399797865,42.76211588027546],[10.322074150708378,42.7620687343451],[10.321143070527723,42.76181833226795],[10.320323722493354,42.76150584688955],[10.31969376362545,42.76119117303882],[10.318816298433333,42.76058667777198],[10.318501779794905,42.760306635320724],[10.318177003007865,42.75997493152357],[10.318036737703189,42.75969963560895],[10.317924870258551,42.75932270506325],[10.317911174626898,42.759108989087856],[10.318073727267963,42.758706383985974],[10.321144002133927,42.75292819625526],[10.323334568335328,42.74894011510991],[10.323500586751882,42.74873720632854],[10.324261077435143,42.74773399086444],[10.325258132978712,42.746022916959326],[10.325623163156237,42.74518795481142],[10.325686730495072,42.744928319261035],[10.325643923893072,42.74403941716964],[10.3254565434299,42.74215287089199],[10.32536821456062,42.74202106592435],[10.322029827030132,42.73739494604545],[10.321426955299536,42.73695614513731],[10.319510996942642,42.7360191805242],[10.31930380208097,42.73604182974922],[10.318956026654314,42.736096093681546],[10.318564188635316,42.73616066260728],[10.318112822575742,42.73633470771242],[10.318049512567434,42.73639750645782],[10.317986246397421,42.736460477565295],[10.317963854137343,42.73648298561609],[10.317559731879756,42.73689714640022],[10.317461783750993,42.73703110079958],[10.316998382445126,42.73777743163074],[10.315957048956887,42.739610304127595],[10.314926112937838,42.742485900591944],[10.314242598296074,42.74494963970676],[10.312766567533286,42.75695280437958],[10.31273710361211,42.75714900531203],[10.312608163284297,42.75755346722352],[10.312460243669603,42.75778254436966],[10.312257534894336,42.75802125360099],[10.312107760563455,42.75816255092043],[10.311855322438051,42.75836130638088],[10.3115263819069,42.758554184479046],[10.311151621443619,42.75874758539553],[10.31075547870441,42.75894123074792],[10.310254818909904,42.75910455133156],[10.309835960883992,42.75923541644191],[10.308846536134359,42.75940207035535],[10.307618620404286,42.75956018283179],[10.306996835825764,42.75963031863623],[10.305919365005252,42.75967863220113],[10.305311761575155,42.75969681764596],[10.304019861653758,42.759718291231046],[10.302712592432917,42.759735422447804],[10.30179549626009,42.759709832081256],[10.300131737441065,42.75948109124082],[10.29939100105164,42.75926887159531],[10.29505041371236,42.75666826214321],[10.294892299032947,42.75655748502755],[10.293177238938672,42.75517880666728],[10.292236186314799,42.75429115766316],[10.291494370402283,42.75358136064449],[10.29100379135349,42.75305333507194],[10.290837482442003,42.75284133594344],[10.290650841131667,42.7525327596814],[10.28994156337191,42.750886041567576],[10.289068026238635,42.7472082381609],[10.289054999881282,42.747150504092346],[10.288983983178559,42.7468309514225],[10.288873045032613,42.74604943086896],[10.288938812282215,42.74583639226706],[10.289002590749917,42.74567132837675],[10.289040467057081,42.74561012608564],[10.289117910688333,42.74548767451128],[10.289228240276374,42.74534836301934],[10.289687185973522,42.74480587165695],[10.289837229746214,42.74464686433016],[10.289881555998363,42.74460883360885],[10.290055749678677,42.74446177236617],[10.290229065367617,42.74306523018131],[10.290087669089313,42.73981470955453],[10.289953755983271,42.73884140054197],[10.288675151330724,42.73694218110134],[10.28856210735996,42.73679261583048],[10.288333666900837,42.736579392467426],[10.287955163879177,42.736254796473936],[10.287153123291121,42.73570290869076],[10.287032255767466,42.73562344530122],[10.283388118112974,42.73528284851608],[10.272961437015093,42.73766725948699],[10.269911910601076,42.73789248018452],[10.266364387597676,42.7421619821585],[10.26537231849995,42.74474394753268]]],[[[10.413087108095846,42.709600687826715],[10.413014714010833,42.70959967467362],[10.41295282903867,42.70960615662077],[10.412873115398238,42.709624295260326],[10.412806321034346,42.70964227446115],[10.41275270652527,42.70967152779443],[10.412733461732605,42.70973466740276],[10.412721968781293,42.709797712279915],[10.4127190908964,42.709898772220996],[10.412774996565796,42.70997051597697],[10.412922552300888,42.710094499925496],[10.412987886766338,42.710126097673495],[10.413068205086018,42.71013463787188],[10.413104338186095,42.71013228558472],[10.413145422630597,42.71012034185218],[10.413149811888529,42.710085977402294],[10.413160225574423,42.70967647673135],[10.413144516129496,42.70962475938727],[10.413087108095846,42.709600687826715]]],[[[10.361103727792727,42.71320593066737],[10.3609686475683,42.71317151472221],[10.360895592827651,42.71318138823202],[10.360946788090327,42.713288842972],[10.36097218904848,42.713333567784126],[10.361009403929975,42.7133601415157],[10.361120658861907,42.713421855696495],[10.361229282601547,42.71347341240691],[10.361268735504913,42.71349213741635],[10.361329187096935,42.71346440371625],[10.361351833109298,42.71338308649109],[10.361289215657452,42.71331178905553],[10.361103727792727,42.71320593066737]]],[[[10.361025154167946,42.713522048573736],[10.360926544998161,42.71349662501367],[10.360636841474,42.71363472602359],[10.360700638807607,42.71376004180678],[10.360973410137328,42.71396208787002],[10.361060196734245,42.71400791660362],[10.361146051494838,42.714024906855535],[10.361279165675358,42.71396929260373],[10.361339420892634,42.71393255499822],[10.36128802882014,42.71381609745212],[10.361025154167946,42.713522048573736]]],[[[10.406130017770431,42.71326595533446],[10.406033530104573,42.7132508566145],[10.406063301313123,42.71335882150646],[10.406113080532792,42.7135290421565],[10.406403066401488,42.713561033285956],[10.406480347185418,42.713569557764565],[10.406449830644037,42.71329977560583],[10.406397180825833,42.71330042221284],[10.406194503390358,42.71327607976741],[10.406130017770431,42.71326595533446]]],[[[10.37329145807536,42.71616401507883],[10.373180981776644,42.716138324766746],[10.373132542436094,42.71615691624747],[10.373199345496907,42.716417267029236],[10.373261450803358,42.716452617453086],[10.37332223003595,42.71645181474786],[10.373392505280071,42.7163158929559],[10.373340493046408,42.71617243237199],[10.37329145807536,42.71616401507883]]],[[[10.373352887011787,42.71791412014385],[10.373408773978637,42.71789725742846],[10.373536478774875,42.717774154798036],[10.373797235742519,42.71751437696755],[10.373807756730967,42.717437706383336],[10.373533886130966,42.716625637558835],[10.37330483968464,42.71650719263356],[10.372953705897755,42.71636731857157],[10.372410700156243,42.71638733536827],[10.37221163232389,42.71649778390884],[10.372016521720283,42.71734211345626],[10.372015552302482,42.717436680099404],[10.372090795908917,42.717581416334156],[10.372699639892186,42.71786073416244],[10.37304441785628,42.71797436889574],[10.373165977346353,42.71796320541292],[10.373284422656901,42.717934770010274],[10.373352887011787,42.71791412014385]]],[[[10.374155707798865,42.719095065389126],[10.374367307607255,42.71901363134664],[10.374519380139587,42.71895488170754],[10.374769074526313,42.71880397287639],[10.374880571312143,42.71873509528398],[10.375272746319137,42.71824410230558],[10.375312635840379,42.71783838724744],[10.375196180958465,42.71780101424416],[10.374906745410101,42.71770818215257],[10.37380523409022,42.718153653714936],[10.373636288579787,42.718245733592276],[10.373536007658764,42.71830183107868],[10.373455331607971,42.71834696170348],[10.373015495343598,42.7188925509726],[10.373171309802805,42.718962724402346],[10.37338584308472,42.7190589248301],[10.374155707798865,42.719095065389126]]],[[[10.319979748033806,42.73450540142384],[10.320051160244502,42.734272693141214],[10.32003951791112,42.734155759125564],[10.320004643421465,42.73409537613885],[10.319946108287082,42.734071286236166],[10.319073514429105,42.73411060723846],[10.318976860752214,42.73416124888446],[10.31912899817831,42.734711067622726],[10.319214297640867,42.7348451638407],[10.319297037061153,42.73491737793661],[10.319500730007054,42.73495893195598],[10.319979748033806,42.73450540142384]]],[[[9.79760763077078,43.03158838503617],[9.797169018347404,43.03154191370739],[9.796359733937052,43.03160776432743],[9.796287740954133,43.03161843549666],[9.796197405804993,43.031631973546006],[9.796053568178305,43.03166223943814],[9.79600277309169,43.03176840035803],[9.79599234661246,43.03191142602077],[9.795991249100588,43.03206243184119],[9.796013652127703,43.032135274877575],[9.79610727631231,43.03225618994065],[9.796232051332304,43.03241290720977],[9.79626723117919,43.032424645366184],[9.796410808266463,43.03247244697687],[9.796607190384393,43.03247108017942],[9.796738639167561,43.032431893965835],[9.797583938639118,43.03206580953205],[9.797943974036189,43.03190571445629],[9.797995262900653,43.03183781949696],[9.797994561716264,43.03178379541385],[9.797910927293243,43.031723594946655],[9.79760763077078,43.03158838503617]]],[[[9.825725602504791,43.07268679305507],[9.82666317747227,43.07230407144332],[9.829534423333511,43.070491330153885],[9.837148891893086,43.06214785885588],[9.836020591088001,43.05610390168852],[9.836748803401251,43.05073168506766],[9.844660730896067,43.05106076595953],[9.8469669935228,43.04577586674812],[9.846608531247297,43.044052908568574],[9.845142868329358,43.03944991597012],[9.842846465880672,43.03396905117989],[9.838714741818276,43.02672376220165],[9.834276931734651,43.02439691357899],[9.827832393207107,43.01998177558066],[9.822997829245054,43.01645519773267],[9.816814064059292,43.0097859913073],[9.816400659498218,43.00933452297707],[9.816998298934973,43.008393745171865],[9.817587377591876,43.00768265040581],[9.8171835778474,43.00660944414709],[9.811691807627069,43.00304964266382],[9.799861622224705,43.01133334128874],[9.793173698101825,43.0206009361561],[9.794776854547695,43.02550840251396],[9.79643310579237,43.02590245873524],[9.796776897487025,43.02668355187701],[9.79837857032951,43.0318522456577],[9.799207581108202,43.03529483377266],[9.799979823713874,43.043356233403124],[9.800855398775614,43.05285701127314],[9.81079586794785,43.060823855690636],[9.814880358720815,43.06443482637034],[9.817087651545787,43.06694813239913],[9.817570242603804,43.06747213888486],[9.81846233691438,43.06800017591815],[9.819083407658464,43.068292891773496],[9.820822132166786,43.06904359372505],[9.822037052736068,43.069426582995696],[9.823413825082646,43.07049006331776],[9.824380749606252,43.07160864921052],[9.824782182234944,43.072405442296386],[9.82526629864059,43.07271937237293],[9.82562463628061,43.072771482461306],[9.825725602504791,43.07268679305507]]],[[[9.901799380445757,43.43933326185424],[9.908070224648078,43.4355963876449],[9.908375511795212,43.43529682235612],[9.90850692273795,43.43502596962392],[9.908929127139974,43.43347356252332],[9.908949443178074,43.43335184241704],[9.90751471240996,43.42673103126038],[9.90574450206405,43.424256892469515],[9.901666635559529,43.41992108863886],[9.901504616975458,43.41985933641898],[9.901095299998934,43.4197815224557],[9.895625967526843,43.42096353561354],[9.88976090302846,43.423012265209934],[9.88967156345177,43.42305645229343],[9.889168055502731,43.42354253319653],[9.889064840811667,43.423675312635886],[9.888992041539113,43.42388377938147],[9.888738948292938,43.42503735826262],[9.888658101807177,43.42566243965132],[9.889006450019737,43.42790765023018],[9.889210981329578,43.42854747866713],[9.891008016809002,43.43328595638247],[9.891915580826975,43.43517427892835],[9.892489743606054,43.43626831862074],[9.892527201789129,43.4362950392684],[9.892602644589402,43.4363484773175],[9.892751827171466,43.43641034216209],[9.892927327313132,43.43643602896588],[9.893706381170917,43.436447321099465],[9.89413601590775,43.43643589178217],[9.894322909337012,43.436290012316014],[9.89575378431466,43.43535587463243],[9.89814676899314,43.43528758171321],[9.89888858992061,43.435291707813576],[9.901384836954273,43.43572131721714],[9.901685473758455,43.43596206408587],[9.90160712388418,43.436406884822894],[9.901315686865571,43.4377531814784],[9.901799380445757,43.43933326185424]]],[[[10.21909853945737,43.546025554937046],[10.21858219100322,43.54613620132291],[10.218606778848548,43.54625914170478],[10.21863136666944,43.54636978785298],[10.218705131150577,43.54641896355552],[10.218877247296671,43.54643125780506],[10.219073950866187,43.54640666984129],[10.219184597054692,43.5462591413895],[10.2191845976832,43.546099319142655],[10.21909853945737,43.546025554937046]]],[[[10.219363351472062,43.54787228300108],[10.218928819319341,43.547822894217575],[10.218774912641443,43.54815768394067],[10.218951985694178,43.54839890623044],[10.219336565928227,43.548385798909266],[10.219551373918438,43.54818980372411],[10.219616143254603,43.548130705725555],[10.219548793904067,43.54806185572481],[10.219363351472062,43.54787228300108]]],[[[10.231366650397241,42.78908491415481],[10.231283630969994,42.78908491451663],[10.23111759245743,42.7891886889645],[10.23103457255641,42.78927170773646],[10.230951553980647,42.78941699239697],[10.231055327725535,42.78956227611009],[10.231242121661307,42.78956227580399],[10.231594953148223,42.78941699236975],[10.23157419918825,42.789126424078425],[10.231366650397241,42.78908491415481]]],[[[10.493165603197824,42.932103359828915],[10.493065242343754,42.93206990633096],[10.492931427900807,42.93212008696403],[10.492630345131222,42.932262264606464],[10.492563438153297,42.93231244478771],[10.492647072443678,42.93239607915428],[10.492764159135064,42.932488075906875],[10.493749483899531,42.932976445027336],[10.493839024098712,42.93301004815542],[10.49397006383185,42.93304745621046],[10.494105546555524,42.93302395502733],[10.49418105335413,42.932966464906436],[10.49413755904957,42.93288010324422],[10.49406988627872,42.9327723246021],[10.493165603197824,42.932103359828915]]],[[[10.313468621056153,42.35099504960274],[10.314727858480861,42.350287756015405],[10.325621914348197,42.34395278897477],[10.328268306974882,42.33774866278937],[10.329114202755052,42.33425360131442],[10.330314181535337,42.32524735030139],[10.329867211948162,42.322032943875506],[10.326217547382273,42.31987328772977],[10.324087918536852,42.3201680783488],[10.31727325262221,42.316500139492575],[10.316752660297723,42.31495710985458],[10.308438559162333,42.314600707168125],[10.29692242396229,42.31583299253827],[10.296517120210071,42.31602549731198],[10.29401246562636,42.31726508400531],[10.292387957721857,42.31882341165421],[10.29065355131685,42.32109441657988],[10.290107323693846,42.32242442708567],[10.288853383691395,42.326243508138546],[10.29172520072367,42.33866435530547],[10.292428645334587,42.34189402676792],[10.293759441892986,42.34507608744603],[10.294668840978579,42.3462050584411],[10.298436260269812,42.35004138355048],[10.300352603684496,42.35083018648774],[10.302807375627198,42.35064471307559],[10.303056302329985,42.350587558588224],[10.303278539640608,42.35053128785719],[10.30358886788525,42.350419689681125],[10.304800442121804,42.3498565513042],[10.30583748189696,42.349367434573615],[10.307259427699767,42.349139302192086],[10.311881192767444,42.35089223649253],[10.31208316336868,42.35097098892565],[10.312372572448217,42.351021699875574],[10.31283680900593,42.351050218741236],[10.313468621056153,42.35099504960274]]],[[[10.064450719366318,42.35859021869859],[10.064696116882304,42.35843843659888],[10.064700176671323,42.35834467390255],[10.06465034092495,42.35828238050146],[10.064578704710552,42.35822631720285],[10.06449460855136,42.358188940735914],[10.064341989842813,42.358157793975714],[10.064192485215763,42.35818582597124],[10.063871674232725,42.358276151322755],[10.063856101387278,42.358360247565],[10.06390282168569,42.35854712801187],[10.063937083235999,42.35860630611354],[10.064178586048312,42.35879197213291],[10.064450719366318,42.35859021869859]]],[[[10.331143618759556,42.82829382640572],[10.331073342559579,42.828161824392566],[10.330995395852998,42.82811209902758],[10.33089760692672,42.82808047504341],[10.330398408138073,42.82806571292271],[10.33000434776217,42.82820105200203],[10.331022591802128,42.829002289089786],[10.331063747932653,42.829034571413096],[10.331136563204895,42.82896206254497],[10.331217425746305,42.82874947645305],[10.331239907748072,42.82868152405232],[10.331304603009398,42.828418037734714],[10.33131905408856,42.828356581381016],[10.331143618759556,42.82829382640572]]],[[[10.433967669837056,42.78955156660895],[10.433618428055386,42.789531022733584],[10.433412992001879,42.78963374082251],[10.433207555877274,42.79000352576549],[10.433166469453003,42.79018841793444],[10.433330818249908,42.790434941019534],[10.433556797956824,42.79059928970472],[10.434296367133447,42.79096907499375],[10.434481258519757,42.790845813433414],[10.43448125893025,42.79068146405342],[10.434255279440526,42.78975700271949],[10.434152561223957,42.78961319763205],[10.433967669837056,42.78955156660895]]],[[[10.549613103579574,42.86056731451277],[10.549774335065306,42.86034000706318],[10.549825928684355,42.86026726805995],[10.549751460230732,42.85973698224221],[10.54956574209731,42.85916317795428],[10.548209857225947,42.85633594767835],[10.547097861067284,42.855918742406004],[10.546621349634647,42.855952196783534],[10.546130729082966,42.85667604748342],[10.54589165243189,42.85749225731862],[10.545853529225395,42.85769098353923],[10.545824259536856,42.85785401207307],[10.547981380828798,42.860418297801644],[10.548018540305765,42.86043580540352],[10.54805178755399,42.860449927769366],[10.548306186992656,42.860557984103885],[10.549135656490913,42.86056477184267],[10.549278736248986,42.8605655342407],[10.549613103579574,42.86056731451277]]],[[[10.476608827840817,42.8666654293857],[10.4765764111367,42.8663326625191],[10.47654485319811,42.86603590394409],[10.476400400524216,42.86563435420438],[10.476242969226863,42.865364422317555],[10.476221953995758,42.865328673932915],[10.475958097894376,42.86508894110112],[10.47567169536719,42.864840493225216],[10.474359950649493,42.86373177098449],[10.47407345725442,42.86368478721946],[10.474003563083215,42.863673325072575],[10.473477993642135,42.8637521320747],[10.473241203315636,42.863815098704286],[10.4724327031982,42.86582322542945],[10.473541382603402,42.86637177270843],[10.475584688838245,42.86684072613418],[10.476061760774291,42.866825570331606],[10.476608827840817,42.8666654293857]]],[[[10.475622404079122,42.868578045078465],[10.47564649886285,42.868412775078525],[10.47553350483156,42.86778666280726],[10.475395585331393,42.867810586702916],[10.474857426908443,42.86831316359503],[10.474889309395275,42.86836678233593],[10.474961717518912,42.868451397544014],[10.47549763863979,42.868930191040086],[10.47563149794528,42.868665562496616],[10.475622404079122,42.868578045078465]]],[[[10.424147452272603,42.870715779506035],[10.423970101231397,42.87045684110226],[10.422917133739194,42.87047957019459],[10.422814387069169,42.870588293290226],[10.422702610148729,42.870706731546754],[10.422592293271254,42.87083417284054],[10.42249992135233,42.870943380863025],[10.422603737833912,42.87106590970676],[10.422957727446422,42.871286634260564],[10.42318658424743,42.871389597982976],[10.42334189940744,42.87143719483114],[10.423405862993892,42.8714546906042],[10.423451561859975,42.87145164504513],[10.423635604630666,42.87143354248153],[10.423814624276906,42.87141555703218],[10.423910522155763,42.87133213968177],[10.423943348704132,42.87130342746955],[10.423973443706943,42.87126437987493],[10.424033590100557,42.87118455262608],[10.42406187284841,42.87114666759588],[10.42419647973469,42.87084382155747],[10.424147452272603,42.870715779506035]]],[[[12.224258787733152,43.80985927727829],[12.224520078207462,43.80989349618755],[12.225063407155766,43.80988265091088],[12.227123841744598,43.8094022059991],[12.229788211866474,43.808681164538335],[12.229992130725044,43.808601119103606],[12.231215489381452,43.80788789073829],[12.232508599118264,43.807056758114264],[12.233380174024601,43.806100143093914],[12.234864658823852,43.80441512764296],[12.237090121107762,43.80123825600127],[12.240246053105087,43.79060016548385],[12.239521818373746,43.786518210992476],[12.238234866665932,43.78685339676522],[12.23805992738857,43.78688058201376],[12.237350044451459,43.78699082828357],[12.237261474514547,43.78700378702336],[12.236254130147017,43.78713616158758],[12.235806841382315,43.78718910816912],[12.2341157791758,43.78723912388218],[12.230736752271941,43.78668649617537],[12.21899267740936,43.78393054843453],[12.2124353079389,43.78170633741799],[12.200319657043321,43.774455630843434],[12.199347774966586,43.77037554544793],[12.197457516293426,43.77073010433396],[12.187734075964636,43.773738964808715],[12.18467710490757,43.77674130586581],[12.184575991820806,43.78036340479387],[12.18452447296133,43.78079699505124],[12.184189013282856,43.78149959585096],[12.183273711328505,43.78251546883164],[12.178340210761284,43.78743359212225],[12.177846088349682,43.78775345379211],[12.177386448934762,43.78799132539143],[12.177269736236944,43.78802528250956],[12.176359903147704,43.788289985069625],[12.170106831178495,43.80363860726407],[12.169755043524868,43.80462521762354],[12.169796215681092,43.805344327473165],[12.169935276204036,43.80597518881044],[12.17005240955426,43.80642659600031],[12.170233280068905,43.80680750893598],[12.170300171140553,43.80692262777257],[12.170460103775895,43.80715933272803],[12.170534115450016,43.80726677380753],[12.170699879717075,43.807502499876584],[12.170914930092684,43.807748615992345],[12.171070700006867,43.80787800918396],[12.171099494246498,43.80790186927084],[12.171146002013764,43.80794022052428],[12.174986500805366,43.80986383209756],[12.175856180742228,43.81028971048909],[12.176541372322829,43.81054074810401],[12.176355210333936,43.81111312941539],[12.176366380322746,43.811301880866424],[12.177179895495046,43.81165963204035],[12.177235282112209,43.811678347960445],[12.177470797433957,43.8116357807642],[12.17860743894152,43.81091539979212],[12.183544240556246,43.807370154691455],[12.188948872688151,43.80465465250645],[12.191488702295027,43.805348772887456],[12.193982414427346,43.80572701792665],[12.198221721967975,43.806151916348824],[12.200011732909083,43.80606236484581],[12.201396991041657,43.805930122432486],[12.207653008675877,43.80526966868372],[12.210739212250534,43.80459639986634],[12.211052852122611,43.80444690478435],[12.212307616413737,43.803998547095084],[12.21366205483294,43.80351494313718],[12.214975342778443,43.80310368561017],[12.217275232847904,43.80275132137163],[12.217442020530493,43.8027574718842],[12.217770565013783,43.80277453531711],[12.218027808886943,43.80278975595545],[12.218301285812684,43.80296323517112],[12.21854788569097,43.803139482733314],[12.218693124451779,43.80324497712869],[12.220522646139433,43.80471360248035],[12.222486893096933,43.8073422156738],[12.224258787733152,43.80985927727829]]],[[[11.311454643940767,42.379736246524864],[11.311441471390715,42.37969384921168],[11.311394314566463,42.37954747858522],[11.311354462194666,42.37952724046063],[11.31130900484504,42.37952724061984],[11.311264171525943,42.379547789277325],[11.31078445331554,42.380039107551575],[11.310628376439379,42.38025323762329],[11.310605535316089,42.38030684890398],[11.310613150080533,42.38034079245651],[11.310721641657038,42.380560632559686],[11.311144323443092,42.380863782852096],[11.31124451074808,42.38090298697289],[11.311478858121388,42.38095030926829],[11.311571845379293,42.38086153060139],[11.311468638488725,42.37984450166862],[11.311454643940767,42.379736246524864]]],[[[10.712653380621148,42.79767361056675],[10.71341919684789,42.797085829761244],[10.712322475906223,42.79633681208626],[10.71223790855367,42.79637409732949],[10.711703020216813,42.79693140245983],[10.711644386655736,42.79702232917638],[10.711598473509781,42.797131075871825],[10.711520605632833,42.79741139618725],[10.711447613118043,42.797872059720476],[10.711449741053261,42.79795275677742],[10.711495038254586,42.79825825008467],[10.711520973700395,42.79831189200754],[10.711607281246128,42.798337616935605],[10.712653380621148,42.79767361056675]]],[[[10.900558297098797,42.55621598821678],[10.900445374096728,42.5562119056052],[10.900366650615156,42.556272777617366],[10.900361307723486,42.55636221654155],[10.900410891668209,42.55640309055086],[10.900532230059213,42.55641894766296],[10.900773099505761,42.5563911246361],[10.900778803304568,42.5563135928972],[10.900760165727617,42.556230508923214],[10.900558297098797,42.55621598821678]]],[[[10.895446844065999,42.56304926120892],[10.895298828122426,42.56277247869914],[10.895221694452614,42.56276474057606],[10.895136844978389,42.56276614621687],[10.895105726953657,42.56279201472354],[10.895043647028922,42.56284424352236],[10.894896679149912,42.56298981584286],[10.894741373939404,42.56314652232063],[10.894454806449291,42.56390180338172],[10.894439368943585,42.56403072266956],[10.894441380233598,42.56441668220433],[10.8946744213868,42.56444856821031],[10.89487500666662,42.564366621781915],[10.894939848738606,42.56427262469284],[10.895437273091924,42.563125715636495],[10.895446844065999,42.56304926120892]]],[[[10.88393393696547,42.57595455220309],[10.88388131009178,42.575585649484594],[10.88186455360969,42.57568435021022],[10.881358906464325,42.5757853872483],[10.881249588028723,42.57583452832702],[10.881145826339797,42.575901646359895],[10.88030553387655,42.57701565569447],[10.880236214096861,42.57728365245768],[10.88024050839398,42.57742654173551],[10.880710540532698,42.57761896874953],[10.881192605274356,42.57778260515069],[10.881643736002017,42.57777519508406],[10.882182514104615,42.57768056718357],[10.882892281463016,42.577268613737154],[10.88294953655001,42.577211184752414],[10.883091709194344,42.577068577643395],[10.883365730644925,42.576717582039976],[10.88393393696547,42.57595455220309]]],[[[11.109861463466752,42.263398146238515],[11.112618577411297,42.26145242964996],[11.1153016514169,42.25822823346314],[11.116821260174982,42.255784430369914],[11.116955943830767,42.25549601262208],[11.117072608594173,42.25514835857065],[11.117493564267301,42.2538300694993],[11.117487985855007,42.25366337944065],[11.117459606193636,42.25329457661336],[11.117322471923737,42.252470599591476],[11.117084846648675,42.252252099391356],[11.116632479573841,42.252058904303446],[11.116167714300364,42.25206748410535],[11.115384307827632,42.2526180621768],[11.115204725123295,42.25300261632799],[11.112273850620447,42.25455778944503],[11.10919914773241,42.25551113820894],[11.108723296467671,42.255448501198195],[11.108476911948909,42.25536505104233],[11.107863732030829,42.25513635977381],[11.105465893730456,42.253976765593436],[11.103205560316418,42.251043690752816],[11.10221133683373,42.248238961080936],[11.102144018470863,42.247911490628425],[11.102099294111058,42.247693924600995],[11.102129064803407,42.24713052785833],[11.102175711822241,42.24701034810014],[11.10251984654291,42.246123738814326],[11.103006285373532,42.24589868229363],[11.104170090437632,42.24599665292097],[11.105876332622417,42.245913541325095],[11.107673745086595,42.245279612919646],[11.11129814940379,42.24385059976442],[11.111700053101737,42.24339257130048],[11.111960773536618,42.243095431621114],[11.112102495026491,42.24252996992943],[11.112148431787222,42.24187396528391],[11.112157901337412,42.241738707307086],[11.112139533282852,42.24055255607095],[11.112042160489922,42.24035847793406],[11.109873992211618,42.23831359902187],[11.109386329233788,42.23821745963727],[11.099048949410019,42.2414257850772],[11.098336559433937,42.24170092915982],[11.09753763846315,42.24275204992597],[11.097170809989455,42.243294882192444],[11.092732758884333,42.2522735316334],[11.101164792304683,42.25833777271401],[11.1015174117535,42.25833130940926],[11.102404100741325,42.25846993166124],[11.103906199759969,42.25878787510183],[11.10423032823348,42.25888914959446],[11.109061754502171,42.260932933460644],[11.10919942933569,42.26114645815586],[11.109046579737738,42.26246175818349],[11.109861463466752,42.263398146238515]]],[[[10.882639963455208,42.3498045502239],[10.882747695022267,42.349762048982214],[10.882794951159271,42.34948219277008],[10.882666622327674,42.34917372159288],[10.882424157451544,42.349285770900124],[10.88220190239685,42.34977121909384],[10.88224962454109,42.34984473211602],[10.882514344860349,42.349904244695814],[10.882639963455208,42.3498045502239]]],[[[10.92931751051482,42.35603916958924],[10.92941866627848,42.355972176900174],[10.929470251294845,42.3557731865129],[10.929303464144569,42.35558012262083],[10.929168458393985,42.35553286500832],[10.929074613604458,42.35554119874809],[10.928694334836974,42.355711950316454],[10.92851339627181,42.35585007753043],[10.928403607907182,42.35605669022922],[10.928384234575889,42.35609314946295],[10.928528704576538,42.35633806095762],[10.928687626356771,42.35648156616176],[10.928765543750464,42.35649035119325],[10.928814263735427,42.35649141799586],[10.928867784054416,42.35647472234497],[10.928992381696341,42.35642512704354],[10.92905702806575,42.35636355903078],[10.92931751051482,42.35603916958924]]],[[[10.886903977100776,42.38936352244198],[10.889812335468573,42.388691818632466],[10.906931741687139,42.38035054795734],[10.909095579374837,42.37499675722939],[10.912189949851657,42.3709039354447],[10.913763245528752,42.36907893533883],[10.917332050540235,42.36797002719105],[10.92183694987109,42.35968601867135],[10.92369263275254,42.35553709877458],[10.922183917587306,42.35012739457924],[10.92289824621091,42.3438206816576],[10.92888610545928,42.340149360219876],[10.931630434679162,42.338693771571215],[10.931453802544377,42.333122294818025],[10.931296060781005,42.33183490282846],[10.930893391996491,42.32978165862196],[10.929340729784377,42.325716870007305],[10.929255328908269,42.32552708190813],[10.920862559408725,42.31812584231876],[10.915644700177296,42.32142591072827],[10.904895369656723,42.3259322452688],[10.896757532934055,42.3341966431142],[10.891867954928983,42.33870856535584],[10.888988114174687,42.341953047490925],[10.885646801276168,42.346724743126494],[10.885344918101012,42.34785224760848],[10.882941194995452,42.350947813576944],[10.87986968948678,42.35249647451511],[10.873002131750122,42.35262810262244],[10.868224130756222,42.3534596202149],[10.866778851893676,42.354341631055135],[10.865397005100604,42.360498245980274],[10.865675222699966,42.364436842988944],[10.868357094225027,42.36774601816605],[10.87046408879786,42.367574276494445],[10.874837361990904,42.365596246976004],[10.875692604693228,42.36542155370799],[10.877203913472089,42.365299998457715],[10.879480017299944,42.36618801816577],[10.880540934591183,42.366742468535435],[10.880809302971802,42.366884404726264],[10.88158733608778,42.367623598822824],[10.881684261775343,42.36802275468974],[10.883532720401341,42.37653866128074],[10.880791219790646,42.38143542214855],[10.880991980718983,42.387141637183426],[10.880747426499696,42.38739330307882],[10.880413661945884,42.38791209489824],[10.880196194811347,42.388359185297766],[10.880173876531428,42.38883234123185],[10.881050872579507,42.38890575406125],[10.883873454997108,42.388891349063336],[10.88446152146778,42.38893626579155],[10.884931076464172,42.38897257955876],[10.885049625783344,42.38927099537277],[10.885244310836987,42.38947379525528],[10.88578829142683,42.38991081197239],[10.886047531862896,42.38994707029017],[10.886609802006108,42.38965639339394],[10.886903977100776,42.38936352244198]]],[[[11.131175704294874,42.37804986124895],[11.13116770653327,42.37798908962828],[11.13064742187287,42.37670288619794],[11.130600154117237,42.37664015108907],[11.130509398343726,42.37665118697111],[11.130468855167699,42.37666733829738],[11.130417000253875,42.37668868894145],[11.129951870854365,42.377222836967675],[11.129726351457819,42.37750359601468],[11.129656314442135,42.377738337082555],[11.131017244152128,42.3783839426553],[11.131102442204506,42.37838911153692],[11.131209375520637,42.378312448484564],[11.13120374095483,42.37826706833332],[11.131175704294874,42.37804986124895]]],[[[11.210325998536954,42.38255006090442],[11.211611523772774,42.38176904737859],[11.213351401098825,42.3798261047406],[11.21193695514194,42.379402921042654],[11.20948968230006,42.38089166917296],[11.209396239955236,42.38097391915276],[11.20935373231396,42.381021795758855],[11.209238494191709,42.3811756781867],[11.209225950286958,42.38121023886949],[11.209211970881839,42.38124889318375],[11.209202457767075,42.381275425615186],[11.209184430322004,42.38136583391012],[11.20911733129193,42.381790379746576],[11.20910531438029,42.38188066494792],[11.209185086851242,42.38250062966493],[11.20922704711585,42.38266114242915],[11.209249832037615,42.382680388155265],[11.209301447572233,42.38272300369827],[11.210325998536954,42.38255006090442]]],[[[11.08185030999139,42.41798500095195],[11.08058856686286,42.41805294509445],[11.080260917516568,42.418164262298006],[11.080225004107461,42.41817661598166],[11.08038790796487,42.418416803320206],[11.080677459160265,42.41862767531461],[11.081683249173519,42.41899663894062],[11.082007816368632,42.419071790352376],[11.082395615307039,42.41903772799173],[11.08244077261849,42.41901889640744],[11.082732478777785,42.41889724682951],[11.08185030999139,42.41798500095195]]]]},"properties":{"reg_name":"Toscana","reg_istat_code_num":9,"reg_iso_3166_2":"IT-52","reg_istat_code":"09"}}]}